OBJECT_NAME,OBJECT_ID,EPOCH,MEAN_MOTION,ECCENTRICITY,INCLINATION,RA_OF_ASC_NODE,ARG_OF_PERICENTER,MEAN_ANOMALY,EPHEMERIS_TYPE,CLASSIFICATION_TYPE,NORAD_CAT_ID,ELEMENT_SET_NO,REV_AT_EPOCH,BSTAR,MEAN_MOTION_DOT,MEAN_MOTION_DDOT
FENGYUN 1C,1999-025A,2026-08-17T03:52:06.272544,14.27152542,.00139487,98.8617,303.4904,86.3728,273.9047,0,U,25730,999,40665,.49133777E-3,.1155E-4,0
FENGYUN 1C DEB,1999-025X,2026-08-17T12:57:19.668672,12.96877409,.05648169,99.2061,252.8251,349.9096,163.0581,0,U,29733,999,92331,.13515118E-2,.776E-5,0
FENGYUN 1C DEB,1999-025Y,2026-08-17T15:45:05.203872,12.91997284,.06047377,99.1674,124.1355,162.6183,231.2886,0,U,29734,999,91749,.19958748E-2,.119E-4,0
FENGYUN 1C DEB,1999-025Z,2026-08-17T14:14:05.156736,12.75884142,.07052389,99.3846,108.3616,345.8813,12.3438,0,U,29735,999,90575,.61245282E-3,.335E-5,0
FENGYUN 1C DEB,1999-025AA,2026-08-17T08:23:55.226400,12.57759010,.07243628,99.4360,6.6922,27.3539,1.0851,0,U,29736,999,89657,-.26228401E-3,-.151E-5,0
FENGYUN 1C DEB,1999-025AB,2026-08-16T17:08:09.827232,12.66315638,.07013553,99.5762,148.2788,324.3182,57.7353,0,U,29737,999,89994,-.76570644E-3,-.421E-5,0
FENGYUN 1C DEB,1999-025AC,2026-08-17T14:39:52.892640,12.62470076,.08549834,99.4189,356.8220,115.6087,253.5829,0,U,29738,999,89343,.43760841E-3,.305E-5,0
FENGYUN 1C DEB,1999-025AE,2026-08-17T08:45:18.302688,12.08715591,.09740794,99.0662,15.5087,64.6042,305.2594,0,U,29740,999,85926,-.17412927E-2,-.696E-5,0
FENGYUN 1C DEB,1999-025AF,2026-08-17T10:47:52.799424,12.01673452,.10242436,99.1867,38.6568,297.3171,77.3621,0,U,29741,999,55158,.16176128E-2,.61E-5,0
FENGYUN 1C DEB,1999-025AN,2026-08-16T08:50:12.511104,11.93172773,.07063281,100.0079,102.1672,287.6392,64.8767,0,U,29748,999,81671,-.52077774E-1,-.7869E-4,0
FENGYUN 1C DEB,1999-025AQ,2026-08-17T13:25:42.319776,14.09844230,.00350535,98.7318,256.5710,321.0330,201.1173,0,U,29750,999,553,.10366903E-3,.14E-5,0
FENGYUN 1C DEB,1999-025AR,2026-08-17T13:27:34.896384,14.23808883,.00898712,98.5195,255.0073,136.9082,14.2496,0,U,29751,999,1598,.79399139E-4,.148E-5,0
FENGYUN 1C DEB,1999-025AU,2026-08-17T12:41:36.178944,14.19971750,.00345573,98.8929,338.1238,248.9524,171.9095,0,U,29754,999,856,.5055581E-3,.1036E-4,0
FENGYUN 1C DEB,1999-025AY,2026-08-17T14:39:56.080800,14.44540327,.00180203,98.8651,0.0528,292.3926,132.8980,0,U,29758,999,1247,.10319476E-2,.3527E-4,0
FENGYUN 1C DEB,1999-025BA,2026-08-17T11:51:54.522720,14.08450603,.01300832,98.7682,229.7414,194.1822,165.5683,0,U,29760,999,579,.14689874E-3,.229E-5,0
FENGYUN 1C DEB,1999-025BC,2026-08-17T10:02:46.728960,14.22918803,.02031063,98.6033,211.3602,335.8860,179.0970,0,U,29762,999,1465,.15472744E-3,.382E-5,0
FENGYUN 1C DEB,1999-025BD,2026-08-17T09:58:01.164000,14.08059771,.01265874,98.7869,207.0166,202.1233,312.2080,0,U,29763,999,536,.11262146E-3,.163E-5,0
FENGYUN 1C DEB,1999-025BF,2026-08-17T12:49:45.937344,14.02200105,.00596955,98.8162,244.7929,120.4981,31.2462,0,U,29765,999,214,-.14706586E-3,-.271E-5,0
FENGYUN 1C DEB,1999-025BG,2026-08-17T14:58:29.601408,13.97839120,.01453225,98.6974,171.1077,320.2018,216.6115,0,U,29766,999,99266,.52691406E-3,.774E-5,0
FENGYUN 1C DEB,1999-025BH,2026-08-17T14:00:53.688672,14.05351384,.03272341,98.2144,180.1311,73.6995,342.7034,0,U,29767,999,99079,.9762009E-3,.2524E-4,0
FENGYUN 1C DEB,1999-025BK,2026-08-17T03:50:32.223552,14.14617392,.00936989,99.0902,295.8581,152.2097,208.4127,0,U,29769,999,174,.72000185E-3,.1398E-4,0
FENGYUN 1C DEB,1999-025BL,2026-08-16T16:33:01.440000,14.21531364,.00597208,98.8349,309.3213,282.7977,232.5748,0,U,29770,999,590,.70245032E-3,.1521E-4,0
FENGYUN 1C DEB,1999-025BM,2026-08-17T08:14:41.997696,15.10175500,.00202651,99.6130,133.5139,50.7887,309.5131,0,U,29771,999,36813,.39566032E-2,.65379E-3,0
FENGYUN 1C DEB,1999-025BN,2026-08-17T12:09:07.272288,14.03958378,.01356998,98.3758,64.5381,309.1382,78.3117,0,U,29772,999,99731,.41239209E-3,.667E-5,0
FENGYUN 1C DEB,1999-025BP,2026-08-17T10:27:40.732704,14.27990472,.00461192,99.0179,35.5365,295.0178,92.2303,0,U,29773,999,1731,.17013264E-3,.379E-5,0
FENGYUN 1C DEB,1999-025BQ,2026-08-17T08:23:58.477632,14.22929354,.00508728,99.1009,182.5540,134.4324,27.2815,0,U,29774,999,1597,.893355E-4,.157E-5,0
FENGYUN 1C DEB,1999-025BS,2026-08-17T01:39:54.523584,14.07899866,.00225776,98.7498,253.4457,294.7707,88.2382,0,U,29776,999,560,.15361359E-3,.218E-5,0
FENGYUN 1C DEB,1999-025BT,2026-08-17T09:48:36.256608,13.92185942,.00919158,99.2506,291.1212,260.1688,162.3887,0,U,29777,999,99487,.12380751E-3,.118E-5,0
FENGYUN 1C DEB,1999-025BV,2026-08-17T11:30:57.919392,14.13655427,.0063071,98.6727,238.3041,176.9139,183.2435,0,U,29779,999,913,.11518356E-3,.179E-5,0
FENGYUN 1C DEB,1999-025BW,2026-08-16T18:21:16.182432,14.22650948,.0039571,99.2799,167.4475,145.6336,214.7411,0,U,29780,999,586,.8509059E-3,.1871E-4,0
FENGYUN 1C DEB,1999-025BX,2026-08-17T05:58:41.083104,14.05710238,.00708123,98.8237,221.7014,198.6042,174.1764,0,U,29781,999,118,.24461001E-3,.365E-5,0
FENGYUN 1C DEB,1999-025BY,2026-08-17T10:08:07.181376,14.12629345,.00534103,99.0836,291.4616,225.0219,199.6399,0,U,29782,999,166,.53552312E-3,.959E-5,0
FENGYUN 1C DEB,1999-025CA,2026-08-17T06:06:06.178752,14.31155117,.00584809,98.9496,160.3233,296.7909,222.8470,0,U,29784,999,1896,.23501713E-3,.584E-5,0
FENGYUN 1C DEB,1999-025CC,2026-08-17T00:15:01.227168,14.09224761,.00769978,98.7244,243.5911,323.9753,63.6113,0,U,29786,999,642,.37137674E-4,.23E-6,0
FENGYUN 1C DEB,1999-025CE,2026-08-17T04:21:26.242272,14.27577248,.00419859,98.7701,306.5025,187.4117,201.7455,0,U,29788,999,885,.79415302E-3,.1928E-4,0
FENGYUN 1C DEB,1999-025CF,2026-08-17T04:47:43.677312,13.54880513,.0296542,99.4645,46.7691,13.8833,40.3840,0,U,29789,999,96338,.74266767E-3,.634E-5,0
FENGYUN 1C DEB,1999-025CG,2026-08-17T11:27:50.846112,14.32666164,.00762001,99.1520,242.1913,177.4215,182.7375,0,U,29790,999,2073,.12804703E-3,.311E-5,0
FENGYUN 1C DEB,1999-025CH,2026-08-17T13:51:30.659616,14.61342332,.00388139,99.0306,257.1998,29.8118,121.1623,0,U,29791,999,2462,.66347162E-3,.3258E-4,0
FENGYUN 1C DEB,1999-025CJ,2026-08-17T14:17:32.795808,14.16119377,.00493156,98.7374,280.5488,48.3341,312.2039,0,U,29792,999,447,.48026207E-3,.917E-5,0
FENGYUN 1C DEB,1999-025CK,2026-08-17T09:31:52.068288,14.01901666,.01399947,98.3732,32.7109,359.7623,29.2808,0,U,29793,999,99618,.56897607E-3,.904E-5,0
FENGYUN 1C DEB,1999-025CL,2026-08-17T09:21:15.550848,14.09599537,.01563871,98.2293,11.4600,49.5220,335.3865,0,U,29794,999,325,.26299638E-3,.478E-5,0
FENGYUN 1C DEB,1999-025CM,2026-08-16T20:24:28.645056,13.93012371,.01109303,98.9022,353.3922,319.3865,172.1612,0,U,29795,999,99505,.70937161E-4,.54E-6,0
FENGYUN 1C DEB,1999-025CN,2026-08-17T14:20:52.448928,14.12907048,.00506023,98.8402,283.5215,285.9903,232.2782,0,U,29796,999,558,.34090261E-3,.598E-5,0
FENGYUN 1C DEB,1999-025CQ,2026-08-17T03:32:54.048192,14.00497046,.01038901,99.2941,301.9143,316.3337,72.4650,0,U,29798,999,99387,.56354162E-3,.829E-5,0
FENGYUN 1C DEB,1999-025CS,2026-08-17T12:00:03.101760,13.99836724,.01291577,98.2815,232.6285,249.6487,263.7526,0,U,29800,999,99041,.81056952E-3,.1239E-4,0
FENGYUN 1C DEB,1999-025CT,2026-08-17T12:34:37.761888,14.36124999,.01023489,98.7786,140.4049,256.0745,285.5590,0,U,29801,999,2496,.69375903E-4,.166E-5,0
FENGYUN 1C DEB,1999-025CU,2026-08-17T07:18:06.191712,14.69225039,.00314033,98.6316,355.8432,287.0096,102.8920,0,U,29802,999,2099,.12512461E-2,.7378E-4,0
FENGYUN 1C DEB,1999-025CW,2026-08-16T23:12:47.483136,14.04381291,.00974488,98.8041,234.6934,329.8084,96.7966,0,U,29804,999,359,.11951938E-3,.155E-5,0
FENGYUN 1C DEB,1999-025CX,2026-08-17T01:49:39.509472,13.72728250,.01874325,99.4214,281.7419,305.9154,52.4725,0,U,29805,999,98096,.84130303E-4,.42E-6,0
FENGYUN 1C DEB,1999-025CY,2026-08-17T12:23:50.651808,14.12433587,.00270631,98.7031,243.2472,267.8172,253.6772,0,U,29806,999,632,.26528652E-3,.448E-5,0
FENGYUN 1C DEB,1999-025CZ,2026-08-17T10:40:31.393056,14.08851438,.00796992,98.7580,232.0052,352.6122,7.3868,0,U,29807,999,578,.1624822E-3,.246E-5,0
FENGYUN 1C DEB,1999-025DB,2026-08-17T10:53:10.991616,14.47070496,.01147766,98.8886,209.8911,327.9429,196.0738,0,U,29809,999,3049,.13267665E-3,.469E-5,0
FENGYUN 1C DEB,1999-025DC,2026-08-17T02:28:46.744320,14.29437685,.00666669,99.1755,284.2987,25.6790,4.4283,0,U,29810,999,1908,.11502727E-3,.252E-5,0
FENGYUN 1C DEB,1999-025DE,2026-08-17T10:29:17.841120,14.02823673,.01424653,98.3605,42.9198,347.8536,40.8642,0,U,29812,999,99644,.42531597E-3,.68E-5,0
FENGYUN 1C DEB,1999-025DF,2026-08-17T12:11:35.111328,14.09517144,.00114342,98.7132,246.5464,241.7282,273.6116,0,U,29813,999,750,.94015558E-4,.122E-5,0
FENGYUN 1C DEB,1999-025DH,2026-08-17T11:51:09.065952,14.65575776,.01796164,98.0527,237.9639,73.5152,288.5703,0,U,29815,999,3478,.34919626E-3,.2352E-4,0
FENGYUN 1C DEB,1999-025DJ,2026-08-17T02:57:48.496608,14.46436770,.02317529,98.9643,108.6732,159.0780,359.2082,0,U,29816,999,1760,.34094154E-3,.1652E-4,0
FENGYUN 1C DEB,1999-025DK,2026-08-17T09:45:07.370784,14.14554729,.00129144,98.5771,213.5996,28.4725,128.5583,0,U,29817,999,894,.16732177E-3,.279E-5,0
FENGYUN 1C DEB,1999-025DL,2026-08-17T04:32:12.488352,14.04658577,.01154895,98.6881,101.4643,50.6137,71.2281,0,U,29818,999,278,.10984541E-3,.145E-5,0
FENGYUN 1C DEB,1999-025DM,2026-08-17T10:13:20.080704,14.02434117,.01918423,98.7559,208.4306,93.9954,56.5180,0,U,29819,999,92,.43514122E-4,.38E-6,0
FENGYUN 1C DEB,1999-025DN,2026-08-17T11:50:50.375040,14.02951963,.00708277,98.8321,234.1638,266.8992,255.4252,0,U,29820,999,29,.19274777E-3,.262E-5,0
FENGYUN 1C DEB,1999-025DP,2026-08-17T02:39:05.161824,14.12091907,.0372716,98.8431,286.5690,138.8881,256.7967,0,U,29821,999,1,.41142863E-3,.141E-4,0
FENGYUN 1C DEB,1999-025DV,2026-08-17T11:22:15.240864,14.22010863,.0024791,98.6192,219.7978,325.1796,187.3715,0,U,29827,999,1373,.15916973E-3,.31E-5,0
FENGYUN 1C DEB,1999-025DW,2026-08-17T14:40:13.357344,14.08743799,.00618462,98.7489,272.9289,175.5364,336.3035,0,U,29828,999,219,.1839937E-3,.28E-5,0
FENGYUN 1C DEB,1999-025EA,2026-08-17T14:22:33.062592,14.57004484,.01909949,98.8457,0.8528,247.0231,111.0716,0,U,29832,999,3864,.72816103E-4,.352E-5,0
FENGYUN 1C DEB,1999-025EB,2026-08-17T00:35:40.199712,14.96613127,.00812188,99.0789,254.7925,181.9875,178.1032,0,U,29833,999,4264,.51234463E-3,.6162E-4,0
FENGYUN 1C DEB,1999-025ED,2026-08-17T08:43:26.824224,14.43559155,.01672662,99.0615,18.0840,23.0217,7.1337,0,U,29835,999,3065,.34162303E-4,.79E-6,0
FENGYUN 1C DEB,1999-025EE,2026-08-16T05:39:33.592608,14.55101970,.01530912,98.1877,324.1038,159.5689,230.5239,0,U,29836,999,67139,.26720923E-3,.1298E-4,0
FENGYUN 1C DEB,1999-025EK,2026-08-17T15:44:03.988608,14.47219877,.01978741,98.8470,192.6425,309.6502,226.8914,0,U,29841,999,2905,.16864021E-3,.725E-5,0
FENGYUN 1C DEB,1999-025EL,2026-08-17T12:36:27.705024,14.62803703,.01053949,98.5661,330.9103,118.5458,9.7272,0,U,29842,999,2967,.63172052E-3,.3437E-4,0
FENGYUN 1C DEB,1999-025EM,2026-08-17T12:43:32.075040,14.28929481,.01908307,99.0186,81.7347,293.0402,94.6164,0,U,29843,999,1810,.14794279E-3,.4E-5,0
FENGYUN 1C DEB,1999-025EN,2026-08-17T04:11:14.402400,14.32666679,.01666192,98.9227,143.0102,164.0031,196.6505,0,U,29844,999,1884,.17835946E-3,.515E-5,0
FENGYUN 1C DEB,1999-025EP,2026-08-17T11:54:19.220256,14.26967037,.0077934,98.5286,228.5190,125.1762,25.8507,0,U,29845,999,1641,.17595501E-3,.4E-5,0
FENGYUN 1C DEB,1999-025EQ,2026-08-17T02:24:29.541024,14.19227188,.00836866,98.6238,269.7252,311.2425,73.3989,0,U,29846,999,1366,.62203605E-4,.91E-6,0
FENGYUN 1C DEB,1999-025ER,2026-08-17T11:35:31.017696,14.03158751,.00860052,98.9152,225.2291,68.6331,81.9322,0,U,29847,999,210,-.44920274E-4,-.115E-5,0
FENGYUN 1C DEB,1999-025ES,2026-08-17T04:12:32.458752,14.21728109,.01141859,98.2297,84.3742,291.4978,187.5002,0,U,29848,999,616,.53753777E-3,.1222E-4,0
FENGYUN 1C DEB,1999-025ET,2026-08-17T04:55:40.417824,14.05682174,.00815774,99.0029,316.8809,75.2356,314.7616,0,U,29849,999,99846,.45793535E-3,.725E-5,0
FENGYUN 1C DEB,1999-025EU,2026-08-17T04:53:42.197568,14.00665979,.01058508,98.1170,133.3884,306.0624,208.0985,0,U,29850,999,99483,.56287716E-3,.842E-5,0
FENGYUN 1C DEB,1999-025EV,2026-08-17T02:43:20.138592,13.83767077,.01409199,99.5525,279.3356,294.5347,92.1975,0,U,29851,999,98788,.15624632E-3,.139E-5,0
FENGYUN 1C DEB,1999-025EW,2026-08-17T00:31:32.139264,14.08506763,.01330944,99.3632,253.0512,184.6028,205.6202,0,U,29852,999,99464,.83428486E-3,.1506E-4,0
FENGYUN 1C DEB,1999-025EX,2026-08-17T06:16:30.815328,13.94502276,.0157282,98.4715,335.3571,253.7058,104.6756,0,U,29853,999,99118,.60923136E-3,.86E-5,0
FENGYUN 1C DEB,1999-025EY,2026-08-17T09:39:01.311264,13.83536471,.01473782,98.9599,23.4757,103.7378,285.6260,0,U,29854,999,98768,.20028443E-3,.2E-5,0
FENGYUN 1C DEB,1999-025EZ,2026-08-17T12:43:31.891872,14.03144082,.01813416,98.1827,151.3336,61.1547,113.6672,0,U,29855,999,99185,.12294282E-2,.2177E-4,0
FENGYUN 1C DEB,1999-025FA,2026-08-17T06:23:06.020160,14.55603198,.0236853,98.6896,337.1561,264.3661,122.2252,0,U,29856,999,99968,.10118401E-2,.6394E-4,0
FENGYUN 1C DEB,1999-025FB,2026-08-17T09:49:36.831648,13.82672892,.01920551,98.4296,215.7829,339.0563,20.2803,0,U,29857,999,98197,.73394156E-3,.88E-5,0
FENGYUN 1C DEB,1999-025FC,2026-08-16T05:19:44.550624,13.78454061,.0198424,99.2164,327.7841,131.5059,260.9739,0,U,29858,999,97949,.55045117E-3,.603E-5,0
FENGYUN 1C DEB,1999-025FD,2026-08-17T10:51:01.261152,13.75055725,.02914653,98.3472,38.3505,262.9402,93.8526,0,U,29859,999,97383,.11263583E-2,.1428E-4,0
FENGYUN 1C DEB,1999-025FE,2026-08-17T12:53:01.995360,13.78718705,.02206477,98.5999,245.6749,36.1284,113.5348,0,U,29860,999,97552,.11511258E-2,.1365E-4,0
FENGYUN 1C DEB,1999-025FK,2026-08-17T14:12:18.361152,14.85776891,.01109894,98.9265,174.6770,74.8410,99.0526,0,U,29865,999,4435,.42646521E-3,.407E-4,0
FENGYUN 1C DEB,1999-025FL,2026-08-17T11:10:04.977696,14.65312823,.0192708,98.0584,215.0439,152.4976,359.4588,0,U,29866,999,3953,.10575342E-3,.692E-5,0
FENGYUN 1C DEB,1999-025FN,2026-08-17T08:33:54.818208,14.81584465,.01859939,97.9180,277.3138,280.0312,213.4760,0,U,29868,999,3958,.19574047E-3,.2006E-4,0
FENGYUN 1C DEB,1999-025FP,2026-08-17T07:22:25.148928,14.37365456,.00868768,98.8892,172.6050,1.4787,152.3758,0,U,29869,999,2371,.17928135E-3,.51E-5,0
FENGYUN 1C DEB,1999-025FQ,2026-08-17T09:09:39.191904,14.29067233,.01198836,98.4908,198.5451,183.2524,331.1469,0,U,29870,999,2128,.2922593E-4,.37E-6,0
FENGYUN 1C DEB,1999-025FR,2026-08-17T09:47:49.011360,14.44031647,.00581064,98.9955,201.1204,92.4276,58.8215,0,U,29871,999,2274,.44441401E-3,.1502E-4,0
FENGYUN 1C DEB,1999-025FS,2026-08-17T11:17:07.372608,14.39967030,.02317435,98.3353,244.0626,288.0961,69.5112,0,U,29872,999,2155,.17589748E-3,.704E-5,0
FENGYUN 1C DEB,1999-025FT,2026-08-17T04:34:15.286944,13.98387815,.00913661,99.4158,101.1050,246.3630,230.0682,0,U,29873,999,99773,.15723319E-3,.185E-5,0
FENGYUN 1C DEB,1999-025FU,2026-08-17T15:28:20.044416,14.31678510,.01006081,98.3672,122.4457,338.0444,50.9134,0,U,29874,999,387,.10551638E-2,.2932E-4,0
FENGYUN 1C DEB,1999-025FV,2026-08-17T09:31:31.182816,14.24928345,.00831902,98.3705,274.8365,57.4472,9.9291,0,U,29875,999,1842,.20946601E-4,.1E-6,0
FENGYUN 1C DEB,1999-025FW,2026-08-17T01:43:32.837376,14.20441744,.00614221,98.3005,269.9423,16.4622,13.1391,0,U,29876,999,1427,.66915943E-4,.106E-5,0
FENGYUN 1C DEB,1999-025FX,2026-08-17T12:01:49.694304,14.25290608,.00452369,98.5392,233.1527,214.6429,297.5392,0,U,29877,999,1497,.21315576E-3,.464E-5,0
FENGYUN 1C DEB,1999-025GA,2026-08-16T16:58:06.801024,13.94738623,.02300599,98.1836,124.7528,128.8100,289.6698,0,U,29880,999,99004,.48945051E-3,.783E-5,0
FENGYUN 1C DEB,1999-025GB,2026-08-17T08:14:29.306400,13.60440655,.02882495,98.7298,180.1655,145.6897,6.3839,0,U,29881,999,96600,.15951549E-2,.1543E-4,0
FENGYUN 1C DEB,1999-025GE,2026-08-17T03:19:45.560064,14.41226487,.00445376,99.5801,297.3385,139.0712,251.6069,0,U,29884,999,2112,.33520085E-3,.1042E-4,0
FENGYUN 1C DEB,1999-025GF,2026-08-17T06:33:11.052576,14.13722099,.01180105,98.3654,153.4346,171.3710,340.8957,0,U,29885,999,955,.63752089E-4,.89E-6,0
FENGYUN 1C DEB,1999-025GH,2026-08-17T04:19:07.256640,14.35145250,.02820933,98.7062,318.1311,348.0590,39.0323,0,U,29887,999,1521,.16845923E-3,.696E-5,0
FENGYUN 1C DEB,1999-025GJ,2026-08-17T02:34:13.688832,14.20534646,.02734914,99.1789,76.6765,41.6540,320.5115,0,U,29888,999,1013,.18242262E-3,.518E-5,0
FENGYUN 1C DEB,1999-025GK,2026-08-17T14:38:22.155360,14.13856157,.01541896,99.5077,7.1563,68.8046,354.0800,0,U,29889,999,817,.14440044E-3,.258E-5,0
FENGYUN 1C DEB,1999-025GL,2026-08-17T08:27:04.489056,14.24258534,.00156455,99.4906,14.9244,104.6147,255.6765,0,U,29890,999,965,.31326974E-3,.673E-5,0
FENGYUN 1C DEB,1999-025GM,2026-08-17T12:00:26.294112,14.00233595,.00563038,98.7357,225.5075,296.8570,215.7402,0,U,29891,999,99955,.10039829E-3,.108E-5,0
FENGYUN 1C DEB,1999-025GN,2026-08-17T10:36:55.050048,14.36694590,.01758238,99.1984,37.8746,297.6219,88.1012,0,U,29892,999,202,.54257325E-3,.1851E-4,0
FENGYUN 1C DEB,1999-025GP,2026-08-17T03:41:04.360416,13.79560762,.01726048,98.5426,306.3596,203.5469,185.9915,0,U,29893,999,98551,.14079654E-3,.124E-5,0
FENGYUN 1C DEB,1999-025GQ,2026-08-17T10:53:40.809120,13.81254697,.01696173,99.4597,289.5373,111.2326,14.5036,0,U,29894,999,98496,.19888399E-3,.191E-5,0
FENGYUN 1C DEB,1999-025GR,2026-08-17T15:43:22.379232,14.11334025,.02947497,99.9041,7.9346,26.6356,346.7512,0,U,29895,999,99018,.4547959E-3,.1179E-4,0
FENGYUN 1C DEB,1999-025GS,2026-08-12T23:25:50.617056,13.65602818,.02378716,99.3983,114.7546,195.3975,179.0744,0,U,29896,999,97362,.21556698E-3,.171E-5,0
FENGYUN 1C DEB,1999-025GT,2026-08-17T01:48:51.437376,13.58060759,.02948987,98.6121,68.4667,214.3047,277.4584,0,U,29897,999,96296,.12358607E-2,.1149E-4,0
FENGYUN 1C DEB,1999-025GU,2026-08-17T08:39:04.404960,13.72375379,.04178866,98.2348,192.3440,240.3847,279.3490,0,U,29898,999,96555,.75615736E-3,.1255E-4,0
FENGYUN 1C DEB,1999-025GV,2026-08-17T14:36:02.184768,13.37573164,.03532094,98.6986,354.2828,175.7188,184.7104,0,U,29899,999,95398,.1791487E-3,.1E-5,0
FENGYUN 1C DEB,1999-025GX,2026-08-16T22:45:58.544928,13.33395609,.03788968,98.7787,9.5058,29.7817,92.3444,0,U,29901,999,95213,.11790523E-3,.53E-6,0
FENGYUN 1C DEB,1999-025HA,2026-08-17T03:01:58.516608,14.45226344,.02053006,99.0113,287.5015,302.6749,55.4784,0,U,29904,999,2630,.11178945E-3,.444E-5,0
FENGYUN 1C DEB,1999-025HC,2026-08-17T13:18:05.939424,14.53540982,.00355021,98.7135,346.8608,117.6926,242.7879,0,U,29906,999,1751,.10612414E-2,.4419E-4,0
FENGYUN 1C DEB,1999-025HD,2026-08-17T03:53:53.596032,14.12774929,.00806525,99.0969,304.6513,273.9686,114.9497,0,U,29907,999,92,.64749318E-3,.1193E-4,0
FENGYUN 1C DEB,1999-025HF,2026-08-17T14:06:50.275296,14.59582052,.00344465,98.6423,347.6712,335.2453,94.2236,0,U,29909,999,2017,.89099314E-3,.4221E-4,0
FENGYUN 1C DEB,1999-025HH,2026-08-17T08:35:15.080352,14.19518211,.00269529,98.6919,273.0494,156.9984,265.2647,0,U,29911,999,942,.36224628E-3,.723E-5,0
FENGYUN 1C DEB,1999-025HJ,2026-08-17T05:50:52.238688,14.45768508,.00404299,98.7416,338.5573,197.5187,221.1678,0,U,29912,999,1611,.78893676E-3,.2778E-4,0
FENGYUN 1C DEB,1999-025HK,2026-08-17T12:00:17.464896,14.07626799,.00615657,98.7971,226.7723,294.3726,218.1039,0,U,29913,999,440,.10599649E-3,.139E-5,0
FENGYUN 1C DEB,1999-025HL,2026-08-17T01:56:13.807104,14.03233376,.00362336,98.8216,255.3751,143.9115,290.5580,0,U,29914,999,254,.20943435E-3,.286E-5,0
FENGYUN 1C DEB,1999-025HN,2026-08-17T12:27:23.899104,13.57266477,.02708972,99.1848,237.7409,345.0280,167.4537,0,U,29916,999,96813,.36565829E-3,.29E-5,0
FENGYUN 1C DEB,1999-025HP,2026-08-17T13:46:23.326176,13.70981957,.02220505,98.8555,77.3270,189.3223,194.8162,0,U,29917,999,97526,.68097324E-3,.685E-5,0
FENGYUN 1C DEB,1999-025HQ,2026-08-17T06:02:05.014752,14.35387424,.00115593,98.8468,322.6013,311.7077,72.7009,0,U,29918,999,1343,.64989292E-3,.182E-4,0
FENGYUN 1C DEB,1999-025HR,2026-08-17T08:22:55.127424,13.85237044,.01379497,98.5170,5.7091,26.3502,2.8107,0,U,29919,999,98963,.92262605E-4,.75E-6,0
FENGYUN 1C DEB,1999-025HS,2026-08-11T11:29:06.783936,14.04367265,.01237082,98.3757,64.4702,316.2984,42.8442,0,U,29920,999,99680,.46947094E-3,.76E-5,0
FENGYUN 1C DEB,1999-025HT,2026-08-16T22:43:22.706112,14.06921535,.00467627,98.7880,233.0531,93.8811,296.0725,0,U,29921,999,352,.34357271E-3,.536E-5,0
FENGYUN 1C DEB,1999-025HU,2026-08-17T03:12:50.073696,13.98709521,.00933578,99.1038,290.1855,47.4168,313.4825,0,U,29922,999,99899,-.60415165E-4,-.134E-5,0
FENGYUN 1C DEB,1999-025HV,2026-08-17T12:46:36.424992,14.14318622,.00171671,98.6869,235.9672,180.1547,332.5150,0,U,29923,999,775,.22788205E-3,.393E-5,0
FENGYUN 1C DEB,1999-025HW,2026-08-17T12:42:07.376256,14.08953724,.00257418,98.7280,239.7529,277.9949,233.8351,0,U,29924,999,698,-.22069123E-4,-.81E-6,0
FENGYUN 1C DEB,1999-025HY,2026-08-17T11:15:54.254016,14.33916280,.0246244,98.3042,213.4766,280.7597,234.0741,0,U,29926,999,2129,.10816771E-3,.369E-5,0
FENGYUN 1C DEB,1999-025HZ,2026-08-17T03:04:23.119968,14.83511788,.0017377,99.0662,289.7195,154.4596,235.9119,0,U,29927,999,2304,.13881481E-2,.114E-3,0
FENGYUN 1C DEB,1999-025JA,2026-08-17T01:17:05.352288,13.88430221,.01428034,99.5629,264.7236,164.2440,226.4131,0,U,29928,999,98923,.35001908E-3,.409E-5,0
FENGYUN 1C DEB,1999-025JB,2026-08-17T06:33:12.045312,14.02393351,.01290872,98.6240,140.3020,203.2896,316.0647,0,U,29929,999,99424,.66577155E-3,.1059E-4,0
FENGYUN 1C DEB,1999-025JC,2026-08-17T05:13:29.987616,14.21073970,.01643639,99.0141,121.9959,65.9518,63.2609,0,U,29930,999,1404,.11651294E-3,.244E-5,0
FENGYUN 1C DEB,1999-025JD,2026-08-17T01:23:46.147200,14.04016867,.00328051,98.8317,262.7519,121.3716,268.0336,0,U,29931,999,282,-.5478759E-4,-.13E-5,0
FENGYUN 1C DEB,1999-025JE,2026-08-17T11:43:47.288064,14.17039841,.00387005,98.6303,237.8993,78.4417,75.2839,0,U,29932,999,1037,.15622559E-3,.274E-5,0
FENGYUN 1C DEB,1999-025JF,2026-08-17T14:13:54.880320,14.74492979,.0004051,98.7537,355.8725,268.9218,219.5229,0,U,29933,999,2147,.15334518E-2,.10151E-3,0
FENGYUN 1C DEB,1999-025JG,2026-08-17T03:12:05.003136,14.65678548,.00981755,98.8756,300.7796,209.9057,149.6514,0,U,29934,999,3391,.39046286E-3,.2219E-4,0
FENGYUN 1C DEB,1999-025JH,2026-08-17T09:51:12.256992,14.14337848,.01497797,98.4279,283.1727,223.5423,203.0458,0,U,29935,999,1043,.60885281E-4,.88E-6,0
FENGYUN 1C DEB,1999-025JJ,2026-08-17T13:52:01.843104,14.35527317,.01139174,98.6790,349.0800,173.6575,186.6083,0,U,29936,999,2487,.95897715E-4,.25E-5,0
FENGYUN 1C DEB,1999-025JK,2026-08-17T01:16:27.127200,14.04404860,.00327358,98.7872,247.2634,48.5686,333.2535,0,U,29937,999,408,.19213804E-3,.265E-5,0
FENGYUN 1C DEB,1999-025JL,2026-08-17T11:13:34.718880,14.07579003,.00330674,98.8208,218.4292,334.5202,187.7258,0,U,29938,999,539,-.2239509E-5,-.47E-6,0
FENGYUN 1C DEB,1999-025JM,2026-08-17T10:39:47.433600,14.12135443,.00667095,98.7188,227.1485,153.9678,3.0189,0,U,29939,999,954,.3280486E-4,.19E-6,0
FENGYUN 1C DEB,1999-025JN,2026-08-17T12:37:50.526336,14.19367043,.00751308,98.6188,237.4913,104.8514,46.1536,0,U,29940,999,979,.26315793E-3,.527E-5,0
FENGYUN 1C DEB,1999-025JQ,2026-08-17T04:10:46.496928,14.31174181,.0047769,98.6132,298.0284,268.5914,90.9796,0,U,29942,999,1406,.3036735E-3,.767E-5,0
FENGYUN 1C DEB,1999-025JR,2026-08-17T12:28:47.900640,14.09715871,.00345667,98.7266,234.7411,246.0201,276.6896,0,U,29943,999,793,-.1830517E-4,-.75E-6,0
FENGYUN 1C DEB,1999-025JS,2026-08-17T08:41:15.910080,14.92460836,.01546948,99.0288,203.2776,160.0727,200.6622,0,U,29944,999,4142,.29993071E-3,.3796E-4,0
FENGYUN 1C DEB,1999-025JT,2026-08-17T13:20:12.830784,14.05661037,.00314131,98.7736,250.5347,26.9675,135.3558,0,U,29945,999,460,-.57903944E-4,-.137E-5,0
FENGYUN 1C DEB,1999-025JU,2026-08-17T10:10:15.341088,14.08442378,.00809525,98.7956,220.3263,5.4197,151.5942,0,U,29946,999,521,.15399926E-3,.229E-5,0
FENGYUN 1C DEB,1999-025JV,2026-08-17T07:55:50.056608,14.03207735,.00405531,98.8121,257.3756,148.0016,277.3672,0,U,29947,999,221,-.2908806E-5,-.47E-6,0
FENGYUN 1C DEB,1999-025JW,2026-08-17T11:14:31.550208,14.06305180,.00832797,98.8460,214.7601,258.7957,254.1022,0,U,29948,999,458,.30940236E-4,.9E-7,0
FENGYUN 1C DEB,1999-025JX,2026-08-17T12:22:30.766368,14.06865194,.00234673,98.7528,242.3548,328.9104,183.4678,0,U,29949,999,591,.4839796E-5,-.35E-6,0
FENGYUN 1C DEB,1999-025JY,2026-08-17T08:02:20.257152,14.10432900,.00319737,98.7159,258.1608,260.8471,164.2024,0,U,29950,999,781,.36568548E-4,.22E-6,0
FENGYUN 1C DEB,1999-025KB,2026-08-17T11:29:00.404160,13.91045199,.01049074,98.9587,212.4410,311.6923,210.3034,0,U,29953,999,99306,.15663002E-3,.162E-5,0
FENGYUN 1C DEB,1999-025KC,2026-08-17T04:59:27.692160,14.35255859,.00723091,100.1302,314.9332,291.8758,67.4744,0,U,29954,999,1733,.4235117E-3,.119E-4,0
FENGYUN 1C DEB,1999-025KD,2026-08-17T06:03:46.071648,14.40214374,.00064441,99.2705,334.8375,242.3028,147.3359,0,U,29955,999,1619,.6621359E-3,.2044E-4,0
FENGYUN 1C DEB,1999-025KE,2026-08-17T00:37:27.325344,14.06222798,.00541334,98.7680,255.3885,42.4586,347.5359,0,U,29956,999,521,.41055453E-4,.26E-6,0
FENGYUN 1C DEB,1999-025KF,2026-08-17T08:42:14.025312,14.59006558,.00345139,98.9213,18.1078,144.8891,245.2237,0,U,29957,999,1065,.20704499E-2,.9761E-4,0
FENGYUN 1C DEB,1999-025KG,2026-08-17T06:12:58.638528,14.14681315,.00543102,98.6606,241.3248,345.9440,14.0219,0,U,29958,999,944,.14144995E-3,.233E-5,0
FENGYUN 1C DEB,1999-025KH,2026-08-17T01:21:23.275296,14.06146133,.00418839,98.7837,257.6041,354.2882,32.7808,0,U,29959,999,416,-.25057571E-4,-.84E-6,0
FENGYUN 1C DEB,1999-025KJ,2026-08-16T17:12:32.567040,14.16794372,.00902754,98.6361,211.8084,297.1380,239.5819,0,U,29960,999,946,.17586669E-3,.323E-5,0
FENGYUN 1C DEB,1999-025KK,2026-08-17T13:34:20.721504,14.26404371,.00738266,98.9206,126.9812,308.4677,50.9894,0,U,29961,999,1842,.80328522E-4,.152E-5,0
FENGYUN 1C DEB,1999-025KL,2026-08-17T12:11:23.403264,14.07305809,.01090356,98.7677,235.3486,243.4459,269.4599,0,U,29962,999,482,-.153076E-6,-.44E-6,0
FENGYUN 1C DEB,1999-025KM,2026-08-17T09:19:31.300608,14.30142744,.00503516,98.9743,126.2766,303.5906,121.4675,0,U,29963,999,1679,.28460713E-3,.699E-5,0
FENGYUN 1C DEB,1999-025KN,2026-08-16T23:32:17.203488,14.03385967,.01293388,98.3661,56.7804,289.8564,68.8704,0,U,29964,999,99784,.35711313E-3,.561E-5,0
FENGYUN 1C DEB,1999-025KP,2026-08-17T11:38:23.273376,13.95896632,.01460757,98.9766,222.7243,107.0852,54.7142,0,U,29965,999,99732,-.9503472E-4,-.184E-5,0
FENGYUN 1C DEB,1999-025KQ,2026-08-17T03:53:29.300352,14.26138526,.00397309,99.4651,101.2353,3.1712,356.9710,0,U,29966,999,1569,.17109083E-3,.362E-5,0
FENGYUN 1C DEB,1999-025KR,2026-08-17T04:35:03.136992,14.25085374,.00726424,98.8556,312.8606,298.4228,90.3305,0,U,29967,999,713,.65424062E-3,.1531E-4,0
FENGYUN 1C DEB,1999-025KS,2026-08-17T11:10:38.679744,14.07404199,.00904171,98.8231,218.1859,18.0183,143.7387,0,U,29968,999,530,.23509435E-4,-.2E-7,0
FENGYUN 1C DEB,1999-025KT,2026-08-17T05:16:42.643200,14.35304354,.00423367,98.7656,322.0469,42.4514,347.1616,0,U,29969,999,1191,.63244862E-3,.1785E-4,0
FENGYUN 1C DEB,1999-025KU,2026-08-17T07:02:54.553344,14.44770456,.00899564,98.8226,171.7297,167.5176,350.8388,0,U,29970,999,2694,.1925739E-3,.652E-5,0
FENGYUN 1C DEB,1999-025KV,2026-08-17T01:15:32.029920,14.18902826,.00227047,98.6561,268.2093,173.6462,216.4003,0,U,29971,999,844,.39446848E-3,.781E-5,0
FENGYUN 1C DEB,1999-025KW,2026-08-17T02:09:40.379616,14.69156036,.00601279,98.9052,268.0261,326.9090,54.0817,0,U,29972,999,3113,.45690986E-3,.2702E-4,0
FENGYUN 1C DEB,1999-025KX,2026-08-17T10:41:04.924896,14.07042554,.00585076,98.8491,229.5310,172.7311,345.7935,0,U,29973,999,200,.32913085E-3,.515E-5,0
FENGYUN 1C DEB,1999-025KY,2026-08-17T05:20:11.194656,14.15840780,.00477305,98.8861,317.5735,99.4063,288.5779,0,U,29974,999,426,.80852513E-3,.1563E-4,0
FENGYUN 1C DEB,1999-025KZ,2026-08-17T03:12:42.463584,13.98124679,.01144041,99.3070,279.0662,59.1843,325.3100,0,U,29975,999,99894,.1453624E-3,.173E-5,0
FENGYUN 1C DEB,1999-025LA,2026-08-17T10:56:20.365728,13.98361124,.02662648,98.9304,225.3644,274.7248,251.1640,0,U,29976,999,99798,.22051859E-3,.381E-5,0
FENGYUN 1C DEB,1999-025LB,2026-08-17T09:24:15.279264,14.05875278,.01264746,98.3781,78.1729,273.6681,215.2251,0,U,29977,999,99839,.74297995E-3,.1265E-4,0
FENGYUN 1C DEB,1999-025LC,2026-08-17T15:26:12.022080,13.95980555,.0077052,99.0273,280.5694,92.4114,58.3464,0,U,29978,999,99775,-.10649551E-3,-.192E-5,0
FENGYUN 1C DEB,1999-025LD,2026-08-17T12:04:49.363968,14.26452362,.01073292,98.3547,246.5776,154.0966,2.0530,0,U,29979,999,1605,.20460021E-3,.483E-5,0
FENGYUN 1C DEB,1999-025LE,2026-08-17T10:15:25.923168,14.06455930,.0086369,98.5806,30.3946,267.2060,118.8493,0,U,29980,999,471,.27933549E-4,.6E-7,0
FENGYUN 1C DEB,1999-025LG,2026-08-17T03:51:17.638848,14.68475945,.0118093,99.3885,91.8429,253.8645,224.5605,0,U,29982,999,3913,.19902137E-3,.1208E-4,0
FENGYUN 1C DEB,1999-025LK,2026-08-17T13:12:50.450688,14.10368318,.00277661,98.7018,241.7555,226.5067,286.5847,0,U,29985,999,841,.29275255E-4,.1E-6,0
FENGYUN 1C DEB,1999-025LL,2026-08-17T04:21:46.699200,14.30904889,.00218624,99.3880,321.2260,9.0340,52.5281,0,U,29986,999,1018,.60739766E-3,.1549E-4,0
FENGYUN 1C DEB,1999-025LM,2026-08-17T05:04:43.562784,14.16383835,.00766438,98.8870,125.6531,249.3487,264.4387,0,U,29987,999,99874,.9276583E-3,.1851E-4,0
FENGYUN 1C DEB,1999-025LN,2026-08-17T13:45:10.272384,14.54230399,.01119777,98.7054,347.5476,345.0456,77.1773,0,U,29988,999,1662,.60282918E-3,.2721E-4,0
FENGYUN 1C DEB,1999-025LP,2026-08-17T09:08:44.795328,14.15993509,.01226581,98.6942,206.9694,206.2315,313.8642,0,U,29989,999,1111,.78571598E-4,.123E-5,0
FENGYUN 1C DEB,1999-025LS,2026-08-17T10:39:37.583136,14.11699308,.00884208,98.7436,223.1581,184.1297,331.2056,0,U,29992,999,882,.67591289E-4,.85E-6,0
FENGYUN 1C DEB,1999-025LT,2026-08-17T00:52:45.996672,14.08218828,.0038688,98.7641,264.0188,338.0143,21.9366,0,U,29993,999,651,.8928418E-4,.11E-5,0
FENGYUN 1C DEB,1999-025LU,2026-08-17T00:28:47.969760,14.02784074,.01291259,98.8027,258.4102,243.5751,145.1218,0,U,29994,999,193,.31899844E-3,.487E-5,0
FENGYUN 1C DEB,1999-025LW,2026-08-17T01:59:52.924416,14.10883500,.01322504,99.2928,279.7899,118.2130,273.3342,0,U,29996,999,99623,.90457202E-3,.1714E-4,0
FENGYUN 1C DEB,1999-025LX,2026-08-17T11:58:50.024640,14.01291140,.00792253,98.8785,238.3285,0.3608,152.2668,0,U,29997,999,99859,.29906409E-3,.42E-5,0
FENGYUN 1C DEB,1999-025LY,2026-08-17T04:39:56.852064,14.29514885,.00038559,99.2878,310.8089,335.4285,24.6711,0,U,29998,999,1409,.36405622E-3,.881E-5,0
FENGYUN 1C DEB,1999-025LZ,2026-08-17T10:50:13.261632,14.20580066,.01886603,98.5991,211.8008,129.3652,21.3566,0,U,29999,999,1239,.145842E-3,.332E-5,0
FENGYUN 1C DEB,1999-025MA,2026-08-17T12:25:10.257312,14.42129476,.00371499,98.9533,321.0224,84.9425,341.5192,0,U,30001,999,992,.11280968E-2,.3695E-4,0
FENGYUN 1C DEB,1999-025MC,2026-08-17T11:30:10.359648,13.85822985,.01422881,99.6005,215.0983,183.5091,329.9297,0,U,30003,999,98919,.17926017E-3,.176E-5,0
FENGYUN 1C DEB,1999-025MD,2026-08-17T12:40:49.241280,14.17712804,.00382452,99.2255,65.0344,4.4943,21.9592,0,U,30004,999,816,.3185397E-3,.606E-5,0
FENGYUN 1C DEB,1999-025ME,2026-08-17T07:11:54.161952,13.52813868,.03435186,99.3216,181.7722,186.9560,172.6741,0,U,30005,999,96293,.67075271E-3,.607E-5,0
FENGYUN 1C DEB,1999-025MG,2026-08-17T06:00:41.173056,14.27095743,.00646788,99.1689,147.3324,24.9740,127.5278,0,U,30007,999,884,.82551969E-3,.2009E-4,0
FENGYUN 1C DEB,1999-025MH,2026-08-17T11:58:27.572736,14.71868278,.00367205,99.3819,227.3506,153.4671,7.3394,0,U,30008,999,2699,.78119338E-3,.4877E-4,0
FENGYUN 1C DEB,1999-025MJ,2026-08-17T09:27:45.771264,14.05518854,.00621686,98.9964,287.5295,4.1833,355.9841,0,U,30009,999,99961,.70051285E-3,.1114E-4,0
FENGYUN 1C DEB,1999-025MK,2026-08-17T03:57:09.025056,14.25114382,.00723426,99.0590,74.4693,218.1806,255.9081,0,U,30010,999,1783,.52415425E-4,.79E-6,0
FENGYUN 1C DEB,1999-025MM,2026-08-17T03:33:21.678048,13.85904900,.01357881,99.4310,289.4070,207.0258,179.4204,0,U,30012,999,98975,.16409797E-3,.157E-5,0
FENGYUN 1C DEB,1999-025MN,2026-08-17T01:05:14.800416,13.87969318,.01287166,99.5606,259.6125,105.9518,284.7505,0,U,30013,999,99112,.12056488E-3,.107E-5,0
FENGYUN 1C DEB,1999-025MQ,2026-08-17T00:10:08.160096,14.31519500,.0038658,99.2228,252.1072,130.4011,260.0853,0,U,30015,999,1704,.29679458E-3,.746E-5,0
FENGYUN 1C DEB,1999-025MR,2026-08-17T02:15:03.322944,14.84663481,.00392777,98.8871,273.3728,338.9190,49.4296,0,U,30016,999,3118,.76759867E-3,.6519E-4,0
FENGYUN 1C DEB,1999-025MS,2026-08-17T02:36:23.325984,14.61688302,.02168091,98.7215,292.7154,132.8653,229.0985,0,U,30017,999,4057,.10585895E-3,.671E-5,0
FENGYUN 1C DEB,1999-025MT,2026-08-17T05:56:29.109696,14.75312808,.0113503,98.7536,336.5965,137.8386,253.7148,0,U,30018,999,4084,.42551751E-3,.3136E-4,0
FENGYUN 1C DEB,1999-025MV,2026-08-17T11:42:48.439296,14.04847088,.01838562,98.8502,232.2519,96.8181,53.5499,0,U,30020,999,134,.20729035E-3,.346E-5,0
FENGYUN 1C DEB,1999-025MW,2026-08-17T11:36:58.004352,14.04978911,.00719834,98.8529,219.8222,314.1050,198.2440,0,U,30021,999,411,.34589491E-4,.13E-6,0
FENGYUN 1C DEB,1999-025MX,2026-08-17T01:45:10.408032,14.23202863,.00664064,99.0457,89.3856,280.5279,235.1977,0,U,30022,999,1708,.3037127E-4,.23E-6,0
FENGYUN 1C DEB,1999-025MY,2026-08-17T02:40:45.931008,14.12201186,.00474754,99.2811,76.5096,92.1118,30.1726,0,U,30023,999,687,.20329946E-3,.33E-5,0
FENGYUN 1C DEB,1999-025ND,2026-08-17T11:58:14.075328,14.56554065,.01723937,98.1608,221.2665,178.8371,344.6282,0,U,30028,999,3327,.14229129E-3,.721E-5,0
FENGYUN 1C DEB,1999-025NL,2026-08-17T07:52:56.879904,14.37084324,.01154895,99.2778,168.3094,60.9641,88.9167,0,U,30035,999,2680,.42575549E-4,.83E-6,0
FENGYUN 1C DEB,1999-025NM,2026-08-17T07:27:51.354720,14.47042041,.01883103,98.2316,254.8667,172.0991,252.5898,0,U,30036,999,2753,.19771135E-3,.847E-5,0
FENGYUN 1C DEB,1999-025NN,2026-08-17T10:24:05.613120,14.34403807,.01737077,98.4110,203.3000,37.8003,112.2980,0,U,30037,999,2338,.1262788E-3,.374E-5,0
FENGYUN 1C DEB,1999-025NP,2026-08-17T11:23:23.679168,14.39915564,.02562837,98.3885,216.9919,77.9619,71.4605,0,U,30038,999,2456,.17828233E-3,.774E-5,0
FENGYUN 1C DEB,1999-025NR,2026-08-17T11:31:58.287936,14.39197880,.0029694,98.2255,240.5619,287.5874,231.9922,0,U,30040,999,1475,.73889899E-3,.226E-4,0
FENGYUN 1C DEB,1999-025NS,2026-08-17T06:59:29.991840,14.13559226,.00337968,99.4867,355.2319,248.0937,141.6220,0,U,30041,999,781,.22821015E-3,.383E-5,0
FENGYUN 1C DEB,1999-025NU,2026-08-17T05:51:10.496736,14.24663660,.0280539,98.6294,328.0168,130.1818,232.4289,0,U,30043,999,861,.47579911E-3,.1619E-4,0
FENGYUN 1C DEB,1999-025NV,2026-08-17T11:15:53.423712,14.54589055,.00764273,98.2080,149.6645,122.8842,237.9740,0,U,30044,999,1635,.82215095E-3,.3603E-4,0
FENGYUN 1C DEB,1999-025NW,2026-08-17T15:46:48.775008,14.23554305,.00937373,99.1676,280.3541,125.5315,28.3551,0,U,30045,999,214,.89465346E-3,.2084E-4,0
FENGYUN 1C DEB,1999-025NY,2026-08-17T11:12:30.553056,13.94788053,.01257199,99.9414,50.1038,24.9626,4.3040,0,U,30047,999,99369,.198853E-3,.234E-5,0
FENGYUN 1C DEB,1999-025NZ,2026-08-17T13:28:32.392992,13.80026808,.01858875,98.6395,79.4668,295.8089,88.9872,0,U,30048,999,98544,.1367841E-3,.121E-5,0
FENGYUN 1C DEB,1999-025PB,2026-08-17T04:59:42.540864,13.85590224,.01713378,96.8235,127.4928,43.6243,106.4362,0,U,30050,999,98628,.48350583E-3,.594E-5,0
FENGYUN 1C DEB,1999-025PD,2026-08-17T12:43:02.864064,13.73234220,.02878052,99.2792,253.1119,302.9430,213.8665,0,U,30052,999,97955,.22060968E-3,.23E-5,0
FENGYUN 1C DEB,1999-025PE,2026-08-17T10:27:44.185248,13.95940028,.03231021,98.6020,31.0742,10.1454,14.6365,0,U,30053,999,98440,.61008079E-3,.1253E-4,0
FENGYUN 1C DEB,1999-025PF,2026-08-17T14:11:59.678016,13.70120929,.02770331,99.3455,260.2716,80.4619,68.1406,0,U,30054,999,97742,.23576471E-3,.231E-5,0
FENGYUN 1C DEB,1999-025PH,2026-08-17T09:42:33.577920,13.75049860,.0295169,98.3433,29.0290,260.7089,96.0577,0,U,30056,999,97378,.1102253E-2,.1407E-4,0
FENGYUN 1C DEB,1999-025PJ,2026-08-17T14:22:18.857568,13.57619827,.02896931,98.8654,279.5404,225.1853,300.4667,0,U,30057,999,96598,.10095545E-2,.913E-5,0
FENGYUN 1C DEB,1999-025PK,2026-08-17T12:34:36.751008,13.48546104,.03134323,99.6531,230.8228,257.0855,259.4112,0,U,30058,999,96187,.53087382E-3,.401E-5,0
FENGYUN 1C DEB,1999-025PL,2026-08-17T10:10:21.999936,13.45623323,.03280755,98.8435,200.5682,34.4279,114.9899,0,U,30059,999,96128,.22190328E-3,.147E-5,0
FENGYUN 1C DEB,1999-025PM,2026-08-17T12:56:51.643968,13.44378509,.03416015,99.2987,83.2397,173.7978,217.8516,0,U,30060,999,95572,.72583171E-3,.561E-5,0
FENGYUN 1C DEB,1999-025PN,2026-08-17T09:23:37.438656,13.47809289,.03649441,101.9005,30.5185,48.0851,343.7646,0,U,30061,999,95434,.98765969E-3,.855E-5,0
FENGYUN 1C DEB,1999-025PP,2026-08-17T11:28:41.212992,14.07410142,.00500288,98.7784,236.6150,70.5382,92.6750,0,U,30062,999,389,.29124653E-3,.453E-5,0
FENGYUN 1C DEB,1999-025PQ,2026-08-17T10:13:01.729344,14.15688378,.0032877,98.5493,202.8452,141.8426,19.7542,0,U,30063,999,1170,.48441719E-4,.54E-6,0
FENGYUN 1C DEB,1999-025PR,2026-08-17T11:37:58.053216,14.14425921,.00665889,98.6576,238.0176,122.8584,31.6405,0,U,30064,999,1007,.84042233E-4,.122E-5,0
FENGYUN 1C DEB,1999-025PS,2026-08-17T03:47:37.261824,13.87005805,.01321544,98.7135,189.9446,76.2740,285.3090,0,U,30065,999,99101,.10578256E-3,.94E-6,0
FENGYUN 1C DEB,1999-025PT,2026-08-17T10:48:33.895584,14.19267619,.01162817,98.6522,218.9144,267.7040,245.8854,0,U,30066,999,1349,.76121422E-4,.127E-5,0
FENGYUN 1C DEB,1999-025PU,2026-08-17T05:24:09.340704,14.44301373,.01502163,98.7386,127.5184,357.4730,166.4069,0,U,30067,999,2767,.18977491E-3,.695E-5,0
FENGYUN 1C DEB,1999-025PV,2026-08-17T10:06:10.581984,14.12204568,.01899611,98.7570,216.4230,4.8311,355.4638,0,U,30068,999,837,.89229272E-4,.151E-5,0
FENGYUN 1C DEB,1999-025PW,2026-08-17T10:07:41.956032,14.05414337,.00501541,98.8255,209.4171,78.3772,74.6004,0,U,30069,999,324,.14059448E-3,.188E-5,0
FENGYUN 1C DEB,1999-025PX,2026-08-17T02:08:38.328000,14.11736452,.03227056,98.2611,274.7260,326.6550,59.5181,0,U,30070,999,99367,.37464407E-3,.1068E-4,0
FENGYUN 1C DEB,1999-025PY,2026-08-17T06:09:58.592160,14.56590125,.00373866,98.6636,342.2144,75.1492,315.2648,0,U,30071,999,1823,.100855E-2,.4488E-4,0
FENGYUN 1C DEB,1999-025PZ,2026-08-17T10:36:13.564224,14.41937615,.00537011,99.0931,37.6905,263.0100,96.4978,0,U,30072,999,737,.12820218E-2,.4225E-4,0
FENGYUN 1C DEB,1999-025QA,2026-08-16T22:20:01.546080,14.20034610,.00516627,99.4253,222.6303,305.3457,83.6208,0,U,30073,999,427,.73193774E-3,.1529E-4,0
FENGYUN 1C DEB,1999-025QB,2026-08-17T04:00:10.875456,14.14001110,.00963427,99.1150,305.2132,174.1401,186.0923,0,U,30074,999,128,.80209066E-3,.1547E-4,0
FENGYUN 1C DEB,1999-025QC,2026-08-17T15:46:02.074080,13.92612520,.00901454,99.3283,287.0730,227.6687,284.8569,0,U,30075,999,99515,-.1412112E-4,-.65E-6,0
FENGYUN 1C DEB,1999-025QD,2026-08-17T10:29:45.453696,13.76448322,.01749035,99.2598,214.2776,160.6386,0.1232,0,U,30076,999,98301,.18200607E-3,.157E-5,0
FENGYUN 1C DEB,1999-025QE,2026-08-17T12:38:23.613216,14.07110503,.00203608,98.7485,242.3204,287.5362,234.8467,0,U,30077,999,596,-.66377693E-4,-.154E-5,0
FENGYUN 1C DEB,1999-025QF,2026-08-17T04:19:57.437760,14.24774334,.0048938,98.8212,310.0093,284.1450,105.0633,0,U,30078,999,635,.7915254E-3,.1822E-4,0
FENGYUN 1C DEB,1999-025QG,2026-08-17T15:06:13.372416,14.00956010,.00849988,98.9973,286.8010,334.2639,188.3267,0,U,30079,999,8,.23692503E-3,.321E-5,0
FENGYUN 1C DEB,1999-025QH,2026-08-17T09:49:21.307296,14.10995987,.01339815,98.7234,207.5871,77.2683,74.6863,0,U,30080,999,730,.102779E-3,.159E-5,0
FENGYUN 1C DEB,1999-025QJ,2026-08-17T10:34:14.183616,13.98496723,.00766352,98.9346,224.1861,15.4098,140.3252,0,U,30081,999,99816,.33009697E-3,.442E-5,0
FENGYUN 1C DEB,1999-025QK,2026-08-17T09:24:26.309088,15.32168554,.0050589,98.8342,205.7171,51.2864,309.2881,0,U,30082,999,5065,.97424805E-3,.31496E-3,0
FENGYUN 1C DEB,1999-025QP,2026-08-17T01:08:41.647200,14.04066380,.00617542,98.8838,262.5150,163.3551,226.7853,0,U,30086,999,162,.16895403E-3,.229E-5,0
FENGYUN 1C DEB,1999-025QQ,2026-08-17T01:31:17.527584,14.36179918,.02293404,98.3547,259.2970,102.0894,287.7461,0,U,30087,999,2243,.16419757E-3,.598E-5,0
FENGYUN 1C DEB,1999-025QR,2026-08-17T09:50:19.499424,14.36512833,.01991721,98.3769,211.7516,226.8085,290.5745,0,U,30088,999,2225,.10887686E-3,.35E-5,0
FENGYUN 1C DEB,1999-025QS,2026-08-17T06:43:51.636000,14.30594736,.00729508,98.8920,145.3631,208.4387,304.6268,0,U,30089,999,2017,.10343953E-3,.231E-5,0
FENGYUN 1C DEB,1999-025QT,2026-08-17T01:44:57.568992,14.29510155,.00577399,99.4134,66.8511,123.1702,357.9519,0,U,30090,999,1802,.22952245E-3,.547E-5,0
FENGYUN 1C DEB,1999-025QV,2026-08-17T12:43:31.231776,14.39829579,.00813519,98.9265,64.0488,237.7912,147.5918,0,U,30092,999,2306,.2044473E-3,.617E-5,0
FENGYUN 1C DEB,1999-025QW,2026-08-17T15:11:17.799360,14.44877313,.00681889,98.8418,119.4523,318.1994,70.9859,0,U,30093,999,2383,.35432538E-3,.1218E-4,0
FENGYUN 1C DEB,1999-025QY,2026-08-17T08:02:27.374784,14.90072733,.01429545,99.2348,195.0771,270.4677,88.0157,0,U,30095,999,3012,.63288903E-3,.7338E-4,0
FENGYUN 1C DEB,1999-025QZ,2026-08-17T05:50:52.677600,14.32055410,.00784664,99.1385,326.5637,234.5781,124.8056,0,U,30096,999,2084,.14833832E-3,.363E-5,0
FENGYUN 1C DEB,1999-025RC,2026-08-17T03:46:20.422848,14.26237314,.006064,98.5159,299.8699,240.7529,148.2764,0,U,30099,999,1711,.13907104E-3,.297E-5,0
FENGYUN 1C DEB,1999-025RF,2026-08-17T11:03:56.561184,14.22400252,.01413282,98.3812,230.1395,357.0637,158.1119,0,U,30102,999,1478,.1732935E-3,.385E-5,0
FENGYUN 1C DEB,1999-025RG,2026-08-17T12:28:05.801376,14.25350433,.00637839,99.2628,229.5021,131.4412,26.3420,0,U,30103,999,1448,.17363332E-3,.369E-5,0
FENGYUN 1C DEB,1999-025RH,2026-08-17T12:18:11.051424,14.26342912,.00739373,98.3555,60.2581,100.0317,287.9549,0,U,30104,999,1422,.31316254E-3,.734E-5,0
FENGYUN 1C DEB,1999-025RJ,2026-08-17T09:44:04.137216,14.21825264,.01990406,98.6151,214.5148,75.7872,286.5326,0,U,30105,999,1280,.19219397E-3,.474E-5,0
FENGYUN 1C DEB,1999-025RK,2026-08-17T08:43:46.621056,15.15633592,.00333859,98.9122,177.5199,103.9713,47.8812,0,U,30106,999,2244,.34704642E-2,.67381E-3,0
FENGYUN 1C DEB,1999-025RL,2026-08-17T14:48:02.460096,14.14528458,.01262201,98.8134,288.7597,290.5798,68.1873,0,U,30107,999,1064,.58240643E-4,.75E-6,0
FENGYUN 1C DEB,1999-025RM,2026-08-17T10:41:33.108576,14.17490669,.01974615,98.6819,214.5036,30.4610,121.2118,0,U,30108,999,1106,.16444469E-3,.36E-5,0
FENGYUN 1C DEB,1999-025RN,2026-08-17T10:13:22.842048,14.17948654,.01660743,98.5240,217.9412,237.0363,286.3213,0,U,30109,999,1062,.13954955E-3,.284E-5,0
FENGYUN 1C DEB,1999-025RP,2026-08-17T04:19:49.957248,13.56344707,.02687371,98.9125,319.6856,75.6251,287.4558,0,U,30110,999,96869,.7240348E-4,.28E-6,0
FENGYUN 1C DEB,1999-025RR,2026-08-17T10:00:39.155904,14.22978118,.02002079,99.3024,222.0531,122.9765,239.0833,0,U,30112,999,1103,.25279246E-3,.648E-5,0
FENGYUN 1C DEB,1999-025RS,2026-08-16T14:43:01.432992,14.48142121,.00390705,99.0263,102.1970,348.5697,40.7574,0,U,30113,999,1477,.78781603E-3,.2912E-4,0
FENGYUN 1C DEB,1999-025RT,2026-08-17T10:40:19.353216,14.09821947,.00819212,98.7525,229.9596,138.4963,20.2674,0,U,30114,999,644,.89018837E-4,.119E-5,0
FENGYUN 1C DEB,1999-025RU,2026-08-17T01:09:42.096096,14.20681153,.00680841,98.6036,254.8393,66.0618,321.9861,0,U,30115,999,839,.46344369E-3,.98E-5,0
FENGYUN 1C DEB,1999-025RV,2026-08-17T05:35:10.781952,14.30944324,.00182623,99.3893,324.6800,355.5170,33.1160,0,U,30116,999,1041,.7355637E-3,.1886E-4,0
FENGYUN 1C DEB,1999-025RW,2026-08-17T11:18:56.899296,14.07340723,.01628056,98.8237,216.9537,232.1745,281.4835,0,U,30117,999,473,.33190987E-4,.19E-6,0
FENGYUN 1C DEB,1999-025RX,2026-08-17T11:09:44.748000,14.05212380,.00854723,98.8075,231.0463,84.9954,69.1214,0,U,30118,999,408,.22614433E-3,.336E-5,0
FENGYUN 1C DEB,1999-025RY,2026-08-17T09:23:37.982976,14.23733158,.01273414,97.9353,203.9615,280.2664,235.5775,0,U,30119,999,683,.55520411E-3,.134E-4,0
FENGYUN 1C DEB,1999-025RZ,2026-08-17T05:56:56.363712,14.29389163,.00611748,98.8446,319.5603,210.2484,172.5136,0,U,30120,999,902,.86134562E-3,.2195E-4,0
FENGYUN 1C DEB,1999-025SA,2026-08-17T14:35:46.180896,14.43536627,.00302332,102.1601,359.9048,227.9142,145.2408,0,U,30121,999,1103,.13375792E-2,.448E-4,0
FENGYUN 1C DEB,1999-025SC,2026-08-17T04:24:20.844576,14.27533492,.02270139,96.9240,123.6377,49.4915,312.5808,0,U,30123,999,774,.71285132E-3,.2274E-4,0
FENGYUN 1C DEB,1999-025SD,2026-08-17T03:29:58.319232,14.15063371,.01430156,99.1100,293.3517,127.3212,263.3834,0,U,30124,999,411,.48777951E-3,.998E-5,0
FENGYUN 1C DEB,1999-025SE,2026-08-17T05:43:23.738016,14.24502846,.03360462,98.7279,331.5694,345.6427,42.3869,0,U,30125,999,442,.21599918E-3,.844E-5,0
FENGYUN 1C DEB,1999-025SG,2026-08-17T13:30:13.572576,14.41396290,.00838228,98.1976,80.7525,52.2466,308.6280,0,U,30127,999,801,.10790995E-2,.3604E-4,0
FENGYUN 1C DEB,1999-025SH,2026-08-17T09:01:50.821824,14.51786655,.01022948,96.9855,190.8220,62.2976,88.4610,0,U,30128,999,885,.19673092E-2,.8441E-4,0
FENGYUN 1C DEB,1999-025SJ,2026-08-17T06:41:34.461312,14.01946963,.01854673,98.0392,147.0650,105.9831,44.6128,0,U,30129,999,99946,.66865144E-4,.84E-6,0
FENGYUN 1C DEB,1999-025SL,2026-08-17T05:41:10.580928,14.23438321,.00813542,99.0754,333.3083,169.3408,223.8806,0,U,30131,999,207,.13779824E-2,.3193E-4,0
FENGYUN 1C DEB,1999-025SM,2026-08-17T09:24:17.618112,13.95104240,.01056014,99.6045,197.7634,103.2983,49.2615,0,U,30132,999,99542,.20822709E-3,.247E-5,0
FENGYUN 1C DEB,1999-025SN,2026-08-17T08:50:19.802400,14.07698969,.00818339,98.3471,21.9615,273.9410,114.9942,0,U,30133,999,99861,.60945604E-3,.1022E-4,0
FENGYUN 1C DEB,1999-025SP,2026-08-17T12:07:56.078688,14.13740577,.00184407,98.6807,246.4245,195.1315,321.2811,0,U,30134,999,743,.22923523E-3,.391E-5,0
FENGYUN 1C DEB,1999-025SR,2026-08-17T14:33:57.600288,13.95578142,.01293686,98.5289,109.5267,100.1641,291.4660,0,U,30136,999,99548,.36707361E-3,.497E-5,0
FENGYUN 1C DEB,1999-025ST,2026-08-17T02:33:39.426048,14.20789910,.00219639,98.7367,284.6649,143.9699,246.2168,0,U,30138,999,913,.48852286E-3,.1014E-4,0
FENGYUN 1C DEB,1999-025SU,2026-08-13T11:12:22.866048,14.04459228,.0129151,98.3584,54.8224,319.5403,101.0578,0,U,30139,999,99670,.56148721E-3,.924E-5,0
FENGYUN 1C DEB,1999-025SV,2026-08-15T03:13:10.643808,14.22053302,.00387621,98.8102,294.6748,327.6325,62.1682,0,U,30140,999,619,.54327497E-3,.1166E-4,0
FENGYUN 1C DEB,1999-025SW,2026-08-17T07:10:02.785440,14.56175191,.00183481,99.0164,175.0892,15.2157,344.9587,0,U,30141,999,1837,.11504843E-2,.5042E-4,0
FENGYUN 1C DEB,1999-025SX,2026-08-17T04:54:11.705760,14.11855607,.00986021,99.1188,313.9113,335.5138,24.1366,0,U,30142,999,99789,.8022654E-3,.1487E-4,0
FENGYUN 1C DEB,1999-025SY,2026-08-17T11:04:40.583712,14.03371772,.01007171,98.7460,47.9965,317.9084,70.0062,0,U,30143,999,99693,.36392083E-3,.552E-5,0
FENGYUN 1C DEB,1999-025SZ,2026-08-17T10:19:11.930880,13.92113789,.01257229,99.0252,220.5145,336.1858,180.2391,0,U,30144,999,99286,.30994974E-3,.379E-5,0
FENGYUN 1C DEB,1999-025TA,2026-08-17T07:57:12.883104,14.16428167,.00902992,99.2748,353.6637,170.9379,215.2585,0,U,30145,999,99698,.17378649E-2,.3549E-4,0
FENGYUN 1C DEB,1999-025TB,2026-08-17T07:35:18.154176,13.86958317,.01787227,98.0507,359.3589,154.4511,238.1496,0,U,30146,999,98849,.36403669E-3,.449E-5,0
FENGYUN 1C DEB,1999-025TD,2026-08-17T09:27:17.449344,13.88890230,.01330429,99.5751,29.9509,256.7082,132.0715,0,U,30148,999,98954,.43873689E-3,.521E-5,0
FENGYUN 1C DEB,1999-025TF,2026-08-16T22:30:51.344928,13.86923968,.01466719,99.0239,0.9165,28.4696,85.8670,0,U,30150,999,98884,.21410617E-3,.23E-5,0
FENGYUN 1C DEB,1999-025TG,2026-08-17T12:04:31.974240,13.84884081,.01620868,99.0629,234.0566,333.0311,182.8855,0,U,30151,999,98674,.41072444E-3,.47E-5,0
FENGYUN 1C DEB,1999-025TH,2026-08-17T13:17:10.852512,13.98030033,.0161424,99.0813,89.5593,124.3294,237.3264,0,U,30152,999,98839,.11367138E-2,.1761E-4,0
FENGYUN 1C DEB,1999-025TJ,2026-08-17T12:54:56.110752,13.79278371,.01997112,100.4698,250.7971,96.1064,54.7219,0,U,30153,999,98190,.33970869E-3,.353E-5,0
FENGYUN 1C DEB,1999-025TK,2026-08-17T13:17:56.210784,13.86764814,.01780494,98.4324,252.2324,237.5527,276.3075,0,U,30154,999,98418,.74499282E-3,.945E-5,0
FENGYUN 1C DEB,1999-025TL,2026-08-17T10:15:05.112000,13.75154675,.02367613,99.7486,313.2985,66.1249,296.4515,0,U,30155,999,97267,.42006512E-3,.448E-5,0
FENGYUN 1C DEB,1999-025TM,2026-08-17T08:58:56.840736,13.81635274,.01985906,98.9302,188.0680,318.3494,207.8470,0,U,30156,999,98109,.88396418E-3,.1054E-4,0
FENGYUN 1C DEB,1999-025TN,2026-08-17T06:31:48.413568,14.48171056,.00361879,98.7188,338.4460,167.9418,221.1860,0,U,30157,999,1647,.99521035E-3,.3693E-4,0
FENGYUN 1C DEB,1999-025TR,2026-08-17T06:07:09.179040,13.43243645,.03399919,98.8961,154.3078,223.9041,294.6632,0,U,30160,999,95736,.2695435E-3,.179E-5,0
FENGYUN 1C DEB,1999-025TS,2026-08-17T12:55:41.158848,13.50423438,.03274669,100.5166,235.9853,19.1396,130.5806,0,U,30161,999,95903,.81131304E-3,.676E-5,0
FENGYUN 1C DEB,1999-025TT,2026-08-17T01:52:03.537408,13.54362267,.03155501,99.4716,280.2214,86.2062,306.6703,0,U,30162,999,96008,.83983787E-3,.746E-5,0
FENGYUN 1C DEB,1999-025TU,2026-08-17T04:42:48.849408,13.39360497,.03665786,98.7049,314.6872,329.0220,56.5678,0,U,30163,999,95257,.4647937E-3,.333E-5,0
FENGYUN 1C DEB,1999-025TY,2026-08-17T05:51:30.900096,14.49320398,.01430112,98.9661,334.7333,132.4734,259.4587,0,U,30167,999,2942,.26960407E-3,.1116E-4,0
FENGYUN 1C DEB,1999-025TZ,2026-08-17T13:46:58.793376,14.55947832,.00964994,97.3678,277.9150,92.0705,269.1550,0,U,30168,999,1906,.7842819E-3,.3632E-4,0
FENGYUN 1C DEB,1999-025UA,2026-08-17T04:53:24.299808,14.63977469,.01970476,98.3151,305.4309,175.3722,242.1113,0,U,30169,999,1332,.11730047E-2,.8109E-4,0
FENGYUN 1C DEB,1999-025UB,2026-08-17T10:18:13.609152,14.00606689,.00765152,98.8731,213.7956,308.5884,205.1141,0,U,30170,999,99882,.2849482E-3,.391E-5,0
FENGYUN 1C DEB,1999-025UC,2026-08-17T02:47:25.477440,13.97014301,.01838796,98.3764,70.3548,294.7693,63.4438,0,U,30171,999,99724,.15236343E-3,.205E-5,0
FENGYUN 1C DEB,1999-025UD,2026-08-17T11:37:05.426112,14.13774429,.0066625,99.2506,221.6684,227.3198,285.3437,0,U,30172,999,16,.71651474E-3,.1337E-4,0
FENGYUN 1C DEB,1999-025UE,2026-08-17T04:05:29.529888,14.12590938,.00785142,98.9629,304.9723,311.9093,76.6201,0,U,30173,999,36,.66825916E-3,.1228E-4,0
FENGYUN 1C DEB,1999-025UF,2026-08-17T10:38:27.779712,15.04176489,.00114198,98.7787,51.7112,328.4196,49.8682,0,U,30174,999,2064,.23878253E-2,.33258E-3,0
FENGYUN 1C DEB,1999-025UG,2026-08-17T02:36:23.428800,13.84070077,.01443702,99.3506,289.3088,274.7055,113.9902,0,U,30175,999,98762,.222766E-3,.223E-5,0
FENGYUN 1C DEB,1999-025UJ,2026-08-17T06:29:07.082304,13.63491196,.04448945,98.6355,150.9133,206.0287,309.8282,0,U,30177,999,96835,.33810575E-3,.484E-5,0
FENGYUN 1C DEB,1999-025UK,2026-08-17T14:04:47.987328,13.59464669,.02807495,102.2529,169.5270,282.8286,257.3107,0,U,30178,999,96538,.6648048E-3,.571E-5,0
FENGYUN 1C DEB,1999-025UN,2026-08-17T05:30:52.288704,14.30943050,.00385762,98.8369,321.2609,357.6042,30.1029,0,U,30181,999,1031,.63161115E-3,.1628E-4,0
FENGYUN 1C DEB,1999-025UP,2026-08-17T14:11:17.628864,13.96554217,.00756767,99.0321,281.4028,62.7256,94.3984,0,U,30182,999,99767,.90036863E-4,.84E-6,0
FENGYUN 1C DEB,1999-025UQ,2026-08-17T01:40:07.557888,14.13091699,.00249742,98.7629,271.3512,270.8763,118.7193,0,U,30183,999,630,.27085267E-3,.464E-5,0
FENGYUN 1C DEB,1999-025UY,2026-08-17T05:51:58.218048,14.81246955,.00919583,98.7625,327.9133,198.3418,190.4915,0,U,30191,999,3936,.59859854E-3,.4951E-4,0
FENGYUN 1C DEB,1999-025VA,2026-08-17T12:51:10.860768,14.50617760,.01059367,98.7497,152.3836,104.5545,71.3725,0,U,30193,999,2758,.32667151E-3,.1325E-4,0
FENGYUN 1C DEB,1999-025VD,2026-08-17T05:55:03.144288,14.25919844,.00868838,98.6362,323.1158,61.6896,324.8374,0,U,30196,999,1889,.32021004E-4,.36E-6,0
FENGYUN 1C DEB,1999-025VE,2026-08-16T19:46:15.570048,14.38271099,.00559161,98.9487,169.1891,206.4014,173.8358,0,U,30197,999,2038,.29827234E-3,.876E-5,0
FENGYUN 1C DEB,1999-025VF,2026-08-17T07:51:30.137760,14.53073096,.01032134,98.4750,7.1923,161.1183,230.1471,0,U,30198,999,2087,.890926E-3,.39E-4,0
FENGYUN 1C DEB,1999-025VG,2026-08-17T00:09:14.652576,14.39786752,.00754962,98.3682,252.0392,286.3518,102.6268,0,U,30199,999,1967,.37871341E-3,.1183E-4,0
FENGYUN 1C DEB,1999-025VH,2026-08-17T12:57:54.038592,14.22450091,.01473616,99.0989,77.5720,110.7326,250.9714,0,U,30200,999,1501,.62452842E-4,.109E-5,0
FENGYUN 1C DEB,1999-025VJ,2026-08-16T23:44:04.676064,14.23401183,.00284687,99.4327,25.2792,333.3454,26.6257,0,U,30201,999,1333,.20052144E-3,.406E-5,0
FENGYUN 1C DEB,1999-025VK,2026-08-17T06:34:16.288032,14.56663416,.00352645,98.6434,339.7379,24.4056,335.8802,0,U,30202,999,1885,.10037421E-2,.4469E-4,0
FENGYUN 1C DEB,1999-025VN,2026-08-17T06:01:11.781984,13.88204350,.01200269,99.0117,336.9142,229.2438,159.9070,0,U,30205,999,99072,.19820273E-3,.208E-5,0
FENGYUN 1C DEB,1999-025VP,2026-08-17T11:14:13.040736,14.49954448,.01434402,98.2399,228.1332,357.1706,2.8661,0,U,30206,999,2989,.22089053E-3,.924E-5,0
FENGYUN 1C DEB,1999-025VQ,2026-08-17T04:57:42.941664,13.79253568,.02596223,98.5810,321.8761,198.8061,191.0018,0,U,30207,999,98474,.18243192E-3,.202E-5,0
FENGYUN 1C DEB,1999-025VR,2026-08-17T10:55:15.151008,14.24015180,.00322729,98.5686,229.0316,269.1513,246.6781,0,U,30208,999,1353,.23161891E-3,.492E-5,0
FENGYUN 1C DEB,1999-025VS,2026-08-17T11:57:40.921920,14.13171666,.00378481,98.7247,224.9568,253.5791,259.7952,0,U,30209,999,706,.14569002E-3,.231E-5,0
FENGYUN 1C DEB,1999-025VT,2026-08-17T03:08:45.991104,14.08729880,.00566516,99.1643,288.1109,165.6676,223.8368,0,U,30210,999,240,.24462248E-3,.382E-5,0
FENGYUN 1C DEB,1999-025VV,2026-08-17T03:32:05.038656,13.97289101,.00963229,99.4273,106.2799,286.6749,72.3856,0,U,30212,999,99680,.26132005E-3,.333E-5,0
FENGYUN 1C DEB,1999-025VW,2026-08-17T04:37:16.167072,14.12795395,.00676051,99.1133,314.8023,268.5719,120.4366,0,U,30213,999,8,.78704884E-3,.1447E-4,0
FENGYUN 1C DEB,1999-025VX,2026-08-17T04:33:55.073664,14.32660985,.0020947,98.7112,308.3935,38.4885,350.0881,0,U,30214,999,1042,.6030836E-3,.1599E-4,0
FENGYUN 1C DEB,1999-025WA,2026-08-17T08:50:48.281568,14.25167345,.01403587,98.4552,208.9325,94.7538,266.9686,0,U,30217,999,1598,.14088042E-3,.325E-5,0
FENGYUN 1C DEB,1999-025WB,2026-08-17T06:05:35.426400,14.31416694,.00665456,98.9851,331.6288,254.2909,135.3189,0,U,30218,999,645,.10729454E-2,.2869E-4,0
FENGYUN 1C DEB,1999-025WE,2026-08-17T06:21:18.007200,14.46316192,.01440813,98.9564,335.7250,22.5804,338.1642,0,U,30221,999,2979,.90781506E-4,.314E-5,0
FENGYUN 1C DEB,1999-025WF,2026-08-17T01:06:44.296128,14.04145683,.00383939,98.8140,260.3953,65.1188,324.5986,0,U,30222,999,310,-.33060211E-4,-.95E-6,0
FENGYUN 1C DEB,1999-025WH,2026-08-17T01:46:16.065984,13.90057473,.01118813,99.4550,277.1519,41.3070,349.0406,0,U,30224,999,99177,.15315992E-3,.153E-5,0
FENGYUN 1C DEB,1999-025WJ,2026-08-17T00:13:59.365632,14.15338658,.01005739,98.6386,253.3493,97.5583,293.3859,0,U,30225,999,1029,.83832106E-4,.13E-5,0
FENGYUN 1C DEB,1999-025WN,2026-08-17T11:58:07.281696,14.64318261,.00345247,99.0448,317.8444,5.2686,60.0410,0,U,30229,999,2538,.61916915E-3,.3238E-4,0
FENGYUN 1C DEB,1999-025WQ,2026-08-17T01:46:13.766016,14.12187404,.01283887,98.7759,273.9615,47.4470,343.1189,0,U,30231,999,509,.27588323E-3,.505E-5,0
FENGYUN 1C DEB,1999-025WR,2026-08-17T14:35:59.516736,14.65462103,.01308283,98.6732,88.5265,301.2658,79.9609,0,U,30232,999,3377,.23968435E-3,.1408E-4,0
FENGYUN 1C DEB,1999-025WT,2026-08-17T12:17:13.521120,14.17169772,.00672211,98.6298,238.0645,83.0275,67.9665,0,U,30234,999,963,.16025594E-3,.288E-5,0
FENGYUN 1C DEB,1999-025WU,2026-08-17T12:29:15.648000,14.09100443,.01523602,98.7371,245.3944,258.0387,257.1605,0,U,30235,999,381,.17794384E-3,.3E-5,0
FENGYUN 1C DEB,1999-025WW,2026-08-17T07:37:45.018624,14.44121612,.00120079,98.8326,345.7636,289.7574,93.7117,0,U,30237,999,1265,.90496097E-3,.3057E-4,0
FENGYUN 1C DEB,1999-025WY,2026-08-17T03:47:04.515360,11.41864097,.13583223,99.5032,301.1581,316.1983,33.8761,0,U,30239,999,57357,.15476688E-1,.5792E-4,0
FENGYUN 1C DEB,1999-025XA,2026-08-17T07:42:47.924928,14.09800812,.01466898,99.1822,11.7177,109.1813,281.2099,0,U,30241,999,401,.16841943E-3,.282E-5,0
FENGYUN 1C DEB,1999-025XB,2026-08-17T13:09:17.296704,14.18147742,.00119385,98.6591,262.8680,63.9766,97.8705,0,U,30242,999,935,.26988116E-3,.512E-5,0
FENGYUN 1C DEB,1999-025XC,2026-08-17T12:10:27.067008,14.13337455,.00130756,98.6883,238.7838,129.7322,22.4643,0,U,30243,999,771,.17824727E-3,.292E-5,0
FENGYUN 1C DEB,1999-025XD,2026-08-17T04:32:55.959648,14.15330846,.0009707,99.1194,129.6817,339.6388,174.5713,0,U,30244,999,843,.18019388E-3,.304E-5,0
FENGYUN 1C DEB,1999-025XE,2026-08-17T04:00:39.719232,13.79655013,.01917453,98.9067,207.0560,308.6854,49.7282,0,U,30245,999,98105,.6092957E-3,.68E-5,0
FENGYUN 1C DEB,1999-025XF,2026-08-17T06:26:39.835968,13.37149850,.03700431,98.7044,342.2519,197.7802,191.6134,0,U,30246,999,95448,.34152242E-3,.228E-5,0
FENGYUN 1C DEB,1999-025XG,2026-08-17T10:34:51.549888,14.66847325,.01707496,98.2637,142.5638,296.5458,116.1472,0,U,30247,999,905,.11708982E-2,.8083E-4,0
FENGYUN 1C DEB,1999-025XH,2026-08-17T02:28:49.355328,14.67835921,.00269632,99.0877,83.8678,111.5292,248.8788,0,U,30248,999,1006,.16152233E-2,.9225E-4,0
FENGYUN 1C DEB,1999-025XJ,2026-08-17T12:18:57.449088,14.65324588,.00234511,98.9654,59.7273,10.1571,15.8326,0,U,30249,999,1173,.13939813E-2,.7504E-4,0
FENGYUN 1C DEB,1999-025XK,2026-08-17T11:11:31.711200,14.01878031,.00640768,98.7677,216.6653,252.9712,259.3877,0,U,30250,999,99962,.12139765E-3,.145E-5,0
FENGYUN 1C DEB,1999-025XL,2026-08-17T04:07:36.937056,14.29829786,.00512812,99.0309,81.8545,333.9897,144.1659,0,U,30251,999,1677,.19521271E-3,.461E-5,0
FENGYUN 1C DEB,1999-025XM,2026-08-17T00:25:05.329920,14.10070602,.00649667,98.7344,241.9523,261.7915,125.7518,0,U,30252,999,448,.19755074E-3,.312E-5,0
FENGYUN 1C DEB,1999-025XN,2026-08-17T04:25:40.150272,13.73911954,.02217543,98.7389,301.3058,100.7383,316.6339,0,U,30253,999,97411,.69227521E-3,.738E-5,0
FENGYUN 1C DEB,1999-025XS,2026-08-17T11:43:28.624800,14.09844934,.00596123,98.7597,226.3477,117.9421,33.1066,0,U,30257,999,705,.22828281E-4,-.2E-7,0
FENGYUN 1C DEB,1999-025XU,2026-08-17T05:43:13.116000,14.52349287,.02393579,98.7336,96.5308,237.0290,249.4027,0,U,30259,999,3065,.91217426E-4,.473E-5,0
FENGYUN 1C DEB,1999-025XY,2026-08-16T00:50:20.475744,14.02355434,.01437618,98.9483,343.4775,37.0644,18.0053,0,U,30263,999,99476,.59006628E-3,.948E-5,0
FENGYUN 1C DEB,1999-025XZ,2026-08-17T09:52:45.332256,14.08484155,.01042705,98.9529,287.7779,314.3574,109.4642,0,U,30264,999,43,.5765382E-3,.994E-5,0
FENGYUN 1C DEB,1999-025YA,2026-08-17T07:20:16.776672,14.63923678,.00243273,98.6757,355.2631,330.4713,59.4995,0,U,30265,999,2019,.10171392E-2,.5293E-4,0
FENGYUN 1C DEB,1999-025YB,2026-08-17T15:25:28.426368,14.16286817,.00839625,99.0276,302.2116,83.9728,75.6914,0,U,30266,999,298,.6704132E-3,.1331E-4,0
FENGYUN 1C DEB,1999-025YC,2026-08-17T04:11:52.042560,14.25020524,.00565638,98.8374,306.9063,247.5626,111.9556,0,U,30267,999,816,.68131252E-3,.1577E-4,0
FENGYUN 1C DEB,1999-025YF,2026-08-17T12:25:23.915424,14.11372750,.00071183,98.6950,240.5641,173.2637,348.1521,0,U,30270,999,855,.43432753E-4,.36E-6,0
FENGYUN 1C DEB,1999-025YH,2026-08-17T04:08:17.065536,14.15733758,.00522869,98.8860,301.0994,121.2398,239.3914,0,U,30272,999,355,.62358566E-3,.1196E-4,0
FENGYUN 1C DEB,1999-025YJ,2026-08-17T07:08:02.569344,14.03054588,.00592844,98.8321,241.5736,279.7147,92.7304,0,U,30273,999,1,.21008544E-3,.288E-5,0
FENGYUN 1C DEB,1999-025YK,2026-08-17T12:57:52.945632,14.56130926,.00032235,99.3151,30.8117,157.4607,277.0173,0,U,30274,999,1811,.1051333E-2,.4586E-4,0
FENGYUN 1C DEB,1999-025YL,2026-08-17T06:01:00.042816,14.48486870,.00383593,98.6218,323.0782,157.7538,258.9568,0,U,30275,999,1651,.96776741E-3,.3618E-4,0
FENGYUN 1C DEB,1999-025YM,2026-08-17T03:56:18.390336,14.28428662,.00263135,98.8460,308.9320,91.1800,269.2396,0,U,30276,999,1039,.65182753E-3,.1591E-4,0
FENGYUN 1C DEB,1999-025YN,2026-08-16T16:07:40.037088,14.14563442,.01218576,98.9558,305.1082,197.7931,318.5811,0,U,30277,999,276,.65396626E-3,.1303E-4,0
FENGYUN 1C DEB,1999-025YQ,2026-08-17T07:22:41.972736,14.23954006,.02181692,99.1689,179.4251,84.3112,71.6094,0,U,30279,999,1133,.36406043E-3,.1018E-4,0
FENGYUN 1C DEB,1999-025YR,2026-08-17T10:44:48.057216,13.98527963,.00806127,98.7942,213.4643,2.7798,148.6662,0,U,30280,999,99868,.12921891E-3,.148E-5,0
FENGYUN 1C DEB,1999-025YS,2026-08-16T22:56:22.905024,14.10653402,.00274297,98.7750,217.7060,257.6884,157.8221,0,U,30281,999,707,.89301753E-4,.117E-5,0
FENGYUN 1C DEB,1999-025YT,2026-08-17T11:56:05.931168,14.13252219,.02099247,98.5087,225.6986,11.5881,139.0340,0,U,30282,999,849,.16509522E-3,.339E-5,0
FENGYUN 1C DEB,1999-025YU,2026-08-17T11:17:14.744256,14.02089030,.01848263,98.8811,221.7498,73.1723,77.1430,0,U,30283,999,163,-.68162351E-4,-.163E-5,0
FENGYUN 1C DEB,1999-025YV,2026-08-17T11:18:32.939712,14.30334573,.00384271,98.7058,302.9339,105.2434,17.0204,0,U,30284,999,1009,.73659069E-3,.1884E-4,0
FENGYUN 1C DEB,1999-025YX,2026-08-17T12:24:40.432896,14.12808634,.00645062,98.6937,231.6297,146.6915,5.9267,0,U,30286,999,955,.39453472E-4,.33E-6,0
FENGYUN 1C DEB,1999-025YY,2026-08-17T12:02:27.427776,13.69261978,.04131141,98.6172,243.4763,73.0949,78.5898,0,U,30287,999,97248,.50173126E-3,.759E-5,0
FENGYUN 1C DEB,1999-025YZ,2026-08-17T05:47:11.014080,14.34803913,.00196214,99.3937,336.9263,336.2119,54.0528,0,U,30288,999,1112,.70088667E-3,.1942E-4,0
FENGYUN 1C DEB,1999-025ZA,2026-08-17T13:29:08.458080,14.28088411,.00331918,98.9283,336.0892,334.7990,148.7022,0,U,30289,999,608,.104049E-2,.2555E-4,0
FENGYUN 1C DEB,1999-025ZB,2026-08-17T09:41:46.224672,14.95992819,.00143441,102.6125,119.8530,85.7939,331.7981,0,U,30290,999,1555,.25994431E-2,.29228E-3,0
FENGYUN 1C DEB,1999-025ZC,2026-08-17T13:53:00.181248,14.60470729,.01001896,97.2158,91.1066,309.8006,78.8679,0,U,30291,999,1306,.95249633E-3,.4915E-4,0
FENGYUN 1C DEB,1999-025ZE,2026-08-17T01:54:44.579232,14.50211144,.00755791,99.2396,88.8973,99.0964,53.7891,0,U,30293,999,2559,.316377E-3,.1221E-4,0
FENGYUN 1C DEB,1999-025ZF,2026-08-16T21:56:40.050816,14.35449108,.01956231,98.3751,214.8269,291.8564,95.2162,0,U,30294,999,2081,.12149146E-3,.382E-5,0
FENGYUN 1C DEB,1999-025ZG,2026-08-16T12:27:43.087680,14.25231586,.0094424,98.4913,248.2882,81.0000,72.1903,0,U,30295,999,1684,.73493098E-4,.14E-5,0
FENGYUN 1C DEB,1999-025ZJ,2026-08-17T15:46:34.638240,14.26586038,.036297,98.8298,188.0383,116.2097,55.0610,0,U,30297,999,98682,.86974191E-3,.4185E-4,0
FENGYUN 1C DEB,1999-025ZK,2026-08-17T05:21:50.690304,14.21731341,.00489164,99.0004,329.6812,138.4248,252.1011,0,U,30298,999,342,.98882741E-3,.2155E-4,0
FENGYUN 1C DEB,1999-025ZL,2026-08-17T04:12:42.721344,14.08934296,.01031102,99.0816,308.1921,37.3920,352.6501,0,U,30299,999,99773,.57082134E-3,.992E-5,0
FENGYUN 1C DEB,1999-025ZM,2026-08-16T17:53:21.545664,14.29247289,.00692071,99.0334,311.6555,301.3821,190.2597,0,U,30300,999,480,.88661846E-3,.2265E-4,0
FENGYUN 1C DEB,1999-025ZN,2026-08-17T10:01:40.829088,14.61623572,.00579883,98.6419,34.9798,247.4197,142.3580,0,U,30301,999,826,.19367762E-2,.9821E-4,0
FENGYUN 1C DEB,1999-025ZP,2026-08-16T15:58:11.176896,14.14923996,.01028051,98.5464,130.8252,128.7737,232.2677,0,U,30302,999,99533,.79526769E-3,.1577E-4,0
FENGYUN 1C DEB,1999-025ZQ,2026-08-17T04:36:09.550944,14.28346953,.0071625,99.0120,319.0831,287.8433,71.4943,0,U,30303,999,486,.10472755E-2,.2641E-4,0
FENGYUN 1C DEB,1999-025ZR,2026-08-13T04:13:40.058112,14.16622257,.00740942,99.0206,305.8044,78.5165,282.4317,0,U,30304,999,258,.43412396E-3,.845E-5,0
FENGYUN 1C DEB,1999-025ZS,2026-08-17T12:22:10.882272,13.60339524,.02644606,98.5947,144.8108,172.2722,5.0177,0,U,30305,999,97142,.15080551E-3,.107E-5,0
FENGYUN 1C DEB,1999-025ZT,2026-08-17T08:15:28.799712,14.29367378,.01104508,98.5675,271.3637,351.5011,8.4297,0,U,30306,999,1205,.39448925E-3,.1029E-4,0
FENGYUN 1C DEB,1999-025ZW,2026-08-17T03:46:16.678272,13.93685499,.0092255,99.1955,290.2881,239.7437,119.4568,0,U,30309,999,99479,.22804776E-3,.265E-5,0
FENGYUN 1C DEB,1999-025ZX,2026-08-17T06:59:15.336672,14.09000521,.02397818,98.6520,244.3972,15.7111,345.1336,0,U,30310,999,216,.29553756E-3,.624E-5,0
FENGYUN 1C DEB,1999-025ZY,2026-08-17T04:14:33.931968,13.78069749,.01636528,99.1365,320.6558,260.6687,97.5928,0,U,30311,999,98368,.27608127E-3,.263E-5,0
FENGYUN 1C DEB,1999-025ZZ,2026-08-17T05:43:32.760768,14.49566312,.00116744,98.8596,325.3149,181.0115,207.5534,0,U,30312,999,1501,.11247018E-2,.4273E-4,0
FENGYUN 1C DEB,1999-025AAA,2026-08-17T12:06:35.180640,14.27414177,.00542456,98.8702,323.9301,339.4947,83.0443,0,U,30313,999,618,.82583598E-3,.2012E-4,0
FENGYUN 1C DEB,1999-025AAB,2026-08-17T10:53:41.314560,14.02074308,.01434495,98.3984,45.6762,18.7757,341.8626,0,U,30314,999,99579,.36616877E-3,.573E-5,0
FENGYUN 1C DEB,1999-025AAC,2026-08-17T11:51:42.780096,14.19370914,.00353038,98.5993,236.7725,5.5901,147.4717,0,U,30315,999,1221,.16230858E-3,.3E-5,0
FENGYUN 1C DEB,1999-025AAD,2026-08-17T13:04:20.781408,14.60794053,.00322368,98.6554,347.0608,359.6292,0.4878,0,U,30316,999,1949,.97719735E-3,.4756E-4,0
FENGYUN 1C DEB,1999-025AAE,2026-08-17T11:36:12.963168,14.07060234,.00241517,98.7944,228.0992,300.9727,58.9069,0,U,30317,999,494,.11076028E-3,.142E-5,0
FENGYUN 1C DEB,1999-025AAH,2026-08-17T03:59:02.932224,13.98682876,.00848965,99.1567,293.4761,336.7282,48.2449,0,U,30320,999,99866,.55747327E-4,.37E-6,0
FENGYUN 1C DEB,1999-025AAJ,2026-08-17T11:20:10.195872,14.16926686,.00593345,98.6653,227.0096,245.8401,268.2409,0,U,30321,999,1052,.15012772E-3,.263E-5,0
FENGYUN 1C DEB,1999-025AAK,2026-08-17T12:49:36.582816,14.06939522,.01243007,98.3793,74.3758,268.4028,90.2901,0,U,30322,999,99683,.45200016E-3,.768E-5,0
FENGYUN 1C DEB,1999-025AAL,2026-08-17T12:00:23.766912,14.09180937,.00150619,98.7193,246.0556,273.8690,86.0758,0,U,30325,999,494,.13935695E-4,-.18E-6,0
FENGYUN 1C DEB,1999-025AAM,2026-08-17T14:53:24.590400,13.85567471,.01427749,98.6214,102.7027,74.4288,287.2578,0,U,30326,999,98888,.92077608E-4,.76E-6,0
FENGYUN 1C DEB,1999-025AAN,2026-08-17T04:33:20.073888,14.19777384,.01149738,98.4308,116.7564,144.7919,6.7805,0,U,30327,999,99952,.88074228E-3,.1953E-4,0
FENGYUN 1C DEB,1999-025AAP,2026-08-17T12:17:20.337216,14.12589122,.00055236,98.6833,237.0680,164.3599,347.2400,0,U,30328,999,756,.55819427E-4,.61E-6,0
FENGYUN 1C DEB,1999-025AAQ,2026-08-17T05:58:27.761952,13.86955847,.01423152,99.2618,151.3462,91.5039,61.5875,0,U,30329,999,98841,.22739057E-3,.245E-5,0
FENGYUN 1C DEB,1999-025AAR,2026-08-17T10:39:51.625728,13.82846612,.01840742,98.9006,213.1631,237.6790,276.3090,0,U,30330,999,98080,.72042588E-3,.852E-5,0
FENGYUN 1C DEB,1999-025AAS,2026-08-17T01:35:57.275232,13.98081019,.00969468,98.9306,262.2910,45.7640,342.3601,0,U,30331,999,99575,-.2524308E-4,-.8E-6,0
FENGYUN 1C DEB,1999-025AAT,2026-08-17T11:06:11.783232,13.76946116,.01769162,99.7421,211.6985,179.3528,333.6377,0,U,30332,999,98124,.22180024E-3,.199E-5,0
FENGYUN 1C DEB,1999-025AAV,2026-08-16T20:07:32.046240,13.93344051,.01415307,99.0228,327.1875,28.5996,99.2467,0,U,30334,999,98661,.52261026E-3,.699E-5,0
FENGYUN 1C DEB,1999-025AAW,2026-08-17T10:44:58.235136,14.01478907,.01358265,98.9187,220.0208,163.0104,350.1566,0,U,30335,999,57,.17889356E-3,.25E-5,0
FENGYUN 1C DEB,1999-025AAX,2026-08-17T12:05:31.107264,14.19633421,.00435769,98.5854,248.0835,13.4291,151.7325,0,U,30336,999,1114,.16509979E-3,.309E-5,0
FENGYUN 1C DEB,1999-025AAZ,2026-08-17T05:12:46.964736,14.49973687,.02645937,98.4360,304.3987,159.7619,266.6253,0,U,30338,999,1729,.6812623E-3,.4086E-4,0
FENGYUN 1C DEB,1999-025ABA,2026-08-17T15:02:51.618048,14.41582916,.00215784,98.9771,352.8887,75.0675,297.2492,0,U,30339,999,992,.10703164E-2,.3444E-4,0
FENGYUN 1C DEB,1999-025ABB,2026-08-17T03:32:18.884256,14.04701187,.01456859,98.9687,288.3642,165.0986,222.2945,0,U,30340,999,254,-.43301614E-4,-.12E-5,0
FENGYUN 1C DEB,1999-025ABC,2026-08-17T05:36:13.760640,14.37437254,.00502702,99.2113,139.2943,59.2609,92.3959,0,U,30341,999,633,.12906659E-2,.3869E-4,0
FENGYUN 1C DEB,1999-025ABD,2026-08-17T01:08:33.396000,13.80354654,.01671622,100.1930,72.7445,206.8920,307.1560,0,U,30342,999,98300,.34764206E-3,.352E-5,0
FENGYUN 1C DEB,1999-025ABF,2026-08-17T05:21:41.040288,14.56238046,.00083781,98.8157,329.4093,100.7816,289.4844,0,U,30344,999,1674,.11202367E-2,.4908E-4,0
FENGYUN 1C DEB,1999-025ABG,2026-08-17T03:43:30.440352,14.44475535,.00160498,98.9075,304.8764,223.0054,136.9882,0,U,30345,999,1343,.91870719E-3,.3129E-4,0
FENGYUN 1C DEB,1999-025ABH,2026-08-17T06:05:05.851680,14.36437355,.00528857,98.8105,336.0345,15.6511,14.9062,0,U,30346,999,963,.88332417E-3,.2585E-4,0
FENGYUN 1C DEB,1999-025ABJ,2026-08-17T05:09:28.244736,13.92888481,.01509328,98.3962,34.9701,65.4908,108.9898,0,U,30347,999,99405,.15748157E-3,.187E-5,0
FENGYUN 1C DEB,1999-025ABK,2026-08-17T06:54:04.319136,14.37472037,.00178536,98.8649,336.1121,8.5403,16.3268,0,U,30348,999,1084,.71048604E-3,.2084E-4,0
FENGYUN 1C DEB,1999-025ABL,2026-08-17T08:24:02.974752,14.12672394,.00886127,98.5978,186.5385,26.2620,126.8267,0,U,30349,999,99725,.10391027E-2,.1957E-4,0
FENGYUN 1C DEB,1999-025ABM,2026-08-17T08:59:45.413952,13.83276926,.02176504,98.1201,18.7572,346.0250,42.0465,0,U,30350,999,98405,.30617937E-3,.367E-5,0
FENGYUN 1C DEB,1999-025ABP,2026-08-16T12:06:59.699232,14.07742815,.00280737,98.7488,247.0602,344.6820,171.7412,0,U,30352,999,374,.15868758E-3,.227E-5,0
FENGYUN 1C DEB,1999-025ABS,2026-08-17T11:19:38.735040,14.19443853,.00524028,98.5919,231.2924,315.1256,208.2415,0,U,30355,999,852,.34703472E-3,.697E-5,0
FENGYUN 1C DEB,1999-025ABT,2026-08-17T11:07:13.008864,14.13632499,.00516049,98.6940,222.5862,303.4523,208.9734,0,U,30356,999,503,.34814633E-3,.622E-5,0
FENGYUN 1C DEB,1999-025ABU,2026-08-17T00:56:01.518144,14.05367459,.00492299,98.7843,253.8617,357.0001,31.9410,0,U,30357,999,275,-.51731048E-4,-.128E-5,0
FENGYUN 1C DEB,1999-025ABV,2026-08-17T11:05:45.305088,14.22094110,.0080988,98.5575,56.0364,199.5547,190.4794,0,U,30358,999,434,.78008652E-3,.1743E-4,0
FENGYUN 1C DEB,1999-025ABW,2026-08-17T05:08:32.824320,13.95440491,.01434578,101.6184,123.5249,85.0877,276.6637,0,U,30359,999,98519,.14209238E-2,.2038E-4,0
FENGYUN 1C DEB,1999-025ABX,2026-08-17T15:43:20.764416,14.27978141,.00307823,98.7502,304.5832,143.5704,15.1645,0,U,30360,999,935,.60438385E-3,.1462E-4,0
FENGYUN 1C DEB,1999-025ABY,2026-08-17T13:51:04.105440,14.26309272,.00650014,98.5481,264.6945,28.2916,332.1770,0,U,30361,999,1149,.38843646E-3,.911E-5,0
FENGYUN 1C DEB,1999-025ABZ,2026-08-17T05:54:58.541760,14.13542424,.00956283,99.0498,159.7191,6.8768,353.3691,0,U,30362,999,99663,.13851446E-2,.268E-4,0
FENGYUN 1C DEB,1999-025ACA,2026-08-15T10:34:27.838272,14.18211283,.00782954,99.0185,307.3761,61.2344,299.6667,0,U,30363,999,288,.60153393E-3,.1229E-4,0
FENGYUN 1C DEB,1999-025ACB,2026-08-17T04:48:43.678656,14.20263324,.03209716,98.1259,130.7411,315.7691,199.6944,0,U,30364,999,99150,.10053849E-2,.3567E-4,0
FENGYUN 1C DEB,1999-025ACC,2026-08-16T22:04:37.887744,14.19500999,.01676754,98.6328,222.0055,117.8093,306.3864,0,U,30365,999,1100,.10661269E-3,.216E-5,0
FENGYUN 1C DEB,1999-025ACD,2026-08-17T13:41:47.443200,14.34138113,.00611968,98.9265,159.9200,213.3668,322.4319,0,U,30366,999,1875,.19957898E-3,.523E-5,0
FENGYUN 1C DEB,1999-025ACF,2026-08-17T05:48:42.344928,13.75528445,.01857838,99.1973,331.3969,15.4527,51.0916,0,U,30368,999,98064,.84384841E-4,.5E-6,0
FENGYUN 1C DEB,1999-025ACG,2026-08-17T10:43:52.059648,14.12246226,.00985391,98.7325,225.3152,211.1986,305.1874,0,U,30369,999,743,.11084048E-3,.17E-5,0
FENGYUN 1C DEB,1999-025ACH,2026-08-17T04:03:06.707232,14.20208220,.00982213,99.0374,295.4707,332.1916,52.9035,0,U,30370,999,605,.39801746E-3,.845E-5,0
FENGYUN 1C DEB,1999-025ACJ,2026-08-17T01:42:04.236768,14.31301838,.00060034,98.5545,273.3999,329.2217,60.7296,0,U,30371,999,1438,.43526911E-3,.1109E-4,0
FENGYUN 1C DEB,1999-025ACM,2026-08-17T09:33:27.724320,14.64684804,.00382605,99.2520,128.2122,133.0447,283.3293,0,U,30374,999,2543,.72481797E-3,.3839E-4,0
FENGYUN 1C DEB,1999-025ACQ,2026-08-17T00:16:27.259968,13.99421621,.01177624,98.8806,246.2349,302.3149,85.2905,0,U,30377,999,99665,.48162652E-4,.31E-6,0
FENGYUN 1C DEB,1999-025ACS,2026-08-17T12:30:17.048160,14.08265557,.0035197,98.7496,241.8468,301.0054,211.6703,0,U,30379,999,297,.10063228E-3,.13E-5,0
FENGYUN 1C DEB,1999-025ACT,2026-08-17T14:57:38.824128,14.51226742,.01759675,98.8809,296.5151,189.9869,169.7811,0,U,30380,999,3159,.14581599E-3,.648E-5,0
FENGYUN 1C DEB,1999-025ACU,2026-08-17T13:24:26.179776,14.13822856,.00559543,98.7937,265.5672,91.0613,269.6971,0,U,30381,999,95667,.57606626E-3,.1064E-4,0
FENGYUN 1C DEB,1999-025ACV,2026-08-17T02:12:40.933152,14.26299554,.01525872,98.4765,264.7598,352.8979,30.6524,0,U,30382,999,1057,.35474654E-3,.918E-5,0
FENGYUN 1C DEB,1999-025ACY,2026-08-17T08:23:57.054624,14.39188113,.01237346,99.0590,269.2311,281.3462,140.5842,0,U,30385,999,2328,.10650366E-3,.306E-5,0
FENGYUN 1C DEB,1999-025ACZ,2026-08-17T13:35:17.016288,13.56308569,.03018283,98.6741,100.8564,233.3854,154.1206,0,U,30386,999,96188,.64058698E-3,.566E-5,0
FENGYUN 1C DEB,1999-025ADA,2026-08-17T07:10:42.439584,14.15303580,.00016593,98.6478,241.9505,95.5817,277.2617,0,U,30387,999,826,.13341893E-3,.217E-5,0
FENGYUN 1C DEB,1999-025ADB,2026-08-17T07:54:40.324032,14.20343098,.02208857,98.5841,248.0659,66.2552,60.4301,0,U,30388,999,942,.27596175E-3,.711E-5,0
FENGYUN 1C DEB,1999-025ADC,2026-08-17T05:17:34.860768,14.47505747,.00130244,98.8321,325.6600,194.0140,196.1000,0,U,30389,999,1361,.10019902E-2,.364E-4,0
FENGYUN 1C DEB,1999-025ADD,2026-08-17T05:41:30.078816,14.31591824,.00675319,98.8160,320.9291,160.1581,255.5272,0,U,30390,999,923,.77595263E-3,.2073E-4,0
FENGYUN 1C DEB,1999-025ADE,2026-08-17T14:25:57.915264,14.17172360,.00693128,98.7606,277.0721,272.9337,241.4449,0,U,30391,999,376,.4868149E-3,.96E-5,0
FENGYUN 1C DEB,1999-025ADF,2026-08-17T00:56:09.868704,14.07965516,.01803886,98.7724,245.8815,19.9519,34.9755,0,U,30392,999,142,.28893064E-3,.527E-5,0
FENGYUN 1C DEB,1999-025ADG,2026-08-17T02:57:23.389632,13.99075073,.00699719,99.1330,291.4152,301.4878,87.5667,0,U,30393,999,99789,.749111E-4,.65E-6,0
FENGYUN 1C DEB,1999-025ADH,2026-08-17T02:53:47.704128,13.95952356,.00897866,99.4087,267.9388,150.8320,277.4885,0,U,30394,999,99555,.35964536E-3,.463E-5,0
FENGYUN 1C DEB,1999-025ADJ,2026-08-17T12:09:01.969920,13.97010525,.01608609,98.9212,242.8957,63.1661,88.6656,0,U,30395,999,99482,.37245505E-3,.538E-5,0
FENGYUN 1C DEB,1999-025ADK,2026-08-17T10:37:46.463232,13.87241694,.01342963,98.2375,209.8817,164.2449,347.6566,0,U,30396,999,99013,.76052188E-4,.6E-6,0
FENGYUN 1C DEB,1999-025ADL,2026-08-17T08:15:15.929568,13.99455863,.01498683,98.4310,2.6411,117.6178,272.4020,0,U,30397,999,99227,.2682526E-3,.393E-5,0
FENGYUN 1C DEB,1999-025ADM,2026-08-16T16:20:09.284064,13.78918938,.01738103,99.6969,136.1228,12.1563,17.4899,0,U,30398,999,98160,.26773994E-3,.259E-5,0
FENGYUN 1C DEB,1999-025ADP,2026-08-17T08:09:09.764640,14.12531527,.02210666,99.1589,167.1272,1.5046,149.4604,0,U,30400,999,99007,.14249266E-2,.3273E-4,0
FENGYUN 1C DEB,1999-025ADQ,2026-08-17T03:51:36.468000,14.28175989,.0107669,98.9145,116.7291,129.7526,231.3201,0,U,30401,999,1836,.73986283E-4,.151E-5,0
FENGYUN 1C DEB,1999-025ADS,2026-08-16T22:45:53.350560,14.23497113,.00739546,99.0533,319.1613,36.4233,324.1944,0,U,30403,999,321,.77740757E-3,.1772E-4,0
FENGYUN 1C DEB,1999-025ADT,2026-08-17T04:52:11.137152,13.34660048,.03791566,99.8271,316.7518,259.0357,96.7903,0,U,30404,999,61337,.16194437E-2,.1175E-4,0
FENGYUN 1C DEB,1999-025ADU,2026-08-17T12:07:28.380576,14.30660170,.00507442,98.7945,330.9039,148.7044,341.4547,0,U,30405,999,930,.72657865E-3,.1881E-4,0
FENGYUN 1C DEB,1999-025ADV,2026-08-17T13:35:27.349728,13.59882432,.02802898,98.6099,95.8100,71.7989,320.4367,0,U,30406,999,96534,.1008277E-2,.938E-5,0
FENGYUN 1C DEB,1999-025ADX,2026-08-15T17:18:50.512608,14.38013918,.00467839,99.0207,202.7867,315.8964,221.8884,0,U,30408,999,65068,.18520426E-2,.563E-4,0
FENGYUN 1C DEB,1999-025ADY,2026-08-17T10:13:30.408096,14.04267266,.01677552,98.4944,205.6339,25.8697,124.5009,0,U,30409,999,99905,.30254913E-3,.505E-5,0
FENGYUN 1C DEB,1999-025AEA,2026-08-17T04:56:44.416032,14.09132259,.01215143,98.5714,132.8420,123.8138,237.4672,0,U,30411,999,99467,.66780593E-3,.1201E-4,0
FENGYUN 1C DEB,1999-025AEC,2026-08-16T21:42:33.194304,14.35226468,.00444381,102.0610,203.2176,292.9496,93.6756,0,U,30413,999,676,.10855356E-2,.3067E-4,0
FENGYUN 1C DEB,1999-025AED,2026-08-17T10:34:24.100608,14.36836018,.00558029,99.1004,44.9751,182.1212,177.9744,0,U,30414,999,633,.10260339E-2,.3039E-4,0
FENGYUN 1C DEB,1999-025AEE,2026-08-17T11:17:36.652704,13.69539399,.0230632,99.6355,294.9764,354.0253,133.6067,0,U,30415,999,97268,.42473809E-3,.4E-5,0
FENGYUN 1C DEB,1999-025AEF,2026-08-17T12:28:19.438752,14.02799270,.00542329,98.8162,251.2954,217.8671,141.8676,0,U,30416,999,98,-.46014062E-4,-.115E-5,0
FENGYUN 1C DEB,1999-025AEG,2026-08-17T10:39:33.780672,14.14915876,.00643983,98.7111,218.2989,131.8980,21.0198,0,U,30417,999,885,.14006634E-3,.234E-5,0
FENGYUN 1C DEB,1999-025AEH,2026-08-17T11:57:57.019968,14.87618301,.01048561,98.8534,62.0678,45.6023,344.5601,0,U,30418,999,4272,.32860053E-3,.3231E-4,0
FENGYUN 1C DEB,1999-025AEJ,2026-08-16T19:39:19.089216,14.18626807,.00532353,99.2596,191.0711,46.8162,15.6541,0,U,30419,999,852,.22402103E-3,.423E-5,0
FENGYUN 1C DEB,1999-025AET,2026-08-17T11:46:47.795808,14.41541022,.008139,98.8200,141.4920,322.9651,36.5936,0,U,30432,999,2303,.26243348E-3,.837E-5,0
FENGYUN 1C DEB,1999-025AEV,2026-08-17T05:43:53.284224,13.90860447,.01200017,99.0197,213.6726,278.3185,149.2017,0,U,30434,999,99147,.17134922E-3,.183E-5,0
FENGYUN 1C DEB,1999-025AEW,2026-08-17T09:15:46.199232,13.80819137,.02057438,99.0262,209.5931,169.8217,350.2875,0,U,30435,999,97576,.1412494E-2,.1704E-4,0
FENGYUN 1C DEB,1999-025AEX,2026-08-17T15:05:57.157728,14.24570663,.0095892,98.4116,118.1200,128.0056,262.7555,0,U,30436,999,99964,.11601399E-2,.2785E-4,0
FENGYUN 1C DEB,1999-025AEY,2026-08-17T10:42:37.167264,14.99519991,.00247614,98.8960,287.2604,27.6788,98.6176,0,U,30437,999,2884,.14435249E-2,.17804E-3,0
FENGYUN 1C DEB,1999-025AEZ,2026-08-17T11:44:06.076608,13.92896987,.01320058,98.7423,237.7941,225.2408,133.7953,0,U,30438,999,98754,.60065956E-3,.795E-5,0
FENGYUN 1C DEB,1999-025AFA,2026-08-16T13:16:50.100960,14.09135437,.00384641,98.7449,238.0501,359.2769,124.0780,0,U,30439,999,255,.25030613E-3,.395E-5,0
FENGYUN 1C DEB,1999-025AFC,2026-08-17T04:02:20.511744,13.77931070,.0182524,99.1254,314.0826,321.7150,37.1159,0,U,30441,999,98277,.2448846E-3,.234E-5,0
FENGYUN 1C DEB,1999-025AFD,2026-08-17T05:54:26.282592,14.30917151,.00517698,98.8668,332.3118,286.5545,72.9954,0,U,30442,999,698,.86839318E-3,.2268E-4,0
FENGYUN 1C DEB,1999-025AFE,2026-08-17T08:21:20.566080,14.39680454,.00257069,98.8579,189.1671,330.1858,29.7863,0,U,30443,999,993,.99835153E-3,.309E-4,0
FENGYUN 1C DEB,1999-025AFG,2026-08-17T08:27:45.446112,14.49808734,.01037077,98.8624,197.8841,353.2911,6.6887,0,U,30445,999,2769,.31170179E-3,.1233E-4,0
FENGYUN 1C DEB,1999-025AFH,2026-08-17T04:18:42.522912,14.47284457,.00339174,98.6055,320.4148,73.1028,287.3878,0,U,30446,999,1754,.68365104E-3,.2473E-4,0
FENGYUN 1C DEB,1999-025AFJ,2026-08-17T05:19:01.189920,14.61277489,.00554242,98.9586,115.5288,359.4704,124.4877,0,U,30447,999,1696,.10527301E-2,.5255E-4,0
FENGYUN 1C DEB,1999-025AFK,2026-08-17T06:40:11.239968,14.37527525,.00162222,98.8308,332.0202,6.7541,17.9059,0,U,30448,999,893,.76232031E-3,.2241E-4,0
FENGYUN 1C DEB,1999-025AFM,2026-08-16T23:42:23.200128,14.63601321,.01854564,98.0713,242.8709,150.5123,269.3538,0,U,30450,999,3151,.24243163E-3,.1561E-4,0
FENGYUN 1C DEB,1999-025AFP,2026-08-17T10:38:57.026976,14.73950375,.00409561,99.3371,48.3219,211.2115,179.2127,0,U,30452,999,1731,.17844438E-2,.11825E-3,0
FENGYUN 1C DEB,1999-025AFQ,2026-08-17T05:01:28.900992,14.26162165,.011266,98.7979,306.9443,228.2576,155.4516,0,U,30453,999,761,.66691333E-3,.1661E-4,0
FENGYUN 1C DEB,1999-025AFR,2026-08-17T07:55:31.558368,14.18101201,.01642723,98.1342,183.6898,192.8682,323.8372,0,U,30454,999,99466,.95065638E-3,.219E-4,0
FENGYUN 1C DEB,1999-025AFZ,2026-08-17T11:06:40.775616,14.06436684,.01382453,98.8366,216.6909,274.8222,238.1516,0,U,30462,999,271,.20683669E-4,-.7E-7,0
FENGYUN 1C DEB,1999-025AGB,2026-08-17T14:45:39.596832,14.10321356,.01080417,98.8030,280.1592,278.1307,237.1191,0,U,30464,999,553,.53182127E-4,.55E-6,0
FENGYUN 1C DEB,1999-025AGC,2026-08-17T05:36:53.760384,14.36061627,.00163661,98.8265,327.9484,25.9856,3.6623,0,U,30465,999,906,.73765822E-3,.2103E-4,0
FENGYUN 1C DEB,1999-025AGD,2026-08-17T02:07:52.727808,14.23563160,.01163677,98.6350,269.6729,27.5159,0.4858,0,U,30466,999,869,.43308822E-3,.1014E-4,0
FENGYUN 1C DEB,1999-025AGE,2026-08-17T12:41:32.927712,14.18058795,.00648369,98.6588,256.0843,134.7061,21.2531,0,U,30467,999,676,.41301263E-3,.822E-5,0
FENGYUN 1C DEB,1999-025AGF,2026-08-17T04:39:35.149248,14.22212182,.00723712,98.9138,318.1729,50.4777,339.9857,0,U,30468,999,305,.58464599E-3,.1287E-4,0
FENGYUN 1C DEB,1999-025AGG,2026-08-17T11:41:24.561312,13.97164784,.01572952,98.4648,65.8928,197.4292,193.3198,0,U,30469,999,99165,.7959833E-3,.1197E-4,0
FENGYUN 1C DEB,1999-025AGJ,2026-08-17T05:33:39.184992,14.14952993,.00790326,99.0506,325.0872,275.1514,112.8992,0,U,30471,999,99941,.73303251E-3,.1414E-4,0
FENGYUN 1C DEB,1999-025AGK,2026-08-16T19:58:39.501696,14.58416236,.00353793,98.6591,344.1535,45.1305,85.3469,0,U,30472,999,1632,.10159757E-2,.4701E-4,0
FENGYUN 1C DEB,1999-025AGM,2026-08-17T05:45:09.749952,14.40673172,.00228119,98.9223,323.1868,356.9668,30.2315,0,U,30474,999,951,.87832349E-3,.2766E-4,0
FENGYUN 1C DEB,1999-025AGN,2026-08-17T14:12:55.831968,14.16358380,.00405094,98.7725,272.5414,304.0569,209.4386,0,U,30475,999,457,.37396348E-3,.704E-5,0
FENGYUN 1C DEB,1999-025AGP,2026-08-17T03:10:35.721696,14.22201490,.00434934,99.1077,279.3642,314.8549,69.9795,0,U,30476,999,357,.63593426E-3,.1377E-4,0
FENGYUN 1C DEB,1999-025AGQ,2026-08-17T02:57:44.295840,13.24379506,.04296226,99.4199,294.2384,43.6252,347.5529,0,U,30477,999,93993,-.3449976E-3,-.28E-5,0
FENGYUN 1C DEB,1999-025AGS,2026-08-17T11:39:11.799936,14.33967628,.01660552,98.2176,237.1548,125.0582,28.1159,0,U,30480,999,2218,.12706119E-3,.37E-5,0
FENGYUN 1C DEB,1999-025AGT,2026-08-17T12:32:21.497856,14.39924599,.02204605,98.3255,245.1588,234.0885,280.7006,0,U,30481,999,2040,.14202083E-3,.541E-5,0
FENGYUN 1C DEB,1999-025AHB,2026-08-17T12:04:15.133152,14.16082198,.01381846,98.4622,237.2023,270.7353,244.2637,0,U,30489,999,892,.12058088E-3,.219E-5,0
FENGYUN 1C DEB,1999-025AHE,2026-08-17T14:41:49.484256,14.59416236,.0092227,102.3246,8.5397,126.1157,234.8608,0,U,30492,999,497,.2308491E-2,.11536E-3,0
FENGYUN 1C DEB,1999-025AHF,2026-08-17T11:25:23.172960,13.94168594,.01802141,98.5803,47.0983,250.0779,135.0125,0,U,30493,999,98546,.12568319E-2,.1866E-4,0
FENGYUN 1C DEB,1999-025AHG,2026-08-17T01:56:22.827264,13.80033033,.01841982,99.2618,264.4622,286.7754,71.3263,0,U,30494,999,97897,.60577606E-3,.67E-5,0
FENGYUN 1C DEB,1999-025AHH,2026-08-17T14:03:30.460608,12.95336102,.0593447,102.2692,353.4250,118.9029,247.2922,0,U,30495,999,91881,.1497636E-2,.894E-5,0
FENGYUN 1C DEB,1999-025AHJ,2026-08-17T06:57:07.949376,14.98069398,.01209245,98.7842,170.3085,13.4451,346.9942,0,U,30496,999,4846,.47141753E-3,.6406E-4,0
FENGYUN 1C DEB,1999-025AHL,2026-08-17T15:05:05.445600,14.07353442,.01003161,99.2286,290.8251,186.9480,334.8593,0,U,30498,999,99254,.10428249E-2,.1788E-4,0
FENGYUN 1C DEB,1999-025AHN,2026-08-16T05:33:12.197952,14.27656229,.00641188,99.0730,333.5661,124.8681,305.0710,0,U,30500,999,192,.10785793E-2,.2671E-4,0
FENGYUN 1C DEB,1999-025AHP,2026-08-17T12:16:49.405152,14.26894895,.00394,99.0932,234.6092,207.2833,304.5274,0,U,30501,999,450,.56037229E-3,.1324E-4,0
FENGYUN 1C DEB,1999-025AHR,2026-08-17T02:14:33.770688,14.16361052,.00080188,99.1825,85.6271,292.2178,219.3254,0,U,30503,999,848,.13428255E-3,.219E-5,0
FENGYUN 1C DEB,1999-025AHS,2026-08-16T14:02:19.695552,14.21027921,.01097561,98.9971,284.5629,231.3431,127.7885,0,U,30504,999,898,.24557102E-3,.519E-5,0
FENGYUN 1C DEB,1999-025AHT,2026-08-17T04:10:28.606944,14.23451361,.00618365,98.9172,316.9403,250.4115,173.4950,0,U,30505,999,434,.65069078E-3,.1461E-4,0
FENGYUN 1C DEB,1999-025AHU,2026-08-17T05:43:57.110016,14.08889962,.00705478,98.7595,232.3055,9.2727,125.6744,0,U,30506,999,307,.1825554E-3,.28E-5,0
FENGYUN 1C DEB,1999-025AHV,2026-08-14T03:30:51.236640,14.14068117,.0127377,98.9963,297.3121,204.5269,185.4990,0,U,30507,999,99951,.65628373E-3,.1304E-4,0
FENGYUN 1C DEB,1999-025AHX,2026-08-17T02:34:06.375936,14.08986336,.01017081,98.4567,90.7567,79.5655,70.8378,0,U,30509,999,99204,.79722036E-3,.1408E-4,0
FENGYUN 1C DEB,1999-025AHY,2026-08-17T13:19:18.609600,14.13961171,.00776952,99.2348,254.6690,190.0929,322.5438,0,U,30510,999,72,.66480109E-3,.1252E-4,0
FENGYUN 1C DEB,1999-025AJC,2026-08-17T12:21:40.978368,14.35152992,.01729904,98.3951,251.5142,76.0380,285.9975,0,U,30514,999,1776,.29789159E-3,.962E-5,0
FENGYUN 1C DEB,1999-025AJD,2026-08-17T09:43:47.278848,13.64539937,.04940002,98.4846,80.6266,137.5450,347.4670,0,U,30515,999,96707,.39308943E-3,.694E-5,0
FENGYUN 1C DEB,1999-025AJE,2026-08-17T14:23:06.540864,14.44665758,.00067916,98.8639,348.4254,264.2820,108.5972,0,U,30516,999,1290,.10235811E-2,.3501E-4,0
FENGYUN 1C DEB,1999-025AJJ,2026-08-17T07:28:42.938976,15.25099018,.00545457,98.7081,85.3952,345.9112,14.0598,0,U,30520,999,4802,.48809779E-3,.1266E-3,0
FENGYUN 1C DEB,1999-025AJK,2026-08-17T09:12:18.135072,14.59715192,.01327036,99.0201,30.4686,209.6326,149.7307,0,U,30521,999,3191,.326049E-3,.1695E-4,0
FENGYUN 1C DEB,1999-025AJM,2026-08-17T09:46:26.863104,14.28301307,.02432116,98.4923,205.9535,99.8214,51.4074,0,U,30523,999,1635,.11837192E-3,.358E-5,0
FENGYUN 1C DEB,1999-025AJN,2026-08-17T10:49:42.635424,13.94946883,.01988627,99.3228,48.6363,298.9464,59.1884,0,U,30524,999,97336,.1844396E-2,.2878E-4,0
FENGYUN 1C DEB,1999-025AJP,2026-08-17T13:37:11.955936,13.59224902,.0294366,98.5867,89.5491,21.8201,339.5185,0,U,30525,999,96483,.60324064E-3,.555E-5,0
FENGYUN 1C DEB,1999-025AJQ,2026-08-16T16:13:46.005024,13.50221882,.03057647,99.5350,305.9025,7.0326,353.4956,0,U,30526,999,95990,.24723782E-3,.168E-5,0
FENGYUN 1C DEB,1999-025AJR,2026-08-17T02:19:27.129792,13.31519209,.04089505,100.0454,272.3905,357.9708,26.8536,0,U,30527,999,94648,.45797923E-3,.304E-5,0
FENGYUN 1C DEB,1999-025AJS,2026-08-17T02:17:54.974688,14.13809503,.01424653,98.2082,84.0071,230.8766,282.3942,0,U,30528,999,630,.17368142E-3,.323E-5,0
FENGYUN 1C DEB,1999-025AJT,2026-08-17T04:02:15.366624,13.72262139,.02293477,98.4788,127.8700,279.8815,77.6517,0,U,30529,999,97401,.59971442E-3,.621E-5,0
FENGYUN 1C DEB,1999-025AJU,2026-08-17T13:47:07.771200,14.37121019,.01001841,98.3680,266.5203,115.7815,36.4895,0,U,30530,999,2345,.11968053E-3,.333E-5,0
FENGYUN 1C DEB,1999-025AJV,2026-08-17T14:02:17.065536,14.71162446,.00209368,102.3047,183.4601,251.0389,108.8533,0,U,30531,999,1321,.19578648E-2,.12027E-3,0
FENGYUN 1C DEB,1999-025AJX,2026-08-17T08:39:13.362912,14.59543836,.00749384,98.8452,18.1892,113.7930,277.3996,0,U,30533,999,1416,.14385982E-2,.7059E-4,0
FENGYUN 1C DEB,1999-025AKD,2026-08-17T10:31:22.715040,14.56535292,.01133272,98.8966,231.0639,242.4961,116.4680,0,U,30539,999,2948,.17098685E-3,.77E-5,0
FENGYUN 1C DEB,1999-025AKE,2026-08-17T07:11:07.901664,14.34680211,.00517148,98.8871,349.1098,57.4699,332.2033,0,U,30540,999,833,.83570376E-3,.2355E-4,0
FENGYUN 1C DEB,1999-025AKF,2026-08-17T01:25:50.584800,14.24053052,.00182228,98.6746,277.4041,88.4896,271.8370,0,U,30541,999,840,.44195063E-3,.974E-5,0
FENGYUN 1C DEB,1999-025AKG,2026-08-17T07:22:33.254976,14.07087266,.00278407,98.7639,255.7563,358.2072,62.6158,0,U,30542,999,385,.173958E-3,.249E-5,0
FENGYUN 1C DEB,1999-025AKH,2026-08-17T12:25:39.697248,14.03907325,.00731368,98.8302,237.0829,60.8525,89.8949,0,U,30543,999,99981,-.37061378E-4,-.102E-5,0
FENGYUN 1C DEB,1999-025AKK,2026-08-17T10:30:58.134240,13.20934969,.04724864,98.9909,52.4985,130.5359,233.7919,0,U,30545,999,94200,.24317054E-3,.146E-5,0
FENGYUN 1C DEB,1999-025AKL,2026-08-16T15:39:49.931136,14.90754432,.00880428,98.8783,120.0888,92.2022,299.1835,0,U,30546,999,4132,.46424667E-3,.4838E-4,0
FENGYUN 1C DEB,1999-025AKM,2026-08-17T07:11:20.261184,14.38072446,.00947059,98.8803,85.9354,206.6751,215.5037,0,U,30547,999,2278,.10280948E-3,.279E-5,0
FENGYUN 1C DEB,1999-025AKN,2026-08-17T07:20:06.776736,14.28808099,.00671301,99.6749,158.3572,355.2205,157.1037,0,U,30548,999,17628,.94307853E-3,.2383E-4,0
FENGYUN 1C DEB,1999-025AKP,2026-08-17T06:00:17.043264,14.00190081,.02848791,98.4895,337.0567,282.0174,74.9199,0,U,30549,999,98756,.62458633E-3,.1266E-4,0
FENGYUN 1C DEB,1999-025AKQ,2026-08-14T11:09:41.575392,14.03999936,.0130765,99.0465,125.5779,338.6073,196.7397,0,U,30550,999,98827,.9767E-3,.1621E-4,0
FENGYUN 1C DEB,1999-025AKS,2026-08-17T08:46:15.411360,14.60915555,.00127708,98.8449,21.5354,214.1750,145.8628,0,U,30552,999,1260,.14712461E-2,.7164E-4,0
FENGYUN 1C DEB,1999-025AKT,2026-08-17T07:35:17.678976,14.82316809,.00179886,99.1327,1.8241,96.1768,264.1491,0,U,30553,999,2117,.13705763E-2,.10936E-3,0
FENGYUN 1C DEB,1999-025AKV,2026-08-17T02:39:31.286592,14.21993171,.0040531,98.7382,285.3531,278.5741,110.8664,0,U,30555,999,451,.58228034E-3,.1253E-4,0
FENGYUN 1C DEB,1999-025AKW,2026-08-16T21:33:00.731232,14.01642988,.00659072,98.7996,218.1477,272.0310,150.1131,0,U,30556,999,99719,.22753021E-3,.308E-5,0
FENGYUN 1C DEB,1999-025AKX,2026-08-17T02:57:19.819584,14.11794662,.00667595,98.9052,297.4666,252.5929,106.7935,0,U,30557,999,99790,.72116125E-3,.1298E-4,0
FENGYUN 1C DEB,1999-025AKY,2026-08-16T07:15:55.235232,13.29398399,.04226817,99.4745,354.4992,37.7995,325.2034,0,U,30558,999,94033,-.16959082E-3,-.167E-5,0
FENGYUN 1C DEB,1999-025ALA,2026-08-17T10:57:59.076864,14.17314380,.01142371,98.6785,222.1962,220.3880,294.0387,0,U,30560,999,878,.11239408E-3,.199E-5,0
FENGYUN 1C DEB,1999-025ALB,2026-08-17T05:44:52.775808,14.11536878,.00605943,98.7306,229.5815,130.7878,4.9451,0,U,30561,999,470,.18213578E-3,.294E-5,0
FENGYUN 1C DEB,1999-025ALC,2026-08-17T04:30:26.779680,14.24492307,.00570273,98.7482,300.8386,268.5346,116.3259,0,U,30562,999,514,.66665286E-3,.1527E-4,0
FENGYUN 1C DEB,1999-025ALE,2026-08-17T12:08:44.118816,14.06352796,.02019377,98.7903,239.3293,142.1421,9.6273,0,U,30564,999,99777,.31493145E-3,.584E-5,0
FENGYUN 1C DEB,1999-025ALF,2026-08-17T13:13:19.972704,14.11428353,.01413605,98.4458,90.2196,8.2015,20.8700,0,U,30565,999,99421,.75955388E-3,.147E-4,0
FENGYUN 1C DEB,1999-025ALG,2026-08-16T16:28:47.412768,14.12690064,.00673241,99.1993,288.8554,208.6105,278.0192,0,U,30566,999,99868,.61948299E-3,.1126E-4,0
FENGYUN 1C DEB,1999-025ALH,2026-08-17T11:28:07.134240,14.09145179,.01079207,98.7932,219.0284,209.7621,304.8146,0,U,30567,999,262,.10330944E-3,.146E-5,0
FENGYUN 1C DEB,1999-025ALJ,2026-08-17T12:26:50.928864,14.60911503,.0017181,98.9471,63.4857,148.5512,238.6418,0,U,30568,999,1263,.11242766E-2,.5464E-4,0
FENGYUN 1C DEB,1999-025ALK,2026-08-17T09:50:09.210912,14.85903072,.00040682,98.7446,35.3134,27.2097,332.9328,0,U,30569,999,1862,.17962828E-2,.1563E-3,0
FENGYUN 1C DEB,1999-025ALL,2026-08-17T00:59:42.595872,14.14649511,.0034496,98.6908,260.2386,225.0785,164.5125,0,U,30570,999,488,.21844202E-3,.379E-5,0
FENGYUN 1C DEB,1999-025ALM,2026-08-17T01:22:20.592192,14.10907343,.00201586,98.7107,252.9938,252.9635,131.7345,0,U,30571,999,368,.13932794E-3,.208E-5,0
FENGYUN 1C DEB,1999-025ALN,2026-08-17T07:47:05.080704,14.09126229,.00212492,98.7484,257.0247,316.1257,107.9070,0,U,30572,999,244,.64098827E-4,.69E-6,0
FENGYUN 1C DEB,1999-025ALP,2026-08-17T02:56:09.234240,14.15309028,.00858279,99.2105,279.8288,298.4360,87.1492,0,U,30573,999,99695,.8034064E-3,.1573E-4,0
FENGYUN 1C DEB,1999-025ALQ,2026-08-17T09:50:44.006784,13.78876379,.02171717,99.3260,33.5684,54.5080,307.6122,0,U,30574,999,97180,.97890322E-3,.1147E-4,0
FENGYUN 1C DEB,1999-025ALR,2026-08-16T19:29:22.340832,14.41358247,.00526053,99.1751,342.3987,229.6963,282.1477,0,U,30575,999,1766,.40058102E-3,.1267E-4,0
FENGYUN 1C DEB,1999-025ALT,2026-08-17T13:29:56.702976,14.11525614,.00278821,98.7460,262.4247,300.5810,212.9722,0,U,30577,999,269,.23592739E-3,.386E-5,0
FENGYUN 1C DEB,1999-025ALV,2026-08-16T23:50:57.612768,14.05487390,.0053877,98.7887,251.3307,129.2569,308.8354,0,U,30579,999,99930,.21286806E-3,.308E-5,0
FENGYUN 1C DEB,1999-025ALZ,2026-08-17T13:45:14.815296,14.17519842,.01932249,99.1206,97.8764,334.1238,25.0369,0,U,30594,999,1024,.66929864E-4,.113E-5,0
FENGYUN 1C DEB,1999-025AMB,2026-08-17T12:03:54.003168,14.34908338,.02455352,98.4237,226.2463,270.8868,251.1695,0,U,30596,999,2112,.96393973E-4,.329E-5,0
FENGYUN 1C DEB,1999-025AME,2026-08-15T23:25:55.438176,14.20661336,.02994389,98.5973,238.2075,351.6196,8.0042,0,U,30599,999,661,.32148238E-3,.1037E-4,0
FENGYUN 1C DEB,1999-025AMF,2026-08-13T17:56:45.569760,14.11674294,.03136805,98.3907,159.5136,268.7320,87.7906,0,U,30600,999,97870,.72619521E-3,.2054E-4,0
FENGYUN 1C DEB,1999-025AMJ,2026-08-17T11:57:23.184864,13.84873413,.01800682,98.4005,231.6539,246.4730,268.1482,0,U,30603,999,98304,.70198251E-3,.86E-5,0
FENGYUN 1C DEB,1999-025AMK,2026-08-17T00:43:52.959648,14.24006704,.02086425,98.3767,257.7189,2.7439,26.3618,0,U,30604,999,1327,.14093831E-3,.36E-5,0
FENGYUN 1C DEB,1999-025AMM,2026-08-17T12:22:44.209344,14.59656724,.02088401,98.0920,238.5291,83.3988,66.0306,0,U,30606,999,2855,.46785708E-3,.2973E-4,0
FENGYUN 1C DEB,1999-025AMP,2026-08-17T10:28:29.180640,14.29559803,.00146051,98.6850,296.4657,163.4719,261.5086,0,U,30608,999,976,.49233503E-3,.1216E-4,0
FENGYUN 1C DEB,1999-025AMQ,2026-08-17T04:59:30.564096,14.12997677,.0117879,98.5625,140.0235,65.7216,295.6218,0,U,30609,999,99221,.10289601E-2,.2009E-4,0
FENGYUN 1C DEB,1999-025AMX,2026-08-17T00:31:44.274144,13.36573268,.03816249,98.6253,254.9227,355.0489,4.6914,0,U,30616,999,95003,.63355942E-3,.461E-5,0
FENGYUN 1C DEB,1999-025ANA,2026-08-16T18:44:42.831456,14.41686459,.0213999,98.2782,249.5059,31.9617,329.4349,0,U,30619,999,2497,.16611487E-3,.661E-5,0
FENGYUN 1C DEB,1999-025ANC,2026-08-17T07:13:02.022240,14.05256294,.01361553,98.7008,167.5631,331.3875,182.1274,0,U,30621,999,99065,.10884561E-2,.187E-4,0
FENGYUN 1C DEB,1999-025AND,2026-08-17T10:49:05.436768,14.34798381,.00688489,100.9920,312.1484,64.2757,356.9254,0,U,30622,999,72346,.14768255E-2,.4241E-4,0
FENGYUN 1C DEB,1999-025ANE,2026-08-16T21:27:53.347680,13.29553286,.04035209,98.8510,17.7959,217.4093,300.5026,0,U,30623,999,94500,.64508244E-3,.432E-5,0
FENGYUN 1C DEB,1999-025ANF,2026-08-17T06:20:29.613696,14.74045649,.00171428,98.8811,337.5063,217.3842,142.6172,0,U,30624,999,1120,.20266729E-2,.13329E-3,0
FENGYUN 1C DEB,1999-025ANG,2026-08-17T09:12:41.206464,14.47063176,.00425469,98.9229,202.6783,286.2347,73.4165,0,U,30625,999,261,.17591761E-2,.6434E-4,0
FENGYUN 1C DEB,1999-025ANK,2026-08-17T14:44:15.747360,14.76544493,.00188524,99.3435,187.4266,195.2768,164.7870,0,U,30628,999,2114,.12622666E-2,.8771E-4,0
FENGYUN 1C DEB,1999-025ANL,2026-08-16T20:15:18.414432,14.66701901,.00089819,99.2550,359.7204,153.6175,358.3097,0,U,30629,999,1503,.14434184E-2,.7987E-4,0
FENGYUN 1C DEB,1999-025ANM,2026-08-17T11:52:47.281152,14.23218069,.00267929,99.1839,57.9157,87.0301,301.7976,0,U,30630,999,734,.36937603E-3,.791E-5,0
FENGYUN 1C DEB,1999-025ANP,2026-08-17T09:57:10.067040,14.72802049,.00160596,98.8353,25.2563,119.1485,267.7649,0,U,30632,999,1325,.16058296E-2,.10242E-3,0
FENGYUN 1C DEB,1999-025ANQ,2026-08-17T13:03:34.255872,14.05016900,.01286995,98.4020,81.6191,278.1280,110.3658,0,U,30633,999,99371,.42627573E-3,.698E-5,0
FENGYUN 1C DEB,1999-025ANR,2026-08-17T11:55:38.087040,14.11471562,.01194348,99.3078,226.0322,125.7142,25.4489,0,U,30634,999,99110,.94938447E-3,.1794E-4,0
FENGYUN 1C DEB,1999-025ANW,2026-08-16T18:58:56.410752,14.35967063,.0061916,99.0263,356.5492,279.2431,80.1754,0,U,30639,999,259,.12308002E-2,.3605E-4,0
FENGYUN 1C DEB,1999-025ANX,2026-08-17T05:17:09.824640,14.15831658,.00814538,99.0430,309.0019,120.0087,303.0408,0,U,30640,999,99946,.59088753E-3,.1155E-4,0
FENGYUN 1C DEB,1999-025ANY,2026-08-17T09:09:22.790592,14.81467454,.01310678,98.9664,197.3376,66.2952,85.3912,0,U,30641,999,4196,.38642749E-3,.3439E-4,0
FENGYUN 1C DEB,1999-025APD,2026-08-17T00:06:07.314048,14.10188731,.0049109,98.6393,244.8886,50.8377,309.7143,0,U,30646,999,85,.31509778E-3,.522E-5,0
FENGYUN 1C DEB,1999-025APE,2026-08-17T07:57:09.384768,14.61768793,.00283359,98.9958,186.9861,136.6275,23.5984,0,U,30647,999,1600,.11826762E-2,.5881E-4,0
FENGYUN 1C DEB,1999-025APF,2026-08-17T05:37:14.111040,14.51552824,.00335341,98.6428,335.1506,98.0664,292.1527,0,U,30648,999,1454,.95219133E-3,.3791E-4,0
FENGYUN 1C DEB,1999-025APG,2026-08-17T05:08:08.996064,14.31407225,.00501452,98.8107,332.6606,167.2809,221.1744,0,U,30649,999,601,.80747884E-3,.2126E-4,0
FENGYUN 1C DEB,1999-025APH,2026-08-17T02:55:53.729760,14.15055783,.00710756,99.1890,282.0209,213.0541,216.2941,0,U,30650,999,99796,.68264101E-3,.1308E-4,0
FENGYUN 1C DEB,1999-025APJ,2026-08-17T14:20:01.798656,14.07881385,.00071748,98.7583,260.6344,290.2610,221.9254,0,U,30652,999,179,.20215167E-4,-.8E-7,0
FENGYUN 1C DEB,1999-025APL,2026-08-17T06:20:00.417408,14.18045855,.00348368,99.2478,167.5025,117.1144,243.3589,0,U,30654,999,185,.53900969E-3,.1064E-4,0
FENGYUN 1C DEB,1999-025APN,2026-08-17T06:08:48.476832,14.49051565,.00314154,99.0217,64.6547,70.1962,290.2612,0,U,30656,999,660,.94593462E-3,.3564E-4,0
FENGYUN 1C DEB,1999-025APP,2026-08-17T06:54:54.184032,14.41546000,.00144892,98.8409,340.2494,334.0210,53.0035,0,U,30657,999,794,.94043794E-3,.3014E-4,0
FENGYUN 1C DEB,1999-025APQ,2026-08-17T12:24:53.019648,13.88207792,.01786875,98.4216,243.0563,265.2938,92.7796,0,U,30658,999,98121,.87255725E-3,.1144E-4,0
FENGYUN 1C DEB,1999-025APS,2026-08-17T01:30:48.035808,14.91052477,.01283192,98.1444,337.7054,243.8904,292.1821,0,U,30660,999,4466,.30312885E-3,.3441E-4,0
FENGYUN 1C DEB,1999-025APT,2026-08-17T00:04:59.766528,14.21309983,.01446878,99.4897,68.1002,68.4931,293.1599,0,U,30661,999,1415,.63587349E-4,.104E-5,0
FENGYUN 1C DEB,1999-025APU,2026-08-14T15:53:15.340704,14.23696564,.00311356,99.0357,294.4984,289.0877,224.2951,0,U,30662,999,114,.54171799E-3,.1196E-4,0
FENGYUN 1C DEB,1999-025APV,2026-08-17T03:44:32.779680,13.24760883,.06468876,99.2948,126.4370,257.8895,94.9077,0,U,30663,999,92322,.86104618E-3,.1116E-4,0
FENGYUN 1C DEB,1999-025APX,2026-08-17T10:41:04.821216,14.13608907,.00659588,99.2201,213.2975,227.3235,285.3728,0,U,30665,999,99468,.64185972E-3,.1188E-4,0
FENGYUN 1C DEB,1999-025APY,2026-08-17T11:05:38.336064,14.02795957,.00606431,98.8472,210.7533,172.6093,340.0389,0,U,30666,999,99583,.1272719E-3,.157E-5,0
FENGYUN 1C DEB,1999-025AQA,2026-08-16T17:17:33.008352,14.13648272,.00771407,99.1215,311.5050,271.0302,241.4045,0,U,30668,999,99543,.66738637E-3,.1249E-4,0
FENGYUN 1C DEB,1999-025AQB,2026-08-17T06:49:56.519616,14.03817295,.011591,98.6400,158.6425,200.9728,322.2071,0,U,30669,999,98925,.62068254E-3,.997E-5,0
FENGYUN 1C DEB,1999-025AQC,2026-08-17T08:24:31.279392,14.15918878,.00402361,98.6780,272.7617,80.2243,340.4444,0,U,30670,999,634,.50331223E-4,.57E-6,0
FENGYUN 1C DEB,1999-025AQD,2026-08-17T03:48:24.492384,13.96291614,.01270728,99.2351,299.7054,79.5874,310.7631,0,U,30671,999,98647,.49581012E-3,.687E-5,0
FENGYUN 1C DEB,1999-025AQF,2026-08-17T14:14:03.655104,14.03572597,.00521007,98.8872,278.4964,171.2966,345.0913,0,U,30673,999,8,.28458628E-3,.409E-5,0
FENGYUN 1C DEB,1999-025AQH,2026-08-17T04:23:53.014272,14.29036035,.00527958,98.7447,313.8302,164.7022,226.3579,0,U,30675,999,422,.79145065E-3,.1989E-4,0
FENGYUN 1C DEB,1999-025AQJ,2026-08-17T06:26:15.256032,13.74933063,.04695285,98.2878,28.2174,96.2814,269.2017,0,U,30676,999,97324,.45808479E-3,.946E-5,0
FENGYUN 1C DEB,1999-025AQK,2026-08-17T14:22:01.276896,14.39663169,.0065673,98.2361,270.1115,176.4832,335.3329,0,U,30677,999,1533,.54558363E-3,.1708E-4,0
FENGYUN 1C DEB,1999-025AQL,2026-08-17T10:13:26.025024,14.27416452,.00669352,99.0763,204.0768,237.5376,274.9244,0,U,30678,999,99405,.12057988E-2,.2982E-4,0
FENGYUN 1C DEB,1999-025AQM,2026-08-16T10:28:10.400736,13.80030236,.01723395,99.3561,282.7582,146.5351,228.8081,0,U,30679,999,97922,.28568528E-3,.289E-5,0
FENGYUN 1C DEB,1999-025AQN,2026-08-17T14:02:27.876768,13.57645866,.03149421,99.6475,272.4864,262.5075,94.0184,0,U,30680,999,95615,.2902854E-2,.2834E-4,0
FENGYUN 1C DEB,1999-025AQR,2026-08-17T12:35:15.832320,14.01255403,.01351889,99.4052,253.5449,267.6059,250.0213,0,U,30683,999,99020,.78742464E-3,.1235E-4,0
FENGYUN 1C DEB,1999-025AQS,2026-08-17T13:45:40.863168,13.67289324,.02342436,99.5133,272.2489,353.4354,6.3738,0,U,30684,999,97015,.54427899E-3,.508E-5,0
FENGYUN 1C DEB,1999-025AQU,2026-08-17T14:33:24.918624,14.76318975,.0139147,99.0116,97.0281,67.3759,321.9434,0,U,30686,999,3257,.36682368E-3,.2912E-4,0
FENGYUN 1C DEB,1999-025AQW,2026-08-17T04:14:34.637856,14.34610054,.00137293,98.6889,308.7264,307.9924,81.9269,0,U,30688,999,807,.71138551E-3,.1968E-4,0
FENGYUN 1C DEB,1999-025AQX,2026-08-16T21:24:42.101280,14.12131359,.01112845,98.7292,213.3979,120.4158,301.2105,0,U,30689,999,370,.20548555E-3,.358E-5,0
FENGYUN 1C DEB,1999-025AQY,2026-08-17T02:49:56.459712,14.03462129,.01033065,99.1666,166.2040,111.7316,14.7898,0,U,30690,999,99176,.42216216E-3,.648E-5,0
FENGYUN 1C DEB,1999-025AQZ,2026-08-17T11:07:57.345024,13.90081045,.01367442,98.7420,230.9916,275.1110,250.3644,0,U,30691,999,98557,.61985265E-3,.783E-5,0
FENGYUN 1C DEB,1999-025ARB,2026-08-16T10:51:59.260608,14.13558634,.00287847,98.7082,211.7977,183.3394,176.7591,0,U,30693,999,418,.14880987E-3,.239E-5,0
FENGYUN 1C DEB,1999-025ARC,2026-08-17T11:48:15.953184,14.91332346,.01198576,99.0636,236.3125,224.1697,134.9901,0,U,30694,999,3783,.16778131E-3,.1833E-4,0
FENGYUN 1C DEB,1999-025ARE,2026-08-17T02:52:05.694240,14.46039431,.0088765,98.3636,279.8761,95.9779,293.6021,0,U,30696,999,1865,.41164987E-3,.1495E-4,0
FENGYUN 1C DEB,1999-025ARF,2026-08-17T15:20:36.471264,14.14649465,.00863046,98.8907,290.4298,201.4899,313.1296,0,U,30697,999,99764,.63395336E-3,.1219E-4,0
FENGYUN 1C DEB,1999-025ARH,2026-08-17T03:03:59.274432,14.50701270,.00030395,99.3272,19.2082,207.9548,152.1480,0,U,30699,999,1197,.95050129E-3,.3684E-4,0
FENGYUN 1C DEB,1999-025ARJ,2026-08-16T23:52:36.649632,14.23993582,.00870483,98.5193,254.9675,142.4102,218.3205,0,U,30700,999,1082,.97150327E-4,.19E-5,0
FENGYUN 1C DEB,1999-025ARK,2026-08-16T19:58:35.471136,14.13949634,.0035623,98.6858,268.5721,117.2502,297.6619,0,U,30701,999,612,.96235E-5,-.24E-6,0
FENGYUN 1C DEB,1999-025ARL,2026-08-13T16:30:47.016288,14.04211012,.00700075,98.7571,241.8241,338.7784,88.2506,0,U,30702,999,99585,.34680856E-3,.52E-5,0
FENGYUN 1C DEB,1999-025ARM,2026-08-16T23:41:46.438656,14.20346992,.01148391,99.1567,227.3941,309.5017,106.1559,0,U,30703,999,44,.52543886E-3,.1154E-4,0
FENGYUN 1C DEB,1999-025ARN,2026-08-17T12:04:23.991744,14.02229703,.00823846,98.8831,226.8226,129.1407,23.6532,0,U,30704,999,99583,-.29099E-7,-.42E-6,0
FENGYUN 1C DEB,1999-025ARP,2026-08-17T10:30:51.935904,13.82507155,.01982025,102.1948,50.2286,54.5500,337.5396,0,U,30705,999,97431,.7499628E-3,.878E-5,0
FENGYUN 1C DEB,1999-025ARQ,2026-08-17T04:06:06.029568,14.27286716,.00265497,99.0483,137.4549,133.5963,226.7426,0,U,30706,999,1156,.33539204E-3,.776E-5,0
FENGYUN 1C DEB,1999-025ARR,2026-08-17T04:03:24.908256,14.28152739,.00277546,99.3976,307.1287,85.1651,305.1170,0,U,30707,999,329,.68603692E-3,.1664E-4,0
FENGYUN 1C DEB,1999-025ARS,2026-08-17T12:25:58.504800,14.12310732,.00076431,98.6833,240.5212,208.7245,304.8870,0,U,30708,999,290,.67358968E-4,.81E-6,0
FENGYUN 1C DEB,1999-025ART,2026-08-17T10:03:26.257824,14.19554033,.00794453,99.1557,220.2301,288.0359,71.2171,0,U,30709,999,99508,.91817906E-3,.1951E-4,0
FENGYUN 1C DEB,1999-025ARU,2026-08-16T17:36:56.386080,13.96054691,.02187606,102.7476,216.3992,219.0007,317.5150,0,U,30710,999,98233,.78802257E-3,.1246E-4,0
FENGYUN 1C DEB,1999-025ARY,2026-08-17T01:41:06.258048,14.03725523,.00646329,98.8112,275.2202,314.0361,123.1330,0,U,30714,999,99462,.39541632E-3,.59E-5,0
FENGYUN 1C DEB,1999-025ARZ,2026-08-17T04:27:19.118016,14.16019739,.00662157,98.9622,304.7507,184.4321,175.6274,0,U,30715,999,99682,.8064529E-3,.158E-4,0
FENGYUN 1C DEB,1999-025ASA,2026-08-17T13:25:08.379264,14.94402271,.001634,98.8597,86.5400,23.4299,6.9610,0,U,30716,999,1507,.18670693E-2,.20139E-3,0
FENGYUN 1C DEB,1999-025ASB,2026-08-17T03:37:15.096288,14.21880012,.00448698,99.0054,309.8654,268.5519,91.0518,0,U,30717,999,43,.63953726E-3,.1378E-4,0
FENGYUN 1C DEB,1999-025ASC,2026-08-16T11:13:11.947296,14.25831245,.00566468,98.8827,316.9397,163.0191,197.2901,0,U,30718,999,254,.64349411E-3,.1511E-4,0
FENGYUN 1C DEB,1999-025ASD,2026-08-17T10:05:45.640896,14.67142242,.00108904,98.8971,35.5562,147.1336,213.0545,0,U,30719,999,1060,.15993317E-2,.8952E-4,0
FENGYUN 1C DEB,1999-025ASE,2026-08-17T10:59:21.397920,14.29961500,.00310519,99.0463,57.3158,333.4641,55.9937,0,U,30720,999,990,.27902284E-3,.675E-5,0
FENGYUN 1C DEB,1999-025ASF,2026-08-17T09:42:45.247104,14.82995382,.0021287,98.7202,25.8543,275.2883,112.6359,0,U,30721,999,1482,.14413697E-2,.11712E-3,0
FENGYUN 1C DEB,1999-025ASH,2026-08-17T13:29:05.892000,14.44446799,.00142637,98.8405,329.7937,235.8347,255.9076,0,U,30723,999,944,.10867731E-2,.3707E-4,0
FENGYUN 1C DEB,1999-025ASJ,2026-08-17T01:05:54.096864,14.37554424,.00919513,99.3067,79.1117,260.2649,255.6590,0,U,30724,999,1998,.15006115E-3,.419E-5,0
FENGYUN 1C DEB,1999-025ASK,2026-08-17T04:38:21.340320,14.17300140,.00868522,98.9936,305.8258,48.9142,338.3064,0,U,30725,999,99852,.70381071E-3,.1431E-4,0
FENGYUN 1C DEB,1999-025ASL,2026-08-16T23:42:15.521760,14.10181647,.00768104,99.2670,243.0424,257.7119,131.7272,0,U,30726,999,99467,.50598056E-3,.873E-5,0
FENGYUN 1C DEB,1999-025ASN,2026-08-17T06:59:58.673184,14.23558594,.00995467,98.5307,233.5132,80.8089,280.4335,0,U,30728,999,1208,.41921947E-4,.59E-6,0
FENGYUN 1C DEB,1999-025ASQ,2026-08-17T01:58:23.723328,14.26473200,.00777708,98.5977,268.8656,48.4950,340.3310,0,U,30730,999,521,.37748925E-3,.896E-5,0
FENGYUN 1C DEB,1999-025ASR,2026-08-17T12:48:12.526848,14.44901941,.00131443,98.8531,323.7434,221.1950,261.7505,0,U,30731,999,925,.1050841E-2,.3617E-4,0
FENGYUN 1C DEB,1999-025ASS,2026-08-17T06:51:42.763104,14.04161491,.01227473,98.7903,246.5749,235.9796,261.7953,0,U,30732,999,99665,.34123881E-3,.535E-5,0
FENGYUN 1C DEB,1999-025ASV,2026-08-16T17:27:21.844224,14.25432403,.00577819,98.7500,304.0974,248.1992,242.0246,0,U,30735,999,258,.6552716E-3,.1529E-4,0
FENGYUN 1C DEB,1999-025ASW,2026-08-17T00:12:36.057024,13.62364994,.0280039,98.7625,247.4023,127.7510,265.1090,0,U,30736,999,96219,.87538026E-3,.847E-5,0
FENGYUN 1C DEB,1999-025ASX,2026-08-17T10:20:47.998176,14.18552004,.00241323,98.6032,208.9905,136.3954,15.1398,0,U,30737,999,540,.15246777E-3,.274E-5,0
FENGYUN 1C DEB,1999-025ASZ,2026-08-17T10:05:18.432672,14.15271345,.01002644,98.7128,215.6082,329.3026,189.2812,0,U,30739,999,354,.18766446E-3,.339E-5,0
FENGYUN 1C DEB,1999-025ATA,2026-08-17T07:08:08.609568,14.56397404,.00306802,98.6969,348.9674,102.1264,258.3373,0,U,30740,999,1238,.11080458E-2,.49E-4,0
FENGYUN 1C DEB,1999-025ATB,2026-08-17T11:28:33.004992,14.13367222,.00070785,98.6774,236.3136,127.4243,29.0242,0,U,30741,999,304,.82087838E-4,.112E-5,0
FENGYUN 1C DEB,1999-025ATC,2026-08-17T14:37:19.000416,14.11386848,.00699208,98.8537,275.6389,245.4968,267.6017,0,U,30742,999,99537,.5664266E-3,.1004E-4,0
FENGYUN 1C DEB,1999-025ATE,2026-08-17T11:13:31.898784,15.27643661,.0008099,98.7313,53.7404,209.2726,181.3258,0,U,30744,999,1813,.38331231E-2,.10496E-2,0
FENGYUN 1C DEB,1999-025ATG,2026-08-17T09:54:33.174144,14.28021894,.0045632,99.0604,64.1347,324.1055,153.2775,0,U,30746,999,980,.22968194E-3,.528E-5,0
FENGYUN 1C DEB,1999-025ATK,2026-08-17T01:00:32.884128,13.99891119,.00575201,98.8617,253.3685,262.8389,96.6234,0,U,30749,999,99426,-.62932053E-4,-.137E-5,0
FENGYUN 1C DEB,1999-025ATL,2026-08-17T05:41:49.917984,14.30527995,.00407067,98.9097,314.4951,98.7098,321.5336,0,U,30750,999,316,.77533136E-3,.1994E-4,0
FENGYUN 1C DEB,1999-025ATM,2026-08-17T03:44:10.251744,14.16331117,.00533131,98.8388,291.5415,109.6852,277.9285,0,U,30751,999,99777,.66196839E-3,.1288E-4,0
FENGYUN 1C DEB,1999-025ATP,2026-08-17T00:52:49.887264,14.13407766,.00554194,98.7885,268.3581,14.2037,346.0679,0,U,30753,999,99844,.58094374E-3,.1064E-4,0
FENGYUN 1C DEB,1999-025ATR,2026-08-17T10:54:19.962144,14.45939494,.01485958,98.2731,222.6976,235.1167,279.7386,0,U,30755,999,2009,.15635884E-3,.587E-5,0
FENGYUN 1C DEB,1999-025ATS,2026-08-17T04:26:07.919232,14.19603173,.00700525,98.9770,304.8739,332.2249,55.0760,0,U,30756,999,99914,.63882304E-3,.1336E-4,0
FENGYUN 1C DEB,1999-025ATU,2026-08-17T15:01:13.974816,14.18103518,.00392669,99.0377,357.2626,20.8960,352.2749,0,U,30758,999,1,.47062127E-3,.927E-5,0
FENGYUN 1C DEB,1999-025ATV,2026-08-16T20:32:01.152960,14.59712322,.00095231,99.2676,9.1161,145.3612,8.7477,0,U,30759,999,1255,.1248641E-2,.5905E-4,0
FENGYUN 1C DEB,1999-025ATW,2026-08-17T10:31:05.261376,14.05350426,.0053263,98.8338,224.6150,9.7881,350.4312,0,U,30760,999,99701,.72422205E-4,.76E-6,0
FENGYUN 1C DEB,1999-025ATX,2026-08-17T13:16:27.977376,14.36898984,.00825856,98.9766,170.9040,306.4820,52.8776,0,U,30761,999,1300,.37800878E-3,.1113E-4,0
FENGYUN 1C DEB,1999-025ATY,2026-08-17T10:29:13.297344,13.98410201,.01974154,98.8923,217.5927,330.1605,183.8421,0,U,30762,999,99099,.25579695E-3,.388E-5,0
FENGYUN 1C DEB,1999-025ATZ,2026-08-17T13:42:49.747968,14.71292141,.00196074,98.8869,326.4920,217.4339,269.1379,0,U,30763,999,774,.21592504E-2,.1334E-3,0
FENGYUN 1C DEB,1999-025AUA,2026-08-17T12:25:29.017344,15.53936457,.00436249,98.7790,254.9589,33.0487,327.3474,0,U,30764,999,5038,.86004856E-3,.58029E-3,0
FENGYUN 1C DEB,1999-025AUB,2026-08-17T15:20:15.591840,14.15369573,.00668316,98.7645,276.5794,221.1127,291.8680,0,U,30765,999,305,.37117049E-3,.695E-5,0
FENGYUN 1C DEB,1999-025AUC,2026-08-12T05:45:53.084736,14.10082050,.00837303,98.6804,221.0094,106.0935,266.7088,0,U,30766,999,66214,.22808968E-3,.375E-5,0
FENGYUN 1C DEB,1999-025AUE,2026-08-17T13:05:18.098304,14.51240293,.00249085,98.6161,329.7001,70.4902,51.6247,0,U,30768,999,1462,.95476134E-3,.3764E-4,0
FENGYUN 1C DEB,1999-025AUG,2026-08-17T12:06:34.619040,14.15957469,.00124821,98.6559,233.4860,297.7481,213.8631,0,U,30770,999,404,.15818115E-3,.269E-5,0
FENGYUN 1C DEB,1999-025AUH,2026-08-16T22:11:16.460448,14.46780605,.00197413,98.9130,221.2552,282.7164,77.1820,0,U,30771,999,630,.10154135E-2,.3638E-4,0
FENGYUN 1C DEB,1999-025AUL,2026-08-17T05:33:54.953856,14.34512565,.00181394,98.8340,326.1160,38.9517,350.4687,0,U,30802,999,747,.73007969E-3,.2017E-4,0
FENGYUN 1C DEB,1999-025AUM,2026-08-17T14:29:56.913216,14.12325700,.01040583,99.2288,275.0985,227.6140,286.1505,0,U,30803,999,99496,.70138886E-3,.1312E-4,0
FENGYUN 1C DEB,1999-025AUN,2026-08-16T04:38:27.791808,14.55504643,.01837326,98.8737,314.1311,162.1748,229.3707,0,U,30804,999,3056,.238503E-3,.1242E-4,0
FENGYUN 1C DEB,1999-025AUP,2026-08-17T14:31:33.911904,14.03394431,.00712032,98.7985,269.3500,313.3815,198.5243,0,U,30805,999,99436,.24898716E-3,.355E-5,0
FENGYUN 1C DEB,1999-025AUQ,2026-08-17T00:38:23.486208,13.70897525,.02669794,99.0200,245.8277,198.9570,187.8735,0,U,30806,999,97083,.5064037E-3,.54E-5,0
FENGYUN 1C DEB,1999-025AUT,2026-08-17T12:53:28.152960,14.31048827,.00512693,98.7863,325.9528,166.6219,193.6337,0,U,30809,999,624,.76582423E-3,.2001E-4,0
FENGYUN 1C DEB,1999-025AUU,2026-08-17T03:53:48.878592,14.07626826,.01756442,98.6770,35.6570,77.3712,284.7035,0,U,30810,999,97860,.19009216E-2,.3657E-4,0
FENGYUN 1C DEB,1999-025AUV,2026-08-17T11:55:58.699488,13.62562545,.02792091,98.7622,249.3385,118.3876,244.5718,0,U,30811,999,96240,.8401304E-3,.813E-5,0
FENGYUN 1C DEB,1999-025AUY,2026-08-17T11:20:26.848608,14.66473522,.00282021,99.0907,236.2001,190.5080,328.2272,0,U,30814,999,1366,.10520703E-2,.5805E-4,0
FENGYUN 1C DEB,1999-025AUZ,2026-08-17T01:08:48.694848,14.85972395,.00016063,99.3009,69.0413,110.6051,40.3845,0,U,30815,999,1404,.15274969E-2,.13293E-3,0
FENGYUN 1C DEB,1999-025AVA,2026-08-17T03:24:49.408992,14.19406702,.00524912,98.8999,305.6629,68.8407,321.5969,0,U,30816,999,99902,.774281E-3,.1606E-4,0
FENGYUN 1C DEB,1999-025AVB,2026-08-16T10:32:12.267168,14.00866237,.00575768,98.7849,214.2340,279.1155,80.3499,0,U,30817,999,99363,.78405925E-4,.76E-6,0
FENGYUN 1C DEB,1999-025AVE,2026-08-17T12:42:59.840928,14.23159969,.00523642,98.6765,326.9180,187.4525,301.8247,0,U,30820,999,99946,.9962278E-3,.2239E-4,0
FENGYUN 1C DEB,1999-025AVF,2026-08-17T10:04:18.465024,14.50833076,.00851204,99.1328,37.3581,184.7373,207.2526,0,U,30821,999,2379,.35786631E-3,.1422E-4,0
FENGYUN 1C DEB,1999-025AVG,2026-08-17T00:30:02.899296,14.11621690,.00726492,98.7138,255.1920,303.5220,86.0654,0,U,30822,999,186,.17369851E-3,.28E-5,0
FENGYUN 1C DEB,1999-025AVH,2026-08-17T08:08:27.257568,14.02818715,.01342523,98.7962,6.5410,112.3340,278.7762,0,U,30823,999,99505,.11145998E-3,.146E-5,0
FENGYUN 1C DEB,1999-025AVL,2026-08-16T21:41:27.988224,14.84565091,.01384364,98.8453,95.8918,291.1282,80.0545,0,U,30826,999,3951,.18602564E-3,.1782E-4,0
FENGYUN 1C DEB,1999-025AVM,2026-08-17T11:39:03.324960,14.41441432,.00426565,99.0141,232.7038,165.4744,194.7680,0,U,30827,999,102,.1153782E-2,.3736E-4,0
FENGYUN 1C DEB,1999-025AVN,2026-08-17T01:47:00.353760,14.82335255,.01939851,98.3922,351.9326,106.1593,256.1064,0,U,30828,999,2300,.71583948E-3,.7901E-4,0
FENGYUN 1C DEB,1999-025AVP,2026-08-14T09:55:57.859968,14.08970323,.0036089,98.7919,217.8649,4.8936,355.2580,0,U,30829,999,99878,.22372E-3,.346E-5,0
FENGYUN 1C DEB,1999-025AVQ,2026-08-17T11:25:02.622720,14.12458596,.00301498,98.7488,216.7751,204.3451,308.7229,0,U,30830,999,93,.12852279E-3,.195E-5,0
FENGYUN 1C DEB,1999-025AVR,2026-08-17T07:53:24.057888,14.31598186,.00554899,99.3542,45.6705,41.2008,319.3341,0,U,30831,999,68792,.18181535E-3,.442E-5,0
FENGYUN 1C DEB,1999-025AVT,2026-08-17T05:33:32.584896,14.27236036,.00321295,99.8689,51.4585,204.2563,155.7102,0,U,30833,999,67941,.14401931E-3,.299E-5,0
FENGYUN 1C DEB,1999-025AVW,2026-08-14T07:13:46.708320,14.12217153,.0024888,98.7204,257.5758,270.4132,89.4188,0,U,30836,999,65455,.17158E-3,.273E-5,0
FENGYUN 1C DEB,1999-025AVX,2026-08-16T10:07:00.886656,14.14809772,.00327607,98.6997,213.1483,147.7242,6.6484,0,U,30837,999,298,.15396046E-3,.256E-5,0
FENGYUN 1C DEB,1999-025AVY,2026-08-17T11:49:17.051808,14.51713123,.00338022,99.0409,166.3735,133.6373,226.7632,0,U,30838,999,900,.10092069E-2,.4032E-4,0
FENGYUN 1C DEB,1999-025AWA,2026-08-16T23:31:48.119520,14.63066270,.02105561,98.0179,238.3437,312.3362,46.0170,0,U,30840,999,76744,.26949103E-3,.1845E-4,0
FENGYUN 1C DEB,1999-025AWD,2026-08-16T13:33:24.799104,14.52850976,.01484819,98.8247,318.1407,92.4230,269.3973,0,U,30843,999,2874,.68439841E-4,.268E-5,0
FENGYUN 1C DEB,1999-025AWF,2026-08-16T10:37:39.852768,13.77032144,.01921326,98.3962,205.1896,322.7544,190.8487,0,U,30845,999,97638,.14739175E-3,.129E-5,0
FENGYUN 1C DEB,1999-025AWG,2026-08-17T00:45:05.292000,14.42727329,.00526713,99.3234,70.0432,332.3946,180.7265,0,U,30846,999,1485,.3276095E-3,.1056E-4,0
FENGYUN 1C DEB,1999-025AWH,2026-08-17T09:57:44.468064,14.18660926,.00612209,98.7537,30.7518,338.8377,50.1608,0,U,30847,999,99565,.74393342E-3,.1527E-4,0
FENGYUN 1C DEB,1999-025AWJ,2026-08-17T12:56:42.211680,14.35855292,.00425922,99.0445,81.4951,332.6024,27.2914,0,U,30848,999,862,.46949047E-3,.1326E-4,0
FENGYUN 1C DEB,1999-025AWK,2026-08-14T15:59:19.958208,14.20091019,.0048146,99.0319,296.6475,30.0667,132.4365,0,U,30849,999,99847,.48696205E-3,.1003E-4,0
FENGYUN 1C DEB,1999-025AWL,2026-08-17T01:24:49.535424,14.17964156,.01065139,98.3869,85.8411,201.0506,314.8469,0,U,30850,999,99301,.8855526E-3,.1876E-4,0
FENGYUN 1C DEB,1999-025AWN,2026-08-17T11:59:52.483200,14.10671977,.00549923,98.7219,245.0537,252.4112,107.1048,0,U,30852,999,99875,.21391969E-3,.344E-5,0
FENGYUN 1C DEB,1999-025AWS,2026-08-16T23:23:30.120288,14.53541797,.00778535,98.2039,52.4145,197.6749,316.9837,0,U,30856,999,99,.23608623E-2,.10223E-3,0
FENGYUN 1C DEB,1999-025AWT,2026-08-17T11:14:50.577216,14.59634956,.00324828,98.9707,242.7154,263.5210,96.2289,0,U,30857,999,329,.18702676E-2,.8924E-4,0
FENGYUN 1C DEB,1999-025AWU,2026-08-17T15:20:43.707264,14.18124769,.00311356,98.7710,289.5819,118.9955,33.9336,0,U,30858,999,493,.17764872E-3,.323E-5,0
FENGYUN 1C DEB,1999-025AWV,2026-08-17T09:52:52.417056,14.53894752,.00260881,98.9159,299.6304,7.3619,352.7953,0,U,30859,999,625,.13040398E-2,.5461E-4,0
FENGYUN 1C DEB,1999-025AWW,2026-08-16T10:51:22.449024,14.26976016,.00388318,98.8935,310.7949,192.7079,167.3125,0,U,30860,999,33,.60147873E-3,.1429E-4,0
FENGYUN 1C DEB,1999-025AWY,2026-08-17T06:38:45.578688,14.47700519,.0050539,98.9569,338.6744,143.8643,244.8440,0,U,30862,999,269,.15355615E-2,.5712E-4,0
FENGYUN 1C DEB,1999-025AWZ,2026-08-17T07:36:03.349152,12.41280209,.08730765,99.1513,7.2843,88.4671,309.4346,0,U,30863,999,62811,-.33880518E-3,-.202E-5,0
FENGYUN 1C DEB,1999-025AXD,2026-08-17T15:10:11.404416,14.30106335,.00515367,97.8659,117.6297,335.8782,53.5274,0,U,30867,999,79,.79392034E-3,.2044E-4,0
FENGYUN 1C DEB,1999-025AXE,2026-08-17T02:15:35.853408,14.11234934,.01347897,98.2305,92.1763,221.1475,293.2580,0,U,30868,999,198,.72255128E-4,.103E-5,0
FENGYUN 1C DEB,1999-025AXJ,2026-08-16T10:43:39.079776,14.40700094,.00419988,99.1682,303.4264,25.4430,37.2405,0,U,30872,999,1272,.36877288E-3,.1141E-4,0
FENGYUN 1C DEB,1999-025AXK,2026-08-17T11:20:23.552448,14.19334894,.01073648,98.6200,228.0402,293.9339,65.0622,0,U,30873,999,707,.8861628E-4,.153E-5,0
FENGYUN 1C DEB,1999-025AXL,2026-08-17T13:11:16.304928,14.20068637,.00422787,98.4685,254.7640,42.7178,110.8596,0,U,30874,999,533,.2152138E-3,.421E-5,0
FENGYUN 1C DEB,1999-025AXN,2026-08-15T18:03:32.884416,13.99354106,.00664454,98.8321,208.8614,315.4266,218.9824,0,U,30876,999,99150,.95742009E-4,.99E-6,0
FENGYUN 1C DEB,1999-025AXQ,2026-08-14T11:27:57.256128,14.12339726,.0039715,98.7266,226.3977,319.9393,192.7022,0,U,30878,999,99821,.23577E-3,.394E-5,0
FENGYUN 1C DEB,1999-025AXR,2026-08-17T04:37:06.046176,14.79833259,.01647007,99.3318,128.5729,236.2281,122.3146,0,U,30879,999,65585,.68146836E-3,.6392E-4,0
FENGYUN 1C DEB,1999-025AXS,2026-08-17T04:06:15.207840,14.26938773,.00230198,98.7798,306.7773,108.0427,252.3264,0,U,30880,999,239,.5970727E-3,.141E-4,0
FENGYUN 1C DEB,1999-025AXU,2026-08-14T21:44:06.571968,14.91891273,.0138017,97.9109,287.7748,313.4667,45.5138,0,U,30882,999,3299,.32409E-3,.3868E-4,0
FENGYUN 1C DEB,1999-025AXV,2026-08-14T07:23:03.278976,14.14712010,.0111195,98.3360,252.6159,228.0616,192.6784,0,U,30883,999,360,.81022E-4,.125E-5,0
FENGYUN 1C DEB,1999-025AXW,2026-08-17T00:18:44.578080,14.78748078,.00587583,98.8880,252.6482,278.5892,80.8661,0,U,30884,999,2283,.6780206E-3,.5061E-4,0
FENGYUN 1C DEB,1999-025AXX,2026-08-16T13:35:23.760672,14.53080798,.00488905,99.0141,92.0980,195.2773,194.9881,0,U,30885,999,531,.84265467E-3,.3486E-4,0
FENGYUN 1C DEB,1999-025AXY,2026-08-17T11:30:40.313664,14.24230423,.00364512,99.1965,138.8406,48.3305,312.0983,0,U,30886,999,99921,.64660478E-3,.1453E-4,0
FENGYUN 1C DEB,1999-025AXZ,2026-08-16T09:56:28.110336,14.46265028,.02588429,98.3382,285.7321,258.0500,99.1570,0,U,30887,999,1685,.18162005E-3,.926E-5,0
FENGYUN 1C DEB,1999-025AYA,2026-08-17T13:26:19.789728,15.00607928,.00729847,99.4796,266.1851,78.8057,282.1354,0,U,30888,999,3626,.61355469E-3,.812E-4,0
FENGYUN 1C DEB,1999-025AYD,2026-08-17T01:36:24.187968,14.06319295,.0055428,98.7551,273.8667,212.2942,177.7388,0,U,30891,999,99458,.28641462E-3,.436E-5,0
FENGYUN 1C DEB,1999-025AYE,2026-08-10T03:46:13.280160,14.19308968,.00371125,99.6881,192.2582,238.7639,120.9895,0,U,30892,999,67713,.1509324E-3,.267E-5,0
FENGYUN 1C DEB,1999-025AYF,2026-08-12T06:07:44.666976,13.94710550,.03080645,98.2429,231.0616,132.8230,246.0987,0,U,30893,999,98265,.31902413E-3,.599E-5,0
FENGYUN 1C DEB,1999-025AYH,2026-08-17T04:56:57.719904,14.32042755,.02169747,98.6931,303.5949,116.4696,308.8877,0,U,30895,999,1328,.18502543E-3,.595E-5,0
FENGYUN 1C DEB,1999-025AYM,2026-08-11T14:03:46.054080,14.35244306,.0030942,99.1647,140.8552,309.8060,173.2148,0,U,30899,999,58,.71221036E-3,.2E-4,0
FENGYUN 1C DEB,1999-025AYQ,2026-08-02T06:28:24.499200,14.30182942,.00916347,100.2631,232.3059,354.3064,5.7063,0,U,30902,999,74816,.10025392E-2,.2659E-4,0
FENGYUN 1C DEB,1999-025AYR,2026-08-16T23:14:23.608320,13.97702659,.00964088,99.3412,124.2152,140.0896,220.7406,0,U,30903,999,72158,-.11082225E-3,-.208E-5,0
FENGYUN 1C DEB,1999-025AYT,2026-08-14T22:34:11.309088,14.19320136,.005672,98.8804,307.6694,103.0587,257.6929,0,U,30905,999,99599,.77987E-3,.162E-4,0
FENGYUN 1C DEB,1999-025AYU,2026-08-01T05:15:43.956000,14.19003491,.00747931,99.1754,211.2644,316.0268,43.4971,0,U,30906,999,67360,.70102864E-3,.1456E-4,0
FENGYUN 1C DEB,1999-025AYV,2026-08-07T23:53:48.609600,14.15811389,.00566239,99.9317,272.2028,201.6642,158.2132,0,U,30907,999,4920,.38719058E-3,.719E-5,0
FENGYUN 1C DEB,1999-025AZA,2026-08-17T14:57:52.077024,14.95889388,.00525273,98.9727,110.9453,24.4324,335.9366,0,U,30912,999,3100,.84494078E-3,.9648E-4,0
FENGYUN 1C DEB,1999-025AZB,2026-08-16T13:20:52.356192,14.05390531,.00475078,98.7270,251.4359,206.9969,152.8727,0,U,30913,999,99384,.41577426E-3,.639E-5,0
FENGYUN 1C DEB,1999-025AZC,2026-08-13T11:46:54.713856,13.09496529,.05023537,99.9844,99.1379,153.5728,209.1966,0,U,30914,999,62265,.20948976E-2,.1307E-4,0
FENGYUN 1C DEB,1999-025AZD,2026-08-17T11:04:47.747136,14.26686072,.00533224,98.9332,315.4733,168.9211,191.3156,0,U,30915,999,29,.83863699E-3,.2013E-4,0
FENGYUN 1C DEB,1999-025AZE,2026-08-17T15:30:12.824928,14.09630736,.00625636,98.9766,294.4128,284.4395,230.3533,0,U,30916,999,99335,.49947276E-3,.846E-5,0
FENGYUN 1C DEB,1999-025AZG,2026-08-17T05:46:10.864128,13.97552340,.01581357,98.4231,325.8656,151.9751,238.5529,0,U,30918,999,98509,.43758658E-3,.647E-5,0
FENGYUN 1C DEB,1999-025AZJ,2026-08-17T14:34:27.079968,14.19519892,.01093292,98.9140,17.0695,110.5157,250.7792,0,U,30920,999,98607,.1288257E-2,.2839E-4,0
FENGYUN 1C DEB,1999-025AZK,2026-08-17T05:25:04.184832,14.34831725,.00170008,98.8396,327.0824,35.5407,354.4771,0,U,30921,999,359,.73980619E-3,.2057E-4,0
FENGYUN 1C DEB,1999-025AZL,2026-08-17T12:53:04.659072,14.18034556,.00151306,98.6303,243.5155,60.7188,90.4697,0,U,30922,999,75,.31100178E-3,.595E-5,0
FENGYUN 1C DEB,1999-025AZP,2026-08-16T21:21:28.501344,14.46768361,.00318,98.8951,17.1260,216.1312,296.5002,0,U,30925,999,637,.12128321E-2,.437E-4,0
FENGYUN 1C DEB,1999-025AZQ,2026-08-16T20:59:39.698592,14.91880238,.0157332,98.8300,203.4151,306.1971,52.4781,0,U,30926,999,4449,.2541967E-3,.3176E-4,0
FENGYUN 1C DEB,1999-025AZR,2026-08-17T09:55:56.035200,14.10247193,.00968425,99.1699,299.6074,35.0568,325.6925,0,U,30927,999,99173,.71708989E-3,.1281E-4,0
FENGYUN 1C DEB,1999-025AZS,2026-08-17T15:41:18.390912,13.22716517,.04542287,98.8695,287.5299,147.3315,3.7860,0,U,30928,999,93625,.86847548E-3,.596E-5,0
FENGYUN 1C DEB,1999-025AZU,2026-08-17T12:58:05.020896,14.37927842,.01091925,98.1943,251.6259,81.0430,69.8494,0,U,30930,999,1883,.18794658E-3,.566E-5,0
FENGYUN 1C DEB,1999-025AZV,2026-08-15T09:41:04.153920,14.02005984,.00932712,99.1470,290.8886,83.2926,337.1664,0,U,30931,999,99367,.59256438E-3,.894E-5,0
FENGYUN 1C DEB,1999-025AZW,2026-08-17T07:06:16.000128,14.29399538,.00550406,98.9103,172.3123,296.4561,63.0979,0,U,30932,999,99928,.11639208E-2,.297E-4,0
FENGYUN 1C DEB,1999-025AZX,2026-08-16T22:39:17.996256,14.42312805,.00666574,99.0551,230.3982,316.2514,72.9347,0,U,30933,999,99429,.18971413E-2,.6387E-4,0
FENGYUN 1C DEB,1999-025AZY,2026-08-17T07:10:02.219520,13.47460272,.03381176,98.7479,80.9529,170.2597,190.5317,0,U,30934,999,95041,.82425958E-3,.679E-5,0
FENGYUN 1C DEB,1999-025BAA,2026-08-16T19:15:25.244064,14.23861732,.00451434,98.5586,258.2370,292.0375,122.2462,0,U,30936,999,648,.22696978E-3,.482E-5,0
FENGYUN 1C DEB,1999-025BAB,2026-08-17T03:02:58.422048,13.95647263,.00760615,99.0547,282.5719,95.6954,292.1280,0,U,30937,999,99167,-.96496078E-4,-.178E-5,0
FENGYUN 1C DEB,1999-025BAC,2026-08-16T22:51:55.504800,14.20153588,.00456772,98.5837,240.1577,349.3875,34.1573,0,U,30938,999,628,.15834559E-3,.298E-5,0
FENGYUN 1C DEB,1999-025BAE,2026-08-16T10:55:33.854016,14.08638718,.00415918,98.6320,223.1412,24.9704,128.5429,0,U,30940,999,99605,.25147697E-3,.394E-5,0
FENGYUN 1C DEB,1999-025BAF,2026-08-17T13:27:10.947168,14.33100111,.00315309,98.5345,87.6409,306.7617,53.0674,0,U,30941,999,169,.84923341E-3,.2298E-4,0
FENGYUN 1C DEB,1999-025BAG,2026-08-17T11:54:38.987712,14.15076851,.01377425,98.6897,226.2528,117.5032,32.7630,0,U,30942,999,103,.12310142E-3,.22E-5,0
FENGYUN 1C DEB,1999-025BAH,2026-08-14T07:30:48.092832,14.04689900,.0051117,98.7901,237.5890,99.8786,260.8157,0,U,30943,999,99175,.28023E-3,.412E-5,0
FENGYUN 1C DEB,1999-025BAJ,2026-08-17T03:43:38.805600,14.52784409,.0148592,98.8207,302.9011,71.7278,319.8027,0,U,30944,999,2644,.77584908E-4,.311E-5,0
FENGYUN 1C DEB,1999-025BAK,2026-08-17T01:38:53.378304,14.31521410,.00303092,99.3806,262.2405,50.1514,5.5428,0,U,30945,999,99974,.71233801E-3,.1853E-4,0
FENGYUN 1C DEB,1999-025BAL,2026-08-16T20:34:58.348128,14.49204944,.00880109,99.0659,6.7207,174.3364,338.9453,0,U,30946,999,1913,.33765207E-3,.1296E-4,0
FENGYUN 1C DEB,1999-025BAM,2026-08-17T03:47:24.293184,14.38429188,.00951263,98.7836,129.8215,234.9319,124.2918,0,U,30947,999,2045,.11227993E-3,.312E-5,0
FENGYUN 1C DEB,1999-025BAP,2026-08-17T10:52:29.226720,14.14253978,.01161176,98.7117,222.5289,322.9628,190.5789,0,U,30949,999,15,.11396696E-3,.188E-5,0
FENGYUN 1C DEB,1999-025BAU,2026-08-16T19:04:57.732960,14.15792043,.01269418,98.7157,328.3411,200.2622,292.3652,0,U,30954,999,99882,.529562E-3,.1082E-4,0
FENGYUN 1C DEB,1999-025BAW,2026-08-17T13:47:38.614272,14.14984590,.00492732,98.7386,263.5901,356.8526,164.4021,0,U,30956,999,99811,.40133682E-3,.742E-5,0
FENGYUN 1C DEB,1999-025BAZ,2026-08-11T18:43:28.961184,14.40904222,.00465016,99.7026,208.8604,229.0634,130.6521,0,U,30959,999,63868,.66699483E-3,.2113E-4,0
FENGYUN 1C DEB,1999-025BBA,2026-08-15T03:27:32.480352,14.70675888,.01858771,99.0265,13.3356,122.8906,239.0336,0,U,30960,999,2278,.42860492E-3,.3345E-4,0
FENGYUN 1C DEB,1999-025BBH,2026-08-17T08:28:44.432256,14.58871543,.00922328,98.7883,194.2517,201.5970,158.1327,0,U,30967,999,2614,.24944981E-3,.1181E-4,0
FENGYUN 1C DEB,1999-025BBM,2026-08-17T04:18:35.456256,14.73488430,.01600834,99.1824,310.4536,145.9705,245.9303,0,U,30971,999,3358,.40262461E-3,.3136E-4,0
FENGYUN 1C DEB,1999-025BBU,2026-08-05T08:36:54.092160,14.39097659,.00382588,98.2304,255.1617,228.0048,131.7880,0,U,30978,999,1827,.58644821E-3,.1787E-4,0
FENGYUN 1C DEB,1999-025BBV,2026-08-16T04:49:23.304288,14.82909941,.0180195,97.8072,125.8097,157.5350,353.7656,0,U,30979,999,2770,.30722902E-3,.3253E-4,0
FENGYUN 1C DEB,1999-025BBY,2026-08-16T22:05:21.326208,14.51546508,.01785251,98.2357,219.0059,272.0461,116.0544,0,U,30982,999,74639,.88305112E-4,.378E-5,0
FENGYUN 1C DEB,1999-025BCA,2026-08-15T08:30:47.632608,14.51907837,.01238484,98.2391,264.1603,333.8338,25.6632,0,U,30984,999,98726,.26509071E-3,.113E-4,0
FENGYUN 1C DEB,1999-025BCE,2026-08-17T11:08:32.739648,15.81646847,.00367955,98.5425,226.4823,173.0558,187.1225,0,U,30988,999,3372,.15164659E-2,.31649E-2,.36150368E-4
FENGYUN 1C DEB,1999-025BCF,2026-08-17T10:54:16.504416,14.15071515,.00903633,99.0411,311.2167,118.3807,242.6512,0,U,30989,999,99490,.57521076E-3,.1115E-4,0
FENGYUN 1C DEB,1999-025BCK,2026-08-17T06:17:15.962784,14.37863865,.00155515,98.8467,333.4236,10.3221,18.2392,0,U,30993,999,475,.86657107E-3,.2571E-4,0
FENGYUN 1C DEB,1999-025BCL,2026-08-17T10:38:32.629344,14.11902227,.00174583,98.6989,235.4528,189.6489,170.4350,0,U,30994,999,80,.96271074E-4,.133E-5,0
FENGYUN 1C DEB,1999-025BCN,2026-08-17T05:38:50.116128,14.36468016,.00486076,98.9347,148.3401,285.1382,230.6738,0,U,30996,999,1113,.34167101E-3,.968E-5,0
FENGYUN 1C DEB,1999-025BCQ,2026-08-16T23:57:17.176608,14.52020712,.0014155,98.8245,329.1808,162.6262,255.9128,0,U,30998,999,759,.11761383E-2,.4712E-4,0
FENGYUN 1C DEB,1999-025BCR,2026-08-17T00:16:32.083680,14.59832942,.01097549,99.0924,71.2829,307.3704,51.7537,0,U,30999,999,2423,.20314706E-3,.993E-5,0
FENGYUN 1C DEB,1999-025BCS,2026-08-14T11:32:13.680096,14.10145536,.0165541,97.5575,221.3076,70.3958,78.7931,0,U,31000,999,73405,.20695E-3,.384E-5,0
FENGYUN 1C DEB,1999-025BCT,2026-08-17T15:36:40.590720,14.43528046,.01456889,99.2436,129.0259,142.6628,218.4793,0,U,31001,999,1761,.15241077E-3,.53E-5,0
FENGYUN 1C DEB,1999-025BCU,2026-08-17T12:15:37.412352,13.99427642,.01001578,98.8815,239.0806,21.3268,129.6818,0,U,31002,999,99070,.60689376E-4,.5E-6,0
FENGYUN 1C DEB,1999-025BCV,2026-08-17T05:05:05.432352,14.26168860,.00400349,98.8330,312.8712,213.5489,146.3155,0,U,31003,999,30,.76461493E-3,.1801E-4,0
FENGYUN 1C DEB,1999-025BCX,2026-08-16T20:15:42.966720,13.84095378,.01789902,98.6301,347.3161,13.5247,139.2762,0,U,31005,999,97698,.45984226E-3,.54E-5,0
FENGYUN 1C DEB,1999-025BCZ,2026-08-17T10:49:29.197632,14.63364357,.00605759,98.0987,220.9642,343.0865,16.8317,0,U,31007,999,1704,.11921428E-2,.6279E-4,0
FENGYUN 1C DEB,1999-025BDB,2026-08-17T11:18:47.979360,14.00570446,.00529581,98.9150,223.9595,269.8129,242.6362,0,U,31009,999,99328,-.6674669E-5,-.54E-6,0
FENGYUN 1C DEB,1999-025BDC,2026-08-17T02:42:47.938176,14.29601601,.01067525,101.7220,105.1404,67.8469,293.3991,0,U,31010,999,99160,.1489026E-2,.3986E-4,0
FENGYUN 1C DEB,1999-025BDE,2026-08-17T05:25:33.717216,14.28068193,.00809556,98.8922,137.1096,253.1707,259.8589,0,U,31012,999,1260,.77594101E-4,.153E-5,0
FENGYUN 1C DEB,1999-025BDG,2026-08-14T21:58:12.796032,13.98571147,.0087329,98.8944,199.8972,235.3230,148.9264,0,U,31014,999,99263,.73581E-4,.66E-6,0
FENGYUN 1C DEB,1999-025BDJ,2026-08-14T07:03:30.171744,14.30826032,.0111208,98.4267,239.7833,271.2299,153.5049,0,U,31016,999,967,.95056E-4,.222E-5,0
FENGYUN 1C DEB,1999-025BDK,2026-08-17T10:29:59.305344,14.09107962,.0113228,98.7015,211.8655,9.0179,142.2848,0,U,31017,999,99784,.16064591E-3,.253E-5,0
FENGYUN 1C DEB,1999-025BDL,2026-08-16T18:07:01.344288,14.18383935,.0059375,99.0213,324.3290,141.9654,218.5735,0,U,31018,999,99555,.90355015E-3,.1851E-4,0
FENGYUN 1C DEB,1999-025BDM,2026-08-15T19:34:06.642624,11.83631499,.11125269,98.7305,347.1469,168.6790,347.1113,0,U,31019,999,58091,.31610072E-2,.1159E-4,0
FENGYUN 1C DEB,1999-025BDP,2026-08-05T13:46:07.115808,14.78574386,.02574061,98.3683,341.7777,208.1690,150.5395,0,U,31021,999,76914,.52818935E-3,.6703E-4,0
FENGYUN 1C DEB,1999-025BDQ,2026-08-15T10:42:20.470464,13.90694900,.01088443,99.4902,121.6413,183.9065,176.1254,0,U,31022,999,65423,.17775923E-3,.186E-5,0
FENGYUN 1C DEB,1999-025BDR,2026-08-12T18:00:44.848512,14.06814711,.00811662,98.8351,209.3489,258.9720,100.2312,0,U,31023,999,72918,.15490453E-3,.222E-5,0
FENGYUN 1C DEB,1999-025BDS,2026-08-17T12:49:05.057184,14.21154667,.00748636,99.0396,153.6801,136.3031,224.4105,0,U,31024,999,221,.12918208E-3,.243E-5,0
FENGYUN 1C DEB,1999-025BDT,2026-08-12T05:45:11.911680,14.21150184,.01724043,98.5975,212.8562,30.3724,330.7308,0,U,31025,999,67809,.23025275E-3,.538E-5,0
FENGYUN 1C DEB,1999-025BDU,2026-08-13T13:16:32.984256,13.83501225,.01333056,98.7898,150.2234,243.2584,294.0931,0,U,31026,999,71397,.62287838E-4,.32E-6,0
FENGYUN 1C DEB,1999-025BDW,2026-08-10T13:42:57.547296,13.89230507,.01653401,98.7117,143.9822,355.1897,4.7667,0,U,31028,999,65347,.11232808E-3,.112E-5,0
FENGYUN 1C DEB,1999-025BDX,2026-08-17T05:22:57.717696,14.34757833,.00898295,98.8392,137.1368,66.7950,85.3668,0,U,31029,999,1338,.17245019E-3,.465E-5,0
FENGYUN 1C DEB,1999-025BDY,2026-08-17T03:26:42.369216,14.24586001,.00284313,98.7455,295.0853,87.6575,302.1496,0,U,31030,999,222,.42391195E-3,.944E-5,0
FENGYUN 1C DEB,1999-025BDZ,2026-08-16T06:34:34.950432,14.21397041,.00271654,99.0734,157.0834,201.8399,312.2396,0,U,31031,999,351,.18498886E-3,.359E-5,0
FENGYUN 1C DEB,1999-025BEA,2026-08-17T06:57:34.799040,14.03253471,.01358817,99.3940,251.0220,236.5855,257.1803,0,U,31032,999,98452,.81492048E-3,.1331E-4,0
FENGYUN 1C DEB,1999-025BEB,2026-08-16T21:13:39.408096,14.27749455,.01537327,98.4646,204.2855,103.8525,288.1434,0,U,31033,999,867,.10738954E-3,.258E-5,0
FENGYUN 1C DEB,1999-025BED,2026-08-17T04:04:36.080256,14.52872889,.01736597,98.6669,352.6851,193.6933,291.5685,0,U,31035,999,808,.1153157E-2,.5736E-4,0
FENGYUN 1C DEB,1999-025BEE,2026-08-17T13:52:33.216672,14.49484190,.01367861,98.9365,355.3374,239.9937,180.0645,0,U,31036,999,60897,.11004592E-3,.416E-5,0
FENGYUN 1C DEB,1999-025BEG,2026-08-16T17:36:51.789600,14.46689084,.00831266,99.0106,333.1609,211.8713,147.7432,0,U,31038,999,1801,.25932792E-3,.925E-5,0
FENGYUN 1C DEB,1999-025BEJ,2026-08-16T06:11:45.322944,14.17977112,.00616528,98.6758,217.2465,205.3773,168.2833,0,U,31040,999,197,.1211257E-3,.209E-5,0
FENGYUN 1C DEB,1999-025BEK,2026-08-17T13:40:25.437504,14.19758287,.00832868,99.1920,272.3665,339.6781,20.1085,0,U,31041,999,99004,.81739803E-3,.1744E-4,0
FENGYUN 1C DEB,1999-025BEM,2026-08-16T13:34:01.996896,14.08790231,.00418527,98.7524,244.2883,27.8459,102.9411,0,U,31043,999,99462,.27573696E-3,.437E-5,0
FENGYUN 1C DEB,1999-025BEQ,2026-08-17T08:39:35.023392,14.77135431,.00347809,98.9645,18.7297,57.8893,332.6536,0,U,31046,999,277,.23597087E-2,.16826E-3,0
FENGYUN 1C DEB,1999-025BER,2026-08-17T11:17:44.321568,14.14202588,.00250886,98.7105,225.5365,190.3318,321.9781,0,U,31047,999,99860,.20355755E-3,.346E-5,0
FENGYUN 1C DEB,1999-025BET,2026-08-09T06:23:29.263488,14.04467229,.00504023,98.7971,229.5929,176.2390,183.9166,0,U,31049,999,64477,-.23302222E-3,-.418E-5,0
FENGYUN 1C DEB,1999-025BEV,2026-08-10T20:41:00.170592,14.03169957,.00525982,98.7956,250.6157,181.0600,179.0463,0,U,31051,999,67200,.28629679E-3,.409E-5,0
FENGYUN 1C DEB,1999-025BEX,2026-08-14T06:06:58.583808,13.76858432,.0306019,98.8146,335.8641,160.2799,201.0494,0,U,31053,999,96840,.11026E-2,.1495E-4,0
FENGYUN 1C DEB,1999-025BEY,2026-08-16T11:44:07.814976,14.12303714,.00106059,98.6838,238.9248,135.7749,19.3488,0,U,31054,999,229,.91032151E-4,.125E-5,0
FENGYUN 1C DEB,1999-025BEZ,2026-08-17T00:35:05.443584,14.10639374,.0023502,98.7357,258.5654,292.6479,96.8942,0,U,31055,999,99608,.18510978E-3,.288E-5,0
FENGYUN 1C DEB,1999-025BFA,2026-08-17T10:13:32.669184,14.14608330,.00258522,98.6913,210.1044,355.9917,156.2223,0,U,31056,999,315,.17956695E-3,.303E-5,0
FENGYUN 1C DEB,1999-025BFB,2026-08-12T11:11:53.016576,14.82741330,.01300807,99.2318,305.8689,211.9592,147.3680,0,U,31057,999,65546,.28236715E-3,.2564E-4,0
FENGYUN 1C DEB,1999-025BFC,2026-08-16T17:57:09.530208,14.80509251,.00888046,99.5861,229.7841,65.2094,295.8319,0,U,31058,999,3144,.44920383E-3,.3602E-4,0
FENGYUN 1C DEB,1999-025BFG,2026-08-16T08:08:00.157344,13.75801886,.01719781,99.0126,42.3003,23.7314,93.0760,0,U,31062,999,97624,.53493635E-4,.17E-6,0
FENGYUN 1C DEB,1999-025BFJ,2026-08-16T05:40:26.273280,14.22512918,.02405849,98.5976,209.8600,5.4298,6.8501,0,U,31064,999,755,.15710948E-3,.422E-5,0
FENGYUN 1C DEB,1999-025BFK,2026-08-15T23:49:07.996224,14.29115139,.00350346,98.4533,244.6621,27.5789,332.7243,0,U,31065,999,68094,.37675294E-3,.919E-5,0
FENGYUN 1C DEB,1999-025BFN,2026-08-17T04:07:56.625024,14.09381138,.01651953,98.6547,206.5163,135.9963,225.4496,0,U,31068,999,99840,.99119539E-4,.155E-5,0
FENGYUN 1C DEB,1999-025BFP,2026-08-16T19:05:33.341856,14.58766853,.01020233,99.1154,57.4971,49.6800,311.3255,0,U,31069,999,2282,.25016598E-3,.1195E-4,0
FENGYUN 1C DEB,1999-025BFR,2026-08-14T13:08:38.611968,14.54572216,.0053394,99.0342,328.4071,263.4939,96.0174,0,U,31071,999,69051,.35393E-3,.1483E-4,0
FENGYUN 1C DEB,1999-025BFS,2026-08-17T00:28:13.718208,14.26352905,.02087926,99.3234,255.4810,111.1677,251.1950,0,U,31072,999,153,.31882853E-3,.911E-5,0
FENGYUN 1C DEB,1999-025BFT,2026-08-17T02:41:17.744352,14.25999419,.00432647,99.2009,96.1929,297.4797,62.1986,0,U,31073,999,607,.57303281E-3,.1332E-4,0
FENGYUN 1C DEB,1999-025BFU,2026-08-17T05:15:48.717504,14.16072523,.00850348,98.9544,150.3170,283.6360,75.5355,0,U,31074,999,99080,.11943779E-2,.2398E-4,0
FENGYUN 1C DEB,1999-025BFY,2026-08-15T15:56:23.779104,14.22585184,.01164472,98.8406,294.1594,160.2843,352.5426,0,U,31078,999,338,.22150618E-3,.486E-5,0
FENGYUN 1C DEB,1999-025BGA,2026-07-22T05:31:33.977568,14.25550351,.00690819,99.1145,357.4476,177.5326,182.6207,0,U,31080,999,66108,.16067362E-2,.3851E-4,0
FENGYUN 1C DEB,1999-025BGB,2026-08-16T06:41:02.636736,14.06342229,.00470416,98.7598,241.9139,258.2096,114.1610,0,U,31081,999,99926,-.2550267E-4,-.85E-6,0
FENGYUN 1C DEB,1999-025BGC,2026-08-12T06:14:47.607072,14.13885707,.00674275,98.6719,229.3957,227.6640,131.8810,0,U,31082,999,99736,.28258833E-3,.504E-5,0
FENGYUN 1C DEB,1999-025BGD,2026-08-17T08:27:12.115584,14.68329053,.00275473,98.6586,4.8136,256.8992,131.5023,0,U,31083,999,1329,.10714346E-2,.617E-4,0
FENGYUN 1C DEB,1999-025BGF,2026-08-17T13:24:26.107200,14.30442438,.00872916,98.9639,83.2024,17.6826,11.3170,0,U,31085,999,1259,.43156137E-4,.7E-6,0
FENGYUN 1C DEB,1999-025BGH,2026-08-17T12:25:39.748224,14.62141882,.0167108,98.0887,249.7173,233.3803,283.1271,0,U,31087,999,2389,.1918316E-3,.112E-4,0
FENGYUN 1C DEB,1999-025BGJ,2026-08-17T04:23:30.362784,14.30419531,.00286759,99.3975,313.8553,73.7862,318.1497,0,U,31088,999,72,.76112677E-3,.1938E-4,0
FENGYUN 1C DEB,1999-025BGK,2026-08-17T08:32:51.206208,13.88686920,.02039011,98.9793,7.0097,259.1642,126.5675,0,U,31089,999,71496,.31866566E-3,.409E-5,0
FENGYUN 1C DEB,1999-025BGM,2026-08-13T08:39:05.550624,13.54450835,.02899323,99.2473,191.8253,69.7398,293.4656,0,U,31091,999,64937,.46744078E-3,.378E-5,0
FENGYUN 1C DEB,1999-025BGN,2026-08-10T06:17:53.458656,13.46957266,.03268913,99.7364,336.5486,262.2609,94.1297,0,U,31092,999,95119,.11324098E-2,.905E-5,0
FENGYUN 1C DEB,1999-025BGP,2026-08-17T10:25:36.245856,13.80844180,.02072765,98.5953,51.3124,272.0062,85.7369,0,U,31093,999,97925,.23297214E-3,.248E-5,0
FENGYUN 1C DEB,1999-025BGQ,2026-08-13T09:46:58.902816,14.03047820,.01059642,98.8454,91.4864,87.6921,273.6374,0,U,31094,999,99035,.78673074E-3,.1243E-4,0
FENGYUN 1C DEB,1999-025BGR,2026-08-17T05:57:23.898528,13.06745501,.0498171,98.5887,327.8257,319.5563,36.9495,0,U,31095,999,92680,.32163592E-3,.16E-5,0
FENGYUN 1C DEB,1999-025BGT,2026-08-17T09:01:43.364640,14.51590413,.00137595,98.8697,9.7669,233.6127,152.3871,0,U,31097,999,625,.13826969E-2,.5498E-4,0
FENGYUN 1C DEB,1999-025BGU,2026-08-17T04:49:53.856192,14.57300193,.0013058,98.8785,7.2102,212.8022,147.2365,0,U,31098,999,556,.13841801E-2,.6223E-4,0
FENGYUN 1C DEB,1999-025BGV,2026-08-17T04:50:28.023936,14.28225889,.00621421,98.9153,132.2005,283.8243,230.0095,0,U,31099,999,996,.12816713E-3,.279E-5,0
FENGYUN 1C DEB,1999-025BGY,2026-08-17T02:54:28.874592,14.28444846,.02106951,99.0580,174.0890,171.5104,188.9733,0,U,31146,999,287,.1555266E-3,.441E-5,0
FENGYUN 1C DEB,1999-025BHA,2026-08-17T04:22:15.165408,14.44762984,.01348394,98.8439,129.9552,32.6129,328.3299,0,U,31148,999,1051,.46754039E-3,.1762E-4,0
FENGYUN 1C DEB,1999-025BHC,2026-08-17T12:18:55.948320,14.12866863,.00149737,98.6845,235.7217,172.6031,339.4232,0,U,31150,999,99795,.6341836E-4,.75E-6,0
FENGYUN 1C DEB,1999-025BHD,2026-08-16T23:56:53.319840,14.28107864,.00552698,99.1295,250.2775,35.2631,325.2186,0,U,31151,999,99501,.1029326E-2,.2554E-4,0
FENGYUN 1C DEB,1999-025BHE,2026-08-17T10:48:46.196352,14.35999468,.01295796,98.4356,215.5670,14.7684,135.9597,0,U,31152,999,1604,.5926893E-4,.143E-5,0
FENGYUN 1C DEB,1999-025BHH,2026-08-16T03:37:19.294464,14.09338501,.00881704,99.0272,302.5870,34.0750,326.6037,0,U,31155,999,99057,.62751821E-3,.1089E-4,0
FENGYUN 1C DEB,1999-025BHK,2026-08-16T03:53:27.188736,14.22844779,.0100173,98.5056,207.8493,329.1514,30.3802,0,U,31157,999,476,.11398465E-3,.226E-5,0
FENGYUN 1C DEB,1999-025BHL,2026-08-16T11:39:34.917120,14.35314878,.00458132,98.7707,315.8512,29.4508,330.9243,0,U,31158,999,68017,.57002812E-3,.1608E-4,0
FENGYUN 1C DEB,1999-025BHN,2026-08-15T21:06:33.069888,13.99666937,.0055448,99.0516,286.7600,298.5316,61.0273,0,U,31160,999,73042,.28828E-3,.382E-5,0
FENGYUN 1C DEB,1999-025BHP,2026-08-17T06:59:33.966240,14.09511659,.00685597,98.7327,248.5944,10.3235,349.9325,0,U,31161,999,99589,.15397786E-3,.232E-5,0
FENGYUN 1C DEB,1999-025BHR,2026-08-11T11:10:34.182624,14.32646858,.00526613,98.9522,104.2778,268.9332,90.5817,0,U,31163,999,68202,.1852237E-3,.463E-5,0
FENGYUN 1C DEB,1999-025BHT,2026-08-17T00:58:21.387648,14.74478424,.00659319,98.8644,316.5501,181.6465,353.2373,0,U,31165,999,2385,.53518489E-3,.362E-4,0
FENGYUN 1C DEB,1999-025BHW,2026-08-16T21:15:07.753824,14.69545288,.0104688,98.9229,27.0259,18.1874,342.3029,0,U,31168,999,2725,.20794234E-3,.1277E-4,0
FENGYUN 1C DEB,1999-025BHX,2026-08-16T13:34:34.921344,14.28561328,.00564637,99.1399,271.4138,29.0407,331.3894,0,U,31169,999,60626,.84114081E-3,.2098E-4,0
FENGYUN 1C DEB,1999-025BHZ,2026-08-15T21:33:10.014048,14.39775826,.0141888,98.0282,206.3460,292.7848,96.5458,0,U,31171,999,99367,.13638E-2,.477E-4,0
FENGYUN 1C DEB,1999-025BJA,2026-08-15T17:54:17.444736,14.31712969,.01475269,98.4282,230.1347,259.8816,98.5698,0,U,31172,999,1138,.45366537E-4,.89E-6,0
FENGYUN 1C DEB,1999-025BJB,2026-08-16T10:37:30.099072,14.17770030,.00661036,98.2101,301.2052,82.4201,278.4478,0,U,31173,999,67493,.7139263E-3,.1449E-4,0
FENGYUN 1C DEB,1999-025BJD,2026-08-14T06:15:08.476128,14.71935089,.0064359,98.3942,237.1805,117.6965,243.0791,0,U,31175,999,69223,.19131E-2,.12349E-3,0
FENGYUN 1C DEB,1999-025BJF,2026-08-13T15:48:23.407200,13.63868552,.03073926,98.7584,120.0913,34.3829,356.2712,0,U,31177,999,69535,.19490023E-2,.2095E-4,0
FENGYUN 1C DEB,1999-025BJG,2026-08-15T07:18:16.557120,14.23992671,.01219458,99.5071,254.2111,342.0772,17.6122,0,U,31178,999,99308,.64457439E-3,.1547E-4,0
FENGYUN 1C DEB,1999-025BJH,2026-08-15T07:47:45.684384,13.92577419,.02154119,99.0057,245.6954,50.7149,311.2901,0,U,31179,999,65358,.42701862E-3,.624E-5,0
FENGYUN 1C DEB,1999-025BJJ,2026-08-14T20:24:53.817696,13.70669028,.04973364,99.2510,354.8014,137.0457,12.8780,0,U,31180,999,67424,.18885856E-3,.362E-5,0
FENGYUN 1C DEB,1999-025BJK,2026-08-16T00:47:35.240064,14.12640105,.00484322,98.7555,260.1352,93.5704,296.4210,0,U,31181,999,99244,.45582689E-3,.811E-5,0
FENGYUN 1C DEB,1999-025BJL,2026-08-12T18:32:24.078624,14.14863202,.00229688,98.6996,212.2850,160.6939,325.9053,0,U,31182,999,99517,.13456705E-3,.218E-5,0
FENGYUN 1C DEB,1999-025BJM,2026-08-17T06:27:11.257056,14.52646044,.00469964,99.0479,236.7877,85.2383,342.1655,0,U,31183,999,1061,.51399401E-3,.2082E-4,0
FENGYUN 1C DEB,1999-025BJP,2026-08-14T17:12:35.734464,14.03144565,.00411459,98.8442,221.1728,141.8815,218.5275,0,U,31185,999,65772,.72145503E-4,.71E-6,0
FENGYUN 1C DEB,1999-025BJQ,2026-08-13T00:36:18.253728,14.13286175,.00263563,99.1746,151.5424,98.0485,322.4343,0,U,31186,999,99541,.19203992E-3,.315E-5,0
FENGYUN 1C DEB,1999-025BJR,2026-08-16T04:03:14.079744,14.67408341,.01963591,99.2187,126.2857,192.4411,167.1905,0,U,31187,999,72705,.79197209E-3,.5922E-4,0
FENGYUN 1C DEB,1999-025BJS,2026-08-17T10:58:12.135360,14.25250827,.00574,98.7329,301.0339,250.6075,242.2019,0,U,31188,999,99863,.66434851E-3,.1545E-4,0
FENGYUN 1C DEB,1999-025BJU,2026-08-04T17:45:59.293440,14.04097866,.00667905,98.8123,227.4282,323.5389,36.1239,0,U,31190,999,98844,.58794153E-3,.907E-5,0
FENGYUN 1C DEB,1999-025BJV,2026-08-17T05:40:45.390144,14.41336089,.0091768,98.7675,141.7128,177.6399,182.5241,0,U,31191,999,1557,.13857569E-3,.422E-5,0
FENGYUN 1C DEB,1999-025BJW,2026-08-17T09:22:15.311136,14.21543951,.02580789,98.5762,211.0345,104.7487,258.2440,0,U,31192,999,228,.17628606E-3,.496E-5,0
FENGYUN 1C DEB,1999-025BJY,2026-08-16T16:00:35.875296,14.37824610,.00555283,98.9445,132.8336,272.9304,86.5528,0,U,31194,999,643,.34522942E-3,.1011E-4,0
FENGYUN 1C DEB,1999-025BJZ,2026-08-16T19:04:27.944832,14.08097194,.01712004,98.7522,260.0974,204.0024,155.3098,0,U,31195,999,99575,.13989784E-3,.23E-5,0
FENGYUN 1C DEB,1999-025BKA,2026-08-14T07:10:43.968000,14.26002030,.005698,98.5202,237.7940,216.5459,143.1827,0,U,31196,999,66980,.19569E-3,.432E-5,0
FENGYUN 1C DEB,1999-025BKC,2026-08-17T11:16:18.219648,13.75580533,.02047005,98.6111,314.6624,46.5247,315.2726,0,U,31198,999,66159,.35706942E-4,.3E-7,0
FENGYUN 1C DEB,1999-025BKD,2026-08-16T22:04:03.141120,14.10146919,.00630274,98.7377,209.3832,279.8468,107.4258,0,U,31199,999,99643,.62285204E-4,.69E-6,0
FENGYUN 1C DEB,1999-025BKF,2026-08-17T14:36:14.964192,14.36228064,.01404558,98.9764,106.0992,344.7136,44.3254,0,U,31201,999,805,.31316512E-3,.97E-5,0
FENGYUN 1C DEB,1999-025BKG,2026-08-15T19:04:50.678400,14.88235805,.00659267,96.5524,235.1788,67.1735,106.9987,0,U,31202,999,2731,.43550593E-3,.4143E-4,0
FENGYUN 1C DEB,1999-025BKK,2026-08-16T17:59:28.985856,14.24103719,.01612952,99.2351,339.2156,211.9895,147.1412,0,U,31205,999,727,.76478517E-4,.15E-5,0
FENGYUN 1C DEB,1999-025BKL,2026-08-17T14:03:07.397856,14.41417272,.00765081,98.8372,150.9435,346.2412,13.6690,0,U,31206,999,1399,.30918096E-3,.988E-5,0
FENGYUN 1C DEB,1999-025BKN,2026-08-17T10:55:42.868992,14.67910195,.00122362,99.2547,48.8769,225.3279,164.3378,0,U,31208,999,74107,.10031303E-2,.5687E-4,0
FENGYUN 1C DEB,1999-025BKP,2026-08-12T01:15:26.116704,14.47505237,.00193873,98.8868,335.4347,343.2614,16.7935,0,U,31209,999,68309,.78021456E-3,.2826E-4,0
FENGYUN 1C DEB,1999-025BKQ,2026-08-14T22:39:52.734240,14.12286546,.0016662,98.7255,226.3687,176.3345,213.3262,0,U,31210,999,99428,.15828E-3,.249E-5,0
FENGYUN 1C DEB,1999-025BKR,2026-08-11T21:49:09.545664,14.20981365,.00517,98.6533,259.9254,109.2878,251.3901,0,U,31211,999,66731,.43755E-3,.918E-5,0
FENGYUN 1C DEB,1999-025BKS,2026-08-15T01:29:37.345920,14.14222409,.00736988,99.1995,270.7528,201.4773,158.3302,0,U,31212,999,99125,.63227148E-3,.1191E-4,0
FENGYUN 1C DEB,1999-025BKV,2026-08-09T20:25:04.657440,14.34934254,.0067284,99.0482,82.5514,345.3946,14.5292,0,U,31215,999,99968,.35635929E-3,.991E-5,0
FENGYUN 1C DEB,1999-025BKX,2026-08-14T11:05:59.848800,14.18142492,.0098441,98.6394,232.7996,175.5905,184.6161,0,U,31217,999,99816,.23718E-3,.468E-5,0
FENGYUN 1C DEB,1999-025BKY,2026-08-17T15:41:18.396096,14.90045483,.00070708,98.8396,10.3390,326.1535,33.9228,0,U,31218,999,668,.24926133E-2,.24083E-3,0
FENGYUN 1C DEB,1999-025BKZ,2026-08-17T00:08:06.927072,14.14998063,.00775771,99.2735,253.4151,202.5534,157.2222,0,U,31219,999,99065,.65935482E-3,.1266E-4,0
FENGYUN 1C DEB,1999-025BLC,2026-08-16T17:55:07.586112,15.02700204,.01505734,98.5927,329.7423,337.2233,22.2355,0,U,31222,999,3687,.21794078E-3,.3634E-4,0
FENGYUN 1C DEB,1999-025BLD,2026-08-17T14:41:00.209472,13.79099886,.0238883,99.0364,109.0110,97.5524,265.2832,0,U,31223,999,96143,.16999691E-2,.2113E-4,0
FENGYUN 1C DEB,1999-025BLE,2026-08-16T04:44:55.180032,14.29424075,.01571595,98.3871,215.7360,154.7587,268.6167,0,U,31224,999,72771,.14154808E-3,.369E-5,0
FENGYUN 1C DEB,1999-025BLF,2026-08-17T04:02:01.227264,14.19189717,.00855946,98.9779,310.5075,7.2383,22.3631,0,U,31225,999,99330,.5984688E-3,.1254E-4,0
FENGYUN 1C DEB,1999-025BLG,2026-08-12T06:16:40.956096,14.27058952,.01260385,98.3607,218.3033,201.7046,157.8766,0,U,31226,999,65512,.11011073E-3,.25E-5,0
FENGYUN 1C DEB,1999-025BLJ,2026-08-17T11:21:20.107296,14.37634609,.00788985,98.8660,153.9713,75.3745,346.4509,0,U,31228,999,1125,.24305286E-3,.709E-5,0
FENGYUN 1C DEB,1999-025BLK,2026-08-17T04:12:19.717344,14.23248266,.00501163,98.8567,310.8482,306.4763,53.1803,0,U,31229,999,99602,.67440957E-3,.15E-4,0
FENGYUN 1C DEB,1999-025BLM,2026-08-15T06:42:02.940480,14.87002278,.01207227,98.8684,57.6148,49.0447,312.1138,0,U,31231,999,66657,.10152389E-2,.1033E-3,0
FENGYUN 1C DEB,1999-025BLQ,2026-08-13T06:19:41.150208,14.08234693,.0072327,98.7983,218.0406,260.8214,98.4768,0,U,31234,999,76147,.17981998E-3,.271E-5,0
FENGYUN 1C DEB,1999-025BLR,2026-08-15T03:24:47.825280,14.23296399,.01615463,98.4548,10.4069,26.7527,334.1872,0,U,31235,999,66653,.15643242E-2,.4012E-4,0
FENGYUN 1C DEB,1999-025BLS,2026-08-14T07:12:13.608000,13.88660158,.0306798,98.5417,166.1926,94.3105,269.3171,0,U,31236,999,64416,.15164E-2,.2625E-4,0
FENGYUN 1C DEB,1999-025BLT,2026-08-17T11:14:44.644992,14.32031741,.00877537,98.4625,227.0822,336.3221,23.3935,0,U,31237,999,806,.25444089E-3,.669E-5,0
FENGYUN 1C DEB,1999-025BLV,2026-08-16T22:06:27.006624,14.10161157,.00485501,98.7714,222.5499,218.4690,171.0813,0,U,31239,999,99495,.22053278E-3,.351E-5,0
FENGYUN 1C DEB,1999-025BLW,2026-08-08T06:32:33.952416,14.09889952,.00466726,98.7548,223.1673,62.5031,311.0189,0,U,31240,999,25458,.26577471E-3,.43E-5,0
FENGYUN 1C DEB,1999-025BLX,2026-08-16T22:10:49.171008,14.39424017,.00659819,99.2634,40.0073,178.1136,182.0311,0,U,31241,999,1224,.26702952E-3,.801E-5,0
FENGYUN 1C DEB,1999-025BLZ,2026-08-14T00:50:07.062144,14.07723542,.00650851,98.7289,263.3064,198.2317,161.6518,0,U,31243,999,72744,.46594279E-3,.761E-5,0
FENGYUN 1C DEB,1999-025BMA,2026-07-28T22:07:12.252576,14.06550586,.0100349,99.0087,277.7340,257.9159,101.0751,0,U,31244,999,60847,.32364E-3,.515E-5,0
FENGYUN 1C DEB,1999-025BMC,2026-08-13T19:01:00.770592,14.08803971,.01461268,98.7967,72.0531,16.8308,343.7637,0,U,31246,999,65187,.77002179E-3,.1423E-4,0
FENGYUN 1C DEB,1999-025BMD,2026-08-17T04:59:37.291200,14.05639974,.00599924,99.3444,130.2363,102.2475,49.5269,0,U,31247,999,98997,.564281E-3,.887E-5,0
FENGYUN 1C DEB,1999-025BME,2026-08-14T11:02:26.063232,13.93127581,.0109808,99.2386,288.7245,8.9616,4.1276,0,U,31248,999,98231,.28379E-3,.343E-5,0
FENGYUN 1C DEB,1999-025BMG,2026-08-17T12:10:12.660672,14.03829759,.01315985,98.3766,65.3182,316.7725,42.3174,0,U,31250,999,98993,.36430049E-3,.58E-5,0
FENGYUN 1C DEB,1999-025BMJ,2026-08-15T18:35:53.939040,14.40919617,.02122256,98.3039,244.8007,150.0542,211.2988,0,U,31252,999,750,.13494304E-3,.516E-5,0
FENGYUN 1C DEB,1999-025BMK,2026-08-14T03:35:45.426048,14.03871837,.0290065,99.0482,295.7099,131.3208,231.3316,0,U,31253,999,72427,.10381728E-4,-.22E-6,0
FENGYUN 1C DEB,1999-025BML,2026-08-17T14:49:47.563968,14.37003666,.01501897,98.4315,279.6862,182.1452,330.7752,0,U,31254,999,956,.2270949E-3,.719E-5,0
FENGYUN 1C DEB,1999-025BMM,2026-08-17T07:56:47.243904,14.10158251,.02699262,99.3159,60.4058,13.8086,347.0282,0,U,31255,999,226,.11470618E-3,.233E-5,0
FENGYUN 1C DEB,1999-025BMN,2026-08-17T09:16:37.887168,14.06327357,.03015016,98.6641,71.6401,135.9684,226.5931,0,U,31256,999,68459,.13012129E-2,.3199E-4,0
FENGYUN 1C DEB,1999-025BMR,2026-08-17T04:36:19.141344,14.16395128,.00635694,99.0010,315.9177,212.5010,177.3109,0,U,31259,999,99071,.8734599E-3,.1724E-4,0
FENGYUN 1C DEB,1999-025BMS,2026-08-17T05:21:51.141312,14.37610950,.00453442,98.9424,141.0619,285.0557,229.2252,0,U,31260,999,744,.42053251E-3,.1229E-4,0
FENGYUN 1C DEB,1999-025BMT,2026-08-17T09:00:34.959168,14.41482376,.00485169,99.0374,201.4802,220.9651,138.7887,0,U,31261,999,912,.39575973E-3,.1253E-4,0
FENGYUN 1C DEB,1999-025BMU,2026-08-17T05:56:10.416192,14.19684756,.00558622,98.9966,321.3919,112.1899,306.1481,0,U,31262,999,99219,.90496539E-3,.1898E-4,0
FENGYUN 1C DEB,1999-025BMW,2026-08-17T05:23:52.917792,14.19100954,.00016315,99.0981,137.8922,37.4813,115.1939,0,U,31264,999,99938,.29505202E-3,.57E-5,0
FENGYUN 1C DEB,1999-025BMY,2026-08-17T12:04:22.931616,14.22643181,.01289237,99.2740,230.2996,299.4678,218.9819,0,U,31266,999,705,.11921702E-3,.24E-5,0
FENGYUN 1C DEB,1999-025BNA,2026-08-09T08:19:24.107520,14.06905590,.00479016,98.7335,260.5468,227.8337,131.8760,0,U,31268,999,65401,.29434179E-3,.453E-5,0
FENGYUN 1C DEB,1999-025BNB,2026-08-17T02:55:32.246400,14.46817901,.02297935,98.1543,103.2209,240.1308,275.7165,0,U,31269,999,51,.56308421E-3,.2785E-4,0
FENGYUN 1C DEB,1999-025BNE,2026-08-17T03:03:17.424000,14.23446270,.01063188,99.0626,113.6836,123.9230,237.2112,0,U,31272,999,499,.23864223E-3,.529E-5,0
FENGYUN 1C DEB,1999-025BNG,2026-08-15T07:11:56.954400,13.86100521,.02406033,99.0194,42.6102,166.4201,194.3584,0,U,31274,999,97608,.3283069E-3,.433E-5,0
FENGYUN 1C DEB,1999-025BNH,2026-08-16T09:19:48.440640,14.03007493,.01038636,98.9233,272.0366,27.4577,333.2024,0,U,31275,999,98944,.37287258E-3,.564E-5,0
FENGYUN 1C DEB,1999-025BNM,2026-08-12T20:34:54.969024,14.26870384,.00728296,98.5156,231.6180,185.1782,174.8653,0,U,31279,999,673,.1802857E-3,.407E-5,0
FENGYUN 1C DEB,1999-025BNP,2026-08-17T10:09:40.457952,15.37761865,.00728368,98.4053,40.6176,317.2563,42.3027,0,U,31281,999,3481,.67344157E-3,.27309E-3,0
FENGYUN 1C DEB,1999-025BNQ,2026-08-11T15:49:48.955296,14.43821542,.01262647,99.2265,166.0040,293.2341,65.5594,0,U,31282,999,601,.66929743E-4,.192E-5,0
FENGYUN 1C DEB,1999-025BNS,2026-08-17T00:50:27.869856,13.98387940,.01439849,99.7281,343.0505,112.7694,248.8753,0,U,31284,999,98618,.60766421E-3,.901E-5,0
FENGYUN 1C DEB,1999-025BNT,2026-08-16T21:16:53.361408,14.26370913,.01988821,98.5445,208.1612,183.2283,207.6160,0,U,31285,999,806,.82311447E-4,.197E-5,0
FENGYUN 1C DEB,1999-025BNU,2026-08-17T07:35:53.833920,14.25587760,.00785469,100.8564,182.7414,332.5758,27.1279,0,U,31286,999,67544,.15145268E-2,.3642E-4,0
FENGYUN 1C DEB,1999-025BNV,2026-08-15T16:08:44.767104,14.29678483,.00284483,99.3923,307.5738,80.0767,280.3622,0,U,31287,999,194,.61498999E-3,.1533E-4,0
FENGYUN 1C DEB,1999-025BPB,2026-08-11T06:42:41.112000,14.30911324,.0125141,98.4224,228.6512,250.4838,108.2794,0,U,31293,999,68698,.28801E-4,.37E-6,0
FENGYUN 1C DEB,1999-025BPC,2026-08-17T09:56:46.483296,14.15710691,.00993679,98.5570,220.0090,349.6925,10.2211,0,U,31294,999,357,.2251269E-3,.421E-5,0
FENGYUN 1C DEB,1999-025BPD,2026-08-17T10:30:07.923744,13.96910277,.00765348,98.3347,36.0524,276.9989,82.2475,0,U,31295,999,98961,-.17350607E-4,-.64E-6,0
FENGYUN 1C DEB,1999-025BPE,2026-08-17T08:01:07.980960,14.89619607,.00169332,99.0576,181.2537,137.2961,222.9572,0,U,31296,999,1009,.28524021E-2,.2735E-3,0
FENGYUN 1C DEB,1999-025BPF,2026-08-16T22:13:34.853376,14.57905363,.01382476,98.9684,29.3867,91.3390,60.1640,0,U,31297,999,2901,.14420747E-3,.693E-5,0
FENGYUN 1C DEB,1999-025BPJ,2026-08-15T12:21:46.154592,14.16260451,.00616264,99.5377,328.9521,95.1430,328.8739,0,U,31300,999,99652,.53706596E-3,.1035E-4,0
FENGYUN 1C DEB,1999-025BPL,2026-08-17T03:43:00.826752,14.29009610,.0028103,99.3987,295.2055,72.6683,316.6821,0,U,31302,999,99890,.65385184E-3,.1611E-4,0
FENGYUN 1C DEB,1999-025BPM,2026-08-16T18:13:13.819872,14.11121907,.00112943,98.6945,242.2341,169.0753,191.0666,0,U,31303,999,99802,.79858247E-4,.101E-5,0
FENGYUN 1C DEB,1999-025BPP,2026-08-17T04:36:09.841248,14.31628931,.00195335,98.8452,319.8568,83.3691,306.6581,0,U,31311,999,99760,.71236127E-3,.1856E-4,0
FENGYUN 1C DEB,1999-025BPQ,2026-08-17T10:27:46.283904,14.01148648,.0056731,98.8726,213.0934,266.8062,246.2125,0,U,31312,999,98614,.10219271E-3,.112E-5,0
FENGYUN 1C DEB,1999-025BPR,2026-08-16T11:48:04.832640,14.22571123,.00441847,99.0025,142.8299,193.6260,166.3727,0,U,31313,999,545,.11650558E-3,.216E-5,0
FENGYUN 1C DEB,1999-025BPS,2026-08-14T04:41:46.983552,14.05135749,.00792049,98.8359,218.7424,32.7540,327.8503,0,U,31314,999,64247,.27276037E-3,.41E-5,0
FENGYUN 1C DEB,1999-025BPX,2026-08-17T04:17:12.539040,13.75906033,.01700176,98.8033,114.7862,146.2711,5.2760,0,U,31319,999,97090,.69522432E-4,.36E-6,0
FENGYUN 1C DEB,1999-025BPY,2026-08-09T16:46:35.730624,14.22777316,.01026217,98.3032,26.1621,123.7442,237.3567,0,U,31320,999,63767,.11397947E-2,.2659E-4,0
FENGYUN 1C DEB,1999-025BPZ,2026-08-11T10:24:23.478048,14.13946222,.0029291,98.7142,301.4289,208.2903,151.6681,0,U,31321,999,60799,.62478582E-4,.76E-6,0
FENGYUN 1C DEB,1999-025BQA,2026-08-11T20:49:36.997248,13.73107348,.02395282,98.5413,267.2285,81.6075,90.8805,0,U,31322,999,65598,.79764798E-4,.55E-6,0
FENGYUN 1C DEB,1999-025BQB,2026-08-15T15:07:55.267392,14.29135195,.00323183,99.4044,290.2128,97.0567,263.4289,0,U,31323,999,67491,.56574937E-3,.1393E-4,0
FENGYUN 1C DEB,1999-025BQC,2026-08-15T02:07:20.544672,14.14832494,.00495341,99.1304,159.0674,332.8410,27.0173,0,U,31324,999,99955,.71115526E-4,.92E-6,0
FENGYUN 1C DEB,1999-025BQD,2026-08-16T13:14:57.750720,14.18533203,.00689557,98.9917,330.7019,236.8470,122.6077,0,U,31325,999,63275,.90270327E-3,.1866E-4,0
FENGYUN 1C DEB,1999-025BQF,2026-08-16T14:15:36.179136,15.23592708,.00644765,98.9616,280.4517,264.0750,95.3131,0,U,31327,999,3843,.56324146E-3,.14203E-3,0
FENGYUN 1C DEB,1999-025BQG,2026-08-17T08:56:03.185376,14.29053901,.01035514,98.5126,201.9903,207.8033,151.7591,0,U,31328,999,968,.34750342E-4,.5E-6,0
FENGYUN 1C DEB,1999-025BQH,2026-08-17T06:59:47.394528,14.71117625,.00523808,98.9065,242.6556,40.2480,320.2584,0,U,31329,999,6251,.66270713E-3,.4105E-4,0
FENGYUN 1C DEB,1999-025BQK,2026-08-09T19:11:22.419456,14.00774266,.00523085,98.8662,245.6884,234.6028,125.0245,0,U,31331,999,67217,.22653495E-4,-.9E-7,0
FENGYUN 1C DEB,1999-025BQL,2026-08-15T18:39:22.988160,14.12550032,.00506082,98.7030,236.0359,45.8332,128.8409,0,U,31332,999,99444,.40139008E-3,.709E-5,0
FENGYUN 1C DEB,1999-025BQM,2026-08-11T18:19:05.436768,14.27293969,.00983179,98.4209,234.4573,35.5479,325.2200,0,U,31333,999,22,.2923838E-3,.711E-5,0
FENGYUN 1C DEB,1999-025BQQ,2026-08-16T03:09:57.555360,14.39142866,.00937355,98.4339,284.6394,101.0216,288.1184,0,U,31336,999,1320,.14226716E-3,.419E-5,0
FENGYUN 1C DEB,1999-025BQS,2026-08-13T06:56:42.485568,14.23123295,.00716638,98.7054,67.4148,124.3689,236.4295,0,U,31338,999,67119,.96497682E-3,.2194E-4,0
FENGYUN 1C DEB,1999-025BQT,2026-08-17T06:10:42.026304,14.12914200,.00735707,98.7035,244.0434,341.6804,18.1721,0,U,31339,999,99172,.45447942E-3,.825E-5,0
FENGYUN 1C DEB,1999-025BQV,2026-08-17T04:25:53.918112,14.55747191,.00501081,99.5359,310.1105,332.1927,57.1370,0,U,31341,999,1216,.54648376E-3,.2372E-4,0
FENGYUN 1C DEB,1999-025BQW,2026-08-16T04:21:46.577376,14.36983001,.01111438,98.9637,199.3013,214.0487,145.3533,0,U,31342,999,1423,.52874783E-4,.117E-5,0
FENGYUN 1C DEB,1999-025BQZ,2026-08-13T18:42:52.613568,14.13380427,.00703236,98.0897,221.2143,93.8203,267.1016,0,U,31345,999,98948,.7147001E-3,.1337E-4,0
FENGYUN 1C DEB,1999-025BRA,2026-08-17T11:56:49.099200,15.19990446,.00902037,98.8786,243.1119,266.8463,92.2444,0,U,31346,999,3239,.35725482E-3,.8481E-4,0
FENGYUN 1C DEB,1999-025BRC,2026-08-17T09:50:17.147616,14.35614459,.00347903,99.1433,199.5712,64.8298,86.6857,0,U,31348,999,99801,.60175906E-3,.1698E-4,0
FENGYUN 1C DEB,1999-025BRD,2026-08-11T07:44:17.481120,14.05659638,.0068542,99.2582,263.0902,295.9006,63.5106,0,U,31349,999,66330,.52845213E-3,.832E-5,0
FENGYUN 1C DEB,1999-025BRE,2026-08-15T07:59:47.050944,14.35496458,.00667986,98.9725,53.8881,125.2394,235.5066,0,U,31350,999,73776,.19658326E-3,.533E-5,0
FENGYUN 1C DEB,1999-025BRF,2026-08-13T19:04:25.191264,14.07194188,.00938777,98.8158,211.3192,84.6426,276.5445,0,U,31351,999,64807,.42790589E-4,.32E-6,0
FENGYUN 1C DEB,1999-025BRH,2026-08-08T01:03:48.248352,14.30605240,.02272285,99.0037,158.6415,94.4605,268.2572,0,U,31353,999,99991,.20910602E-3,.671E-5,0
FENGYUN 1C DEB,1999-025BRL,2026-08-14T04:47:43.523520,14.82911188,.00264241,98.6503,9.6751,209.3285,150.6444,0,U,31356,999,68736,.14085876E-2,.11445E-3,0
FENGYUN 1C DEB,1999-025BRM,2026-08-17T07:34:27.054624,14.18557068,.00488947,98.5858,257.7236,298.8210,122.0743,0,U,31357,999,203,.3656363E-5,-.35E-6,0
FENGYUN 1C DEB,1999-025BRP,2026-08-15T12:48:23.435712,14.23917405,.00695878,99.0793,338.4751,308.1767,51.3155,0,U,31359,999,2098,.90914611E-3,.2089E-4,0
FENGYUN 1C DEB,1999-025BRQ,2026-08-11T08:00:37.883520,14.14944648,.00993968,97.9936,61.2405,247.3393,111.7249,0,U,31360,999,66613,.10884068E-2,.2169E-4,0
FENGYUN 1C DEB,1999-025BRR,2026-08-17T04:34:33.110400,14.17868850,.00462467,98.5794,200.7907,77.2207,283.4132,0,U,31361,999,51,.67941733E-4,.98E-6,0
FENGYUN 1C DEB,1999-025BRS,2026-08-15T16:52:07.044384,14.17531302,.0019323,98.6665,220.8253,108.0481,252.2802,0,U,31362,999,50,.58720677E-4,.77E-6,0
FENGYUN 1C DEB,1999-025BRU,2026-08-16T07:23:39.941088,14.17027394,.0092499,99.2693,2.7666,172.9782,187.2711,0,U,31364,999,98366,.15535546E-2,.3211E-4,0
FENGYUN 1C DEB,1999-025BRV,2026-08-16T16:44:16.144512,14.44567480,.00406658,98.6691,323.1522,198.4073,161.5648,0,U,31365,999,181,.90407201E-3,.3112E-4,0
FENGYUN 1C DEB,1999-025BRX,2026-08-16T16:44:08.319264,14.48387648,.00976305,98.7266,136.2556,352.6183,37.0969,0,U,31367,999,2020,.24110404E-3,.906E-5,0
FENGYUN 1C DEB,1999-025BRY,2026-08-08T09:00:22.421664,14.25264068,.00455125,99.1331,59.1384,327.2595,32.5764,0,U,31368,999,67861,.30209156E-3,.67E-5,0
FENGYUN 1C DEB,1999-025BRZ,2026-08-17T04:37:11.951616,14.19658105,.00541775,98.6433,209.2680,305.6852,66.7152,0,U,31369,999,67838,.11814822E-3,.21E-5,0
FENGYUN 1C DEB,1999-025BSA,2026-08-16T05:40:06.688128,14.09988722,.00332104,98.7614,226.6728,321.6302,38.2507,0,U,31370,999,99767,.14340384E-3,.211E-5,0
FENGYUN 1C DEB,1999-025BSB,2026-08-12T07:09:59.414112,14.05048509,.00760317,98.7447,253.7401,286.5175,72.7650,0,U,31371,999,99152,.5052527E-3,.792E-5,0
FENGYUN 1C DEB,1999-025BSC,2026-08-15T23:41:21.758496,14.28264681,.00338208,99.3790,241.8570,91.4848,269.0205,0,U,31372,999,99364,.6928114E-3,.1688E-4,0
FENGYUN 1C DEB,1999-025BSE,2026-08-05T05:59:59.077248,14.37405106,.01370054,99.6387,21.1663,28.9262,331.9428,0,U,31374,999,99432,.10576065E-2,.3466E-4,0
FENGYUN 1C DEB,1999-025BSG,2026-08-17T06:31:06.627936,14.66330890,.00440385,98.8359,168.4587,223.0657,136.7096,0,U,31376,999,1762,.76448372E-3,.4225E-4,0
FENGYUN 1C DEB,1999-025BSJ,2026-08-17T05:55:42.990240,13.80503327,.01684506,100.7445,156.7565,295.5277,62.8536,0,U,31378,999,97638,.39478673E-3,.403E-5,0
FENGYUN 1C DEB,1999-025BSM,2026-08-08T11:30:46.762560,14.37894415,.01962847,98.4792,305.8662,39.2483,322.2748,0,U,31381,999,827,.11887449E-3,.398E-5,0
FENGYUN 1C DEB,1999-025BSP,2026-08-11T03:00:20.400768,14.06216454,.01074018,99.0455,290.0041,6.0977,23.6669,0,U,31383,999,98761,.35271594E-3,.566E-5,0
FENGYUN 1C DEB,1999-025BSQ,2026-08-17T07:36:50.730048,13.88264939,.04334174,98.4729,178.1403,78.6851,71.7412,0,U,31384,999,96457,.10743268E-2,.2691E-4,0
FENGYUN 1C DEB,1999-025BSR,2026-08-11T13:31:09.124320,14.44305634,.01340205,98.9566,331.3606,55.9968,318.0348,0,U,31385,999,2106,.48399611E-4,.132E-5,0
FENGYUN 1C DEB,1999-025BSS,2026-08-17T10:54:49.995648,13.87220105,.01957663,98.4382,225.3442,324.4012,34.4218,0,U,31386,999,97295,.11439543E-2,.1524E-4,0
FENGYUN 1C DEB,1999-025BST,2026-08-15T11:31:19.260192,14.13833715,.02405198,99.1367,116.9961,199.1894,160.0100,0,U,31387,999,99769,.73313661E-4,.133E-5,0
FENGYUN 1C DEB,1999-025BSU,2026-08-16T05:49:06.502368,14.07544947,.00459487,98.8249,215.2715,227.6800,145.7285,0,U,31388,999,99909,.12205691E-3,.164E-5,0
FENGYUN 1C DEB,1999-025BSV,2026-08-17T12:12:44.201088,14.71737212,.00251241,99.0418,65.2499,138.9807,250.6280,0,U,31389,999,122,.2015825E-2,.12599E-3,0
FENGYUN 1C DEB,1999-025BSW,2026-08-17T06:19:22.390176,14.46026897,.01077194,98.8581,46.3237,265.9747,270.6270,0,U,31410,999,1323,.31541337E-3,.1154E-4,0
FENGYUN 1C DEB,1999-025BSX,2026-08-17T09:47:30.253920,14.28458666,.01001401,98.6402,293.5333,249.9379,169.8196,0,U,31411,999,98015,.17056026E-3,.406E-5,0
FENGYUN 1C DEB,1999-025BSY,2026-08-14T06:25:46.235136,14.11047802,.0084339,98.5578,163.4675,359.4616,0.6452,0,U,31412,999,64439,.72038E-3,.1298E-4,0
FENGYUN 1C DEB,1999-025BTB,2026-08-14T16:43:59.678400,14.32100275,.00625927,99.6647,210.8826,96.3338,264.4975,0,U,31415,999,66335,.43436071E-3,.1141E-4,0
FENGYUN 1C DEB,1999-025BTC,2026-08-16T10:09:49.426272,14.41121832,.01318177,99.0238,297.5524,242.3247,116.4512,0,U,31416,999,69072,.14068056E-3,.447E-5,0
FENGYUN 1C DEB,1999-025BTF,2026-08-17T08:42:52.986528,14.75592309,.00378642,98.7870,68.0099,140.7299,219.6666,0,U,31419,999,68674,.10339267E-2,.7079E-4,0
FENGYUN 1C DEB,1999-025BTG,2026-08-17T03:04:42.370752,14.41558174,.01332947,97.5319,103.3884,286.3679,228.2018,0,U,31420,999,68557,.18587192E-3,.63E-5,0
FENGYUN 1C DEB,1999-025BTJ,2026-08-13T06:18:58.516992,14.09900532,.0033791,98.7723,220.9078,333.6007,38.8637,0,U,31422,999,99093,.16534255E-3,.249E-5,0
FENGYUN 1C DEB,1999-025BTK,2026-08-16T15:54:38.167200,14.23125726,.00358804,98.6084,208.7021,196.5259,163.4753,0,U,31423,999,420,.6330054E-4,.101E-5,0
FENGYUN 1C DEB,1999-025BTL,2026-08-12T09:05:13.714080,14.08537860,.00943038,98.4524,258.5476,134.1344,226.7632,0,U,31424,999,66586,.19318087E-3,.306E-5,0
FENGYUN 1C DEB,1999-025BTN,2026-08-17T08:34:50.231712,13.91433957,.032048,98.6019,13.9019,222.3813,165.6694,0,U,31426,999,97015,.12027705E-2,.2269E-4,0
FENGYUN 1C DEB,1999-025BTP,2026-08-16T20:13:30.491328,14.64405968,.00269132,98.6822,354.9962,336.9979,23.0015,0,U,31427,999,492,.10400285E-2,.5477E-4,0
FENGYUN 1C DEB,1999-025BTQ,2026-08-12T22:58:51.775680,14.43256001,.00629296,99.0573,216.2623,153.4903,233.6444,0,U,31428,999,978,.23534031E-3,.761E-5,0
FENGYUN 1C DEB,1999-025BTR,2026-08-16T02:17:13.981344,14.23486405,.00153051,98.6655,278.4320,72.8920,317.1660,0,U,31429,999,99457,.40740303E-3,.884E-5,0
FENGYUN 1C DEB,1999-025BTS,2026-08-17T03:00:10.043136,14.26627343,.00272173,98.7239,296.3455,44.3570,345.5953,0,U,31430,999,99644,.47769708E-3,.1114E-4,0
FENGYUN 1C DEB,1999-025BTT,2026-08-17T14:45:08.809056,14.04071545,.01330369,98.5243,107.7245,116.4588,245.0298,0,U,31431,999,98009,.62830329E-3,.1037E-4,0
FENGYUN 1C DEB,1999-025BTV,2026-08-17T05:01:43.601952,14.27875493,.00978992,98.3981,128.0576,22.8356,128.4662,0,U,31433,999,99081,.11864982E-2,.305E-4,0
FENGYUN 1C DEB,1999-025BTX,2026-08-17T08:22:49.433664,14.53847107,.01486033,99.0430,65.8503,153.6571,207.2278,0,U,31435,999,1910,.9897762E-4,.421E-5,0
FENGYUN 1C DEB,1999-025BTY,2026-08-17T04:04:19.331616,15.39002508,.00226792,98.8604,127.1750,127.8171,29.6137,0,U,31436,999,614,.43002171E-2,.170937E-2,0
FENGYUN 1C DEB,1999-025BTZ,2026-08-17T05:37:59.010528,14.45824878,.00138933,98.8580,325.5921,225.3200,134.6859,0,U,31437,999,69,.10105199E-2,.3544E-4,0
FENGYUN 1C DEB,1999-025BUB,2026-08-09T20:25:00.331392,13.96068241,.01357612,98.9180,225.2981,220.8837,261.4560,0,U,31439,999,66582,.17065764E-3,.21E-5,0
FENGYUN 1C DEB,1999-025BUC,2026-08-13T17:29:35.374560,14.39021823,.00361009,98.7428,322.9534,340.1814,19.7968,0,U,31440,999,99832,.51273667E-3,.1549E-4,0
FENGYUN 1C DEB,1999-025BUD,2026-08-17T00:11:44.503008,15.00267342,.00577742,99.2833,139.0063,274.0878,85.3738,0,U,31441,999,67766,.29315884E-2,.3813E-3,0
FENGYUN 1C DEB,1999-025BUE,2026-08-16T11:15:04.555008,14.34443981,.00782422,98.5201,316.0054,1.4383,358.7012,0,U,31442,999,897,.14891553E-3,.39E-5,0
FENGYUN 1C DEB,1999-025BUF,2026-08-10T03:35:01.923648,14.51517021,.01853821,99.2232,349.1886,101.3974,260.8105,0,U,31443,999,70426,.6126581E-3,.3003E-4,0
FENGYUN 1C DEB,1999-025BUG,2026-08-13T20:58:28.676928,14.77804550,.00542736,98.9370,197.8027,32.2266,328.2239,0,U,31444,999,1016,.12439105E-2,.91E-4,0
FENGYUN 1C DEB,1999-025BUK,2026-08-10T09:25:50.513664,14.24288395,.02300974,98.9641,273.9854,22.0311,339.0567,0,U,31447,999,68277,.5406623E-4,.112E-5,0
FENGYUN 1C DEB,1999-025BUL,2026-08-17T06:31:57.642816,14.28588664,.00581276,98.4956,239.0093,196.1493,163.7838,0,U,31448,999,67837,.31392217E-3,.759E-5,0
FENGYUN 1C DEB,1999-025BUM,2026-08-01T22:20:06.059616,14.33990194,.0143475,98.5245,274.5142,301.0592,57.6575,0,U,31449,999,940,.11036E-3,.297E-5,0
FENGYUN 1C DEB,1999-025BUP,2026-08-14T09:39:42.716736,14.13917705,.0030329,98.7361,268.2171,234.4278,139.2145,0,U,31451,999,99467,.15047E-3,.243E-5,0
FENGYUN 1C DEB,1999-025BUQ,2026-08-11T04:20:27.926592,14.15495328,.0040435,98.6784,208.4545,155.7792,204.5294,0,U,31452,999,99621,.15039E-3,.253E-5,0
FENGYUN 1C DEB,1999-025BUT,2026-08-14T15:57:50.161824,14.11691401,.0218426,98.5953,209.5995,72.1316,290.3547,0,U,31455,999,99559,.12926049E-3,.253E-5,0
FENGYUN 1C DEB,1999-025BUU,2026-08-14T02:22:01.563744,14.43678127,.00655488,98.5859,335.1493,300.5780,58.8954,0,U,31456,999,983,.25266687E-3,.833E-5,0
FENGYUN 1C DEB,1999-025BUX,2026-08-10T11:20:27.291840,14.46388519,.00922786,98.1631,126.7872,117.4603,243.6010,0,U,31459,999,68035,.52996108E-3,.1962E-4,0
FENGYUN 1C DEB,1999-025BVA,2026-08-10T06:37:46.155360,14.13282452,.0031125,98.6775,238.5314,238.8958,182.9108,0,U,31462,999,99253,.15509694E-3,.249E-5,0
FENGYUN 1C DEB,1999-025BVB,2026-08-17T06:54:52.624512,14.37659688,.02117306,99.0974,230.2114,33.9311,327.5212,0,U,31463,999,68276,.25248362E-3,.925E-5,0
FENGYUN 1C DEB,1999-025BVC,2026-08-15T09:35:55.705056,14.12714611,.00425492,98.7640,274.2417,264.8276,107.5979,0,U,31464,999,98148,.12665172E-3,.193E-5,0
FENGYUN 1C DEB,1999-025BVE,2026-08-11T01:21:36.063360,14.18766728,.0298839,99.1030,164.5776,342.1362,16.9482,0,U,31466,999,99750,.86420139E-4,.222E-5,0
FENGYUN 1C DEB,1999-025BVF,2026-08-16T09:33:59.869440,14.01173128,.01545024,98.5827,86.8387,31.3340,329.6922,0,U,31467,999,3200,.10235864E-2,.1666E-4,0
FENGYUN 1C DEB,1999-025BVG,2026-08-16T06:14:47.613984,14.47471165,.01652575,98.1804,221.0800,132.8281,228.6938,0,U,31468,999,70937,.16292449E-3,.662E-5,0
FENGYUN 1C DEB,1999-025BVK,2026-08-02T20:37:35.076000,14.16752384,.01479111,97.9626,79.2467,36.0015,325.1017,0,U,31471,999,67276,.11337052E-2,.2488E-4,0
FENGYUN 1C DEB,1999-025BVM,2026-08-16T13:41:57.375744,14.31353196,.00636096,98.5247,262.0694,8.6848,143.2692,0,U,31473,999,73050,.6280164E-3,.1658E-4,0
FENGYUN 1C DEB,1999-025BVN,2026-08-12T20:58:14.033856,14.11635057,.00684408,99.1339,279.9695,243.3178,116.0974,0,U,31474,999,98399,.66261837E-3,.1185E-4,0
FENGYUN 1C DEB,1999-025BVP,2026-08-13T13:01:41.782944,14.39483366,.02086198,98.9173,129.3608,106.7542,255.6649,0,U,31475,999,99585,.25292286E-3,.963E-5,0
FENGYUN 1C DEB,1999-025BVQ,2026-08-16T11:35:02.277600,14.23401146,.00519839,98.8854,309.2364,179.4185,180.7063,0,U,31476,999,99208,.63181285E-3,.1409E-4,0
FENGYUN 1C DEB,1999-025BVR,2026-08-16T22:51:29.568384,14.03089386,.01108005,98.9049,218.1312,60.0380,301.1732,0,U,31477,999,98870,.46400466E-4,.34E-6,0
FENGYUN 1C DEB,1999-025BVU,2026-08-17T05:53:30.100128,13.92253692,.03370867,98.3301,60.7747,252.3058,104.1044,0,U,31480,999,96837,.17851606E-2,.3607E-4,0
FENGYUN 1C DEB,1999-025BVW,2026-08-16T22:53:18.551616,14.36565494,.00870342,98.3861,231.1934,263.8555,127.0881,0,U,31482,999,671,.28395612E-3,.827E-5,0
FENGYUN 1C DEB,1999-025BVX,2026-08-17T15:20:53.206944,14.18509399,.01136001,102.5112,284.6789,323.2341,189.1328,0,U,31483,999,98218,.13054352E-2,.2802E-4,0
FENGYUN 1C DEB,1999-025BVY,2026-08-17T13:38:05.540352,14.61102530,.00701138,101.8094,273.2153,195.3860,164.5196,0,U,31484,999,67846,.23007961E-2,.11646E-3,0
FENGYUN 1C DEB,1999-025BVZ,2026-08-16T03:49:32.834784,13.41251464,.04411852,102.7068,123.6843,145.5622,217.4941,0,U,31485,999,93747,.11352496E-2,.1057E-4,0
FENGYUN 1C DEB,1999-025BWB,2026-08-17T04:48:26.161920,13.98645566,.01191759,102.4071,128.8827,67.5244,87.4767,0,U,31487,999,97870,.79094966E-3,.1135E-4,0
FENGYUN 1C DEB,1999-025BWE,2026-08-16T00:24:03.690432,14.18727745,.00499316,99.2986,153.3127,294.5680,65.0294,0,U,31491,999,67218,.70591788E-3,.1435E-4,0
FENGYUN 1C DEB,1999-025BWF,2026-08-16T23:45:30.070368,14.81732481,.00500927,98.8599,64.0913,312.5522,47.1465,0,U,31492,999,134,.13066278E-2,.10473E-3,0
FENGYUN 1C DEB,1999-025BWG,2026-08-14T04:13:32.079072,13.93520656,.01157058,100.1521,200.4785,252.9456,105.8998,0,U,31493,999,63270,.22004596E-3,.252E-5,0
FENGYUN 1C DEB,1999-025BWJ,2026-08-12T11:51:42.046560,14.30551397,.00242116,99.1005,113.9112,194.1791,165.8713,0,U,31495,999,66860,.43286565E-3,.1084E-4,0
FENGYUN 1C DEB,1999-025BWL,2026-08-14T05:10:56.108352,14.39558566,.01666667,98.3934,209.5563,328.9107,42.3591,0,U,31497,999,1008,.82133587E-4,.251E-5,0
FENGYUN 1C DEB,1999-025BWM,2026-08-16T07:54:37.327680,13.78049594,.02150679,98.4966,178.8763,198.3324,160.9993,0,U,31498,999,96129,.84083801E-3,.965E-5,0
FENGYUN 1C DEB,1999-025BWN,2026-08-12T04:02:32.208576,14.04206675,.02537621,97.6543,359.9159,211.9037,146.6551,0,U,31499,999,65769,.17419472E-2,.3649E-4,0
FENGYUN 1C DEB,1999-025BWR,2026-08-17T05:21:38.170944,14.15864056,.0068854,99.0831,329.0563,249.6067,109.7701,0,U,31502,999,64075,.10091993E-2,.1985E-4,0
FENGYUN 1C DEB,1999-025BWS,2026-08-16T11:24:08.944992,14.23501331,.0047378,100.0806,135.3330,223.4996,136.2437,0,U,31503,999,67756,.38754594E-3,.835E-5,0
FENGYUN 1C DEB,1999-025BWW,2026-08-17T00:47:14.279424,14.53078222,.01158839,98.1691,260.1960,35.8966,350.8175,0,U,31507,999,1608,.23191823E-3,.998E-5,0
FENGYUN 1C DEB,1999-025BWX,2026-08-15T13:51:21.904704,14.69515544,.0027789,98.6420,353.8657,278.8647,80.9410,0,U,31508,999,519,.1143E-2,.6768E-4,0
FENGYUN 1C DEB,1999-025BWY,2026-08-17T06:58:44.351904,13.96126137,.01919407,99.0359,348.6403,259.7950,98.1517,0,U,31509,999,97415,.73063308E-3,.1126E-4,0
FENGYUN 1C DEB,1999-025BWZ,2026-08-15T17:39:05.836608,14.25078093,.00367092,98.5612,225.7806,334.9595,202.6488,0,U,31510,999,99990,.19319376E-3,.413E-5,0
FENGYUN 1C DEB,1999-025BXA,2026-08-14T08:08:09.974112,14.29032003,.0105579,99.0807,49.7923,238.7268,120.3538,0,U,31511,999,99293,.2452E-3,.61E-5,0
FENGYUN 1C DEB,1999-025BXB,2026-08-17T13:24:31.102848,14.44720317,.01428826,98.7851,138.4925,125.7957,357.7628,0,U,31512,999,69079,.19863963E-3,.728E-5,0
FENGYUN 1C DEB,1999-025BXC,2026-08-17T06:24:50.362848,14.34976047,.00297243,98.8641,336.9954,122.5905,237.8155,0,U,31513,999,76416,.10707222E-2,.3018E-4,0
FENGYUN 1C DEB,1999-025BXD,2026-08-16T17:08:15.136512,14.22416165,.0051942,99.2386,146.1718,132.8334,227.7225,0,U,31514,999,72834,.73108138E-3,.1603E-4,0
FENGYUN 1C DEB,1999-025BXF,2026-08-15T19:20:30.654240,14.25854452,.01472359,98.8563,350.8936,245.5751,270.5883,0,U,31516,999,99998,.15906715E-3,.376E-5,0
FENGYUN 1C DEB,1999-025BXJ,2026-08-17T05:26:06.831744,14.23849625,.00510455,98.5851,224.7329,242.5182,117.0803,0,U,31519,999,68286,.18791539E-3,.393E-5,0
FENGYUN 1C DEB,1999-025BXM,2026-08-17T11:59:38.749920,14.04387151,.00418507,98.6961,242.3166,224.3610,135.4202,0,U,31522,999,98473,.13761197E-3,.179E-5,0
FENGYUN 1C DEB,1999-025BXN,2026-08-13T09:00:33.080832,14.13881347,.0039148,98.7229,272.4465,135.1031,289.1056,0,U,31523,999,99450,.15478263E-4,-.13E-6,0
FENGYUN 1C DEB,1999-025BXP,2026-08-11T22:22:31.253952,14.07596157,.0276778,99.2517,116.0759,169.8299,254.6489,0,U,31524,999,66558,.23092E-3,.504E-5,0
FENGYUN 1C DEB,1999-025BXS,2026-08-16T15:53:03.097824,13.23613992,.04494594,98.9249,4.1091,58.0992,306.3043,0,U,31527,999,93456,.77869066E-4,.24E-6,0
FENGYUN 1C DEB,1999-025BXW,2026-08-13T08:57:18.482976,14.37025570,.02391925,98.3560,268.4852,259.6208,97.7940,0,U,31531,999,67432,.20502606E-3,.79E-5,0
FENGYUN 1C DEB,1999-025BXY,2026-08-14T10:52:00.574752,14.28025334,.0065499,98.9383,129.5945,0.8358,359.2920,0,U,31533,999,69615,.16095E-3,.362E-5,0
FENGYUN 1C DEB,1999-025BYA,2026-07-19T07:59:23.551008,14.29003080,.00859166,98.0218,37.9960,231.8967,127.4447,0,U,31535,999,75052,.26574342E-3,.66E-5,0
FENGYUN 1C DEB,1999-025BYB,2026-08-17T04:38:02.279616,14.58484738,.0281474,98.2220,138.9089,96.5995,266.7325,0,U,31536,999,99860,.61158673E-3,.4882E-4,0
FENGYUN 1C DEB,1999-025BYC,2026-08-16T06:20:06.777312,14.25856313,.03295516,99.3141,41.0796,341.3240,17.6073,0,U,31537,999,96789,.62838431E-3,.259E-4,0
FENGYUN 1C DEB,1999-025BYF,2026-08-16T06:41:31.298208,14.68091280,.01691804,99.0702,58.7710,262.2344,95.9620,0,U,31540,999,1901,.28298744E-3,.1945E-4,0
FENGYUN 1C DEB,1999-025BYG,2026-08-16T22:04:22.887840,14.71693614,.00745912,99.0056,41.6532,193.0317,166.8961,0,U,31541,999,2048,.48389242E-3,.3086E-4,0
FENGYUN 1C DEB,1999-025BYH,2026-08-17T14:26:42.790560,14.23982169,.0046257,98.7119,286.3893,207.8489,152.0213,0,U,31542,999,99466,.59120124E-3,.1328E-4,0
FENGYUN 1C DEB,1999-025BYK,2026-08-15T20:54:39.411072,14.14920819,.0030538,98.8047,281.0271,289.2643,70.5228,0,U,31544,999,99237,.31693E-3,.571E-5,0
FENGYUN 1C DEB,1999-025BYM,2026-08-17T02:27:15.596640,14.14568615,.01441514,98.2277,284.3015,141.0113,220.1561,0,U,31546,999,98284,.83639337E-3,.1737E-4,0
FENGYUN 1C DEB,1999-025BYN,2026-08-05T08:56:12.276384,14.24422931,.00505926,99.0705,273.7096,297.6805,61.9244,0,U,31547,999,67370,.59206419E-3,.1341E-4,0
FENGYUN 1C DEB,1999-025BYR,2026-08-16T22:39:56.091744,14.41265802,.01870737,98.3195,226.7757,247.0128,111.1232,0,U,31550,999,69014,.17959905E-3,.662E-5,0
FENGYUN 1C DEB,1999-025BYT,2026-08-16T07:45:51.802272,14.51452650,.00776468,98.6264,0.5013,356.2936,3.7674,0,U,31552,999,99447,.10605736E-2,.4355E-4,0
FENGYUN 1C DEB,1999-025BYU,2026-08-17T03:38:51.897984,14.32121491,.00308488,98.9901,297.6014,99.7713,290.0058,0,U,31553,999,99449,.92788162E-3,.2462E-4,0
FENGYUN 1C DEB,1999-025BYV,2026-08-16T09:00:26.653536,14.57388750,.00334878,98.9154,23.5552,355.0193,5.0665,0,U,31554,999,68443,.11147898E-2,.5042E-4,0
FENGYUN 1C DEB,1999-025BYW,2026-08-16T16:09:11.896704,14.47332344,.01477355,99.1208,206.2327,182.4552,177.5930,0,U,31555,999,131,.50752604E-3,.2073E-4,0
FENGYUN 1C DEB,1999-025BYY,2026-08-07T04:28:10.535520,14.41453110,.01681872,98.3072,200.4147,275.4940,82.7087,0,U,31557,999,64519,.1222033E-3,.418E-5,0
FENGYUN 1C DEB,1999-025BYZ,2026-08-15T12:06:34.854048,14.39129832,.02094721,98.7703,133.8843,252.9013,284.2800,0,U,31558,999,968,.61363878E-4,.187E-5,0
FENGYUN 1C DEB,1999-025BZA,2026-08-16T21:52:55.490304,14.67009476,.00522708,98.8801,207.6781,149.0868,240.0026,0,U,31559,999,1174,.52560189E-3,.2948E-4,0
FENGYUN 1C DEB,1999-025BZB,2026-08-15T07:46:07.705056,14.21285691,.01199139,98.5602,261.3585,316.5516,42.6259,0,U,31560,999,106,.22623323E-4,.9E-7,0
FENGYUN 1C DEB,1999-025BZC,2026-08-16T05:55:48.239040,14.03066952,.00552711,98.7304,219.0648,212.2896,160.1960,0,U,31561,999,98635,.17025895E-3,.226E-5,0
FENGYUN 1C DEB,1999-025BZD,2026-08-12T10:36:03.907296,14.43365589,.00551961,99.2793,42.0630,290.1518,69.3737,0,U,31562,999,473,.24914951E-3,.803E-5,0
FENGYUN 1C DEB,1999-025BZE,2026-08-16T22:55:38.608608,14.66998608,.01108658,98.9748,50.1118,37.3713,323.5134,0,U,31563,999,2151,.18640584E-3,.108E-4,0
FENGYUN 1C DEB,1999-025BZG,2026-08-14T01:13:01.033824,14.43475140,.00546959,100.7112,164.7479,61.1428,299.5229,0,U,31565,999,67873,.14289727E-2,.4859E-4,0
FENGYUN 1C DEB,1999-025BZH,2026-08-16T22:30:07.565184,14.40062911,.0022402,98.9375,303.2091,349.4441,68.1109,0,U,31566,999,99946,.9074488E-3,.2823E-4,0
FENGYUN 1C DEB,1999-025BZJ,2026-08-14T08:14:18.464928,13.94793530,.0182122,102.3111,178.4686,79.0866,283.0716,0,U,31567,999,70817,.12674E-2,.1883E-4,0
FENGYUN 1C DEB,1999-025BZK,2026-08-15T16:04:06.523680,14.05391480,.01186764,102.0443,194.2991,231.6854,127.3585,0,U,31568,999,98032,.75033569E-3,.1225E-4,0
FENGYUN 1C DEB,1999-025BZL,2026-08-15T04:49:39.384192,13.97257002,.01698992,102.6092,119.4540,140.6373,11.6396,0,U,31569,999,97105,.82565513E-3,.1234E-4,0
FENGYUN 1C DEB,1999-025BZM,2026-08-08T03:59:59.062848,14.28965068,.0138176,102.5701,7.1768,345.4611,14.2599,0,U,31570,999,66768,.88958754E-3,.2411E-4,0
FENGYUN 1C DEB,1999-025BZN,2026-08-14T15:14:58.171200,14.89791205,.0135189,98.4066,4.0256,323.1725,36.0261,0,U,31608,999,2256,.17589E-3,.1928E-4,0
FENGYUN 1C DEB,1999-025BZP,2026-08-14T01:36:40.563360,14.17455588,.00902907,99.1999,267.9791,349.9125,39.5011,0,U,31609,999,69544,.57995386E-3,.1176E-4,0
FENGYUN 1C DEB,1999-025BZT,2026-08-12T21:35:00.351168,13.64183701,.034346,98.4441,25.2452,181.5882,178.4202,0,U,31613,999,95076,.76342918E-3,.874E-5,0
FENGYUN 1C DEB,1999-025BZV,2026-08-16T21:54:31.504032,14.40511735,.01496333,99.1434,301.2333,312.1654,46.6902,0,U,31615,999,68831,.10167953E-2,.3639E-4,0
FENGYUN 1C DEB,1999-025BZY,2026-08-10T06:27:19.694016,14.21442110,.01567484,99.4742,27.2707,7.4720,352.8739,0,U,31618,999,73681,.10432047E-3,.207E-5,0
FENGYUN 1C DEB,1999-025BZZ,2026-08-17T14:32:32.926560,15.20343768,.00441114,99.0498,108.6505,200.4470,159.4996,0,U,31619,999,67209,.30706819E-2,.6906E-3,0
FENGYUN 1C DEB,1999-025CAA,2026-08-11T23:54:02.115648,14.40228586,.00201259,98.8829,321.5768,50.8009,309.4961,0,U,31620,999,69328,.72820248E-3,.2263E-4,0
FENGYUN 1C DEB,1999-025CAC,2026-08-17T06:26:12.884352,14.39783193,.00134725,98.8187,335.6880,331.9801,56.0801,0,U,31622,999,99331,.87720259E-3,.2707E-4,0
FENGYUN 1C DEB,1999-025CAD,2026-08-14T04:31:28.864992,13.82806571,.01947338,97.6298,36.6640,44.2155,317.4381,0,U,31623,999,61298,.13013227E-3,.133E-5,0
FENGYUN 1C DEB,1999-025CAF,2026-08-17T06:25:27.738624,14.55855823,.01475794,98.8041,333.6860,341.9492,44.6654,0,U,31625,999,1966,.58020468E-4,.233E-5,0
FENGYUN 1C DEB,1999-025CAH,2026-08-15T20:59:56.884416,14.36958525,.0051783,98.5095,278.0012,141.1801,219.3123,0,U,31627,999,68300,.48332E-3,.141E-4,0
FENGYUN 1C DEB,1999-025CAJ,2026-08-16T00:39:14.939136,13.87935001,.0170028,102.2643,164.1047,351.6316,8.2004,0,U,31628,999,96715,.10559909E-2,.134E-4,0
FENGYUN 1C DEB,1999-025CAK,2026-08-16T07:53:11.657760,14.16954758,.01050895,102.1334,7.3746,126.9421,234.1421,0,U,31629,999,97936,.1321615E-2,.2731E-4,0
FENGYUN 1C DEB,1999-025CAL,2026-08-15T07:29:58.100064,15.16473227,.0137117,98.0997,54.6216,241.9599,116.7709,0,U,31630,999,2287,.42094188E-3,.10357E-3,0
FENGYUN 1C DEB,1999-025CAM,2026-08-17T14:56:07.241856,15.16159456,.00100952,99.3118,190.2634,244.1754,115.8432,0,U,31631,999,67665,.65531768E-2,.128691E-2,0
FENGYUN 1C DEB,1999-025CAP,2026-08-10T19:18:30.061440,14.06962389,.00648874,98.7076,233.1193,212.9102,146.8020,0,U,31633,999,60473,.39089496E-3,.622E-5,0
FENGYUN 1C DEB,1999-025CAQ,2026-08-08T20:52:04.050048,13.94862134,.0090609,99.3380,275.4744,229.5067,129.8172,0,U,31634,999,59857,.32689E-3,.408E-5,0
FENGYUN 1C DEB,1999-025CAV,2026-08-17T07:04:09.463008,13.85257847,.01606682,98.7635,164.0054,192.7706,320.9535,0,U,31639,999,97115,.78395996E-4,.58E-6,0
FENGYUN 1C DEB,1999-025CAY,2026-08-14T12:35:45.157344,14.33838063,.0118118,98.4892,309.3118,250.5507,108.2884,0,U,31642,999,493,.12799E-3,.339E-5,0
FENGYUN 1C DEB,1999-025CBA,2026-08-17T13:52:53.154336,14.70705556,.01489078,98.6492,139.4703,128.0857,354.0295,0,U,31644,999,74684,.37379349E-3,.2643E-4,0
FENGYUN 1C DEB,1999-025CBE,2026-08-16T01:25:26.592384,14.18023001,.00445145,102.7868,162.6626,288.7596,70.8737,0,U,31648,999,75386,.19011125E-2,.3857E-4,0
FENGYUN 1C DEB,1999-025CBM,2026-08-17T02:33:44.299872,13.65635156,.02819527,99.2744,169.5238,218.9518,153.8532,0,U,31655,999,63094,.1367315E-2,.1424E-4,0
FENGYUN 1C DEB,1999-025CBN,2026-08-16T12:19:31.920960,14.50322240,.00213652,99.1983,244.2768,43.6667,109.5909,0,U,31656,999,8,.76189313E-3,.2927E-4,0
FENGYUN 1C DEB,1999-025CBP,2026-08-08T16:46:11.900640,13.99051185,.01418957,102.2126,208.3630,193.8774,165.8459,0,U,31657,999,66204,.10107779E-2,.1524E-4,0
FENGYUN 1C DEB,1999-025CBQ,2026-08-16T22:46:33.047040,14.00768743,.02131327,98.1421,56.3707,342.0441,17.3277,0,U,31658,999,73275,.11107044E-2,.198E-4,0
FENGYUN 1C DEB,1999-025CBS,2026-08-13T19:22:14.691072,14.27830008,.01007333,98.5123,225.7921,184.2249,175.8092,0,U,31660,999,11398,.15763814E-3,.369E-5,0
FENGYUN 1C DEB,1999-025CBT,2026-08-17T04:07:24.846240,14.26963385,.00569715,98.8510,315.9276,226.8580,197.3542,0,U,31661,999,99240,.6310464E-3,.1515E-4,0
FENGYUN 1C DEB,1999-025CBV,2026-08-16T01:49:29.202816,14.77625809,.01870793,98.8398,164.5029,181.6196,178.4430,0,U,31663,999,2910,.71027039E-4,.601E-5,0
FENGYUN 1C DEB,1999-025CBW,2026-08-17T10:44:04.149600,14.10640075,.01241932,98.7690,219.7674,176.2811,183.9313,0,U,31664,999,99493,.16518905E-3,.274E-5,0
FENGYUN 1C DEB,1999-025CBX,2026-08-14T12:38:38.174208,13.85458435,.0184949,98.4338,250.2557,235.0959,123.2698,0,U,31665,999,96580,.59216E-3,.732E-5,0
FENGYUN 1C DEB,1999-025CBY,2026-08-17T11:09:04.656672,15.01074965,.00154663,98.6610,47.9638,72.7722,287.5190,0,U,31666,999,934,.15720797E-2,.20133E-3,0
FENGYUN 1C DEB,1999-025CBZ,2026-08-13T20:29:05.632224,14.23760064,.00517637,99.0584,90.4902,107.1639,253.5215,0,U,31667,999,59466,.10942442E-3,.207E-5,0
FENGYUN 1C DEB,1999-025CCE,2026-08-16T07:23:47.804352,14.54123109,.01014651,98.9450,77.5041,318.6827,40.6722,0,U,31672,999,68451,.56604657E-3,.2504E-4,0
FENGYUN 1C DEB,1999-025CCF,2026-08-14T08:26:52.298880,14.32256264,.012564,99.3552,85.2799,64.2506,297.1581,0,U,31673,999,68392,.87901E-4,.207E-5,0
FENGYUN 1C DEB,1999-025CCG,2026-08-15T10:24:02.720448,14.56786322,.00211056,98.9187,285.0237,257.3065,102.5771,0,U,31674,999,68186,.10254813E-2,.4552E-4,0
FENGYUN 1C DEB,1999-025CCL,2026-08-16T03:47:06.021312,14.56885938,.02466217,98.8197,355.8933,357.5132,2.4820,0,U,31678,999,402,.26929373E-3,.1763E-4,0
FENGYUN 1C DEB,1999-025CCN,2026-08-10T19:09:37.749312,15.45435269,.00485195,99.8488,55.4952,205.4992,154.3855,0,U,31680,999,3870,.54318502E-3,.2711E-3,0
FENGYUN 1C DEB,1999-025CCT,2026-08-17T06:43:51.923712,14.09737124,.00155285,98.7122,250.7983,245.6736,114.2814,0,U,31685,999,98577,.91858973E-4,.119E-5,0
FENGYUN 1C DEB,1999-025CCU,2026-08-16T11:15:23.171616,14.76248794,.0268353,98.1275,306.4264,20.0981,42.0444,0,U,31686,999,1446,.28430426E-3,.3504E-4,0
FENGYUN 1C DEB,1999-025CCW,2026-08-17T09:45:17.803584,14.02410737,.0074891,98.9305,283.9760,172.5368,187.6931,0,U,31688,999,98749,-.13122493E-3,-.25E-5,0
FENGYUN 1C DEB,1999-025CCZ,2026-08-14T12:03:05.365152,14.28316464,.005774,98.8778,321.6840,248.0439,111.4599,0,U,31691,999,67603,.82539E-3,.2051E-4,0
FENGYUN 1C DEB,1999-025CDA,2026-08-04T11:31:02.609184,14.20909272,.00873453,99.1796,226.5672,134.3408,226.4969,0,U,31692,999,61540,.18698155E-2,.416E-4,0
FENGYUN 1C DEB,1999-025CDD,2026-08-16T12:32:29.590944,14.78554933,.01633149,98.2558,323.4889,159.1685,201.6284,0,U,31695,999,69613,.80759977E-3,.7331E-4,0
FENGYUN 1C DEB,1999-025CDN,2026-08-17T01:36:43.917408,14.54048116,.0183038,99.2770,89.6058,100.0153,262.1749,0,U,31715,999,65309,.41342612E-3,.2116E-4,0
FENGYUN 1C DEB,1999-025CDP,2026-08-17T04:37:57.745344,14.04618875,.0129354,98.5395,118.7316,113.4028,37.1562,0,U,31716,999,97592,.55646997E-3,.919E-5,0
FENGYUN 1C DEB,1999-025CDQ,2026-08-09T12:00:01.220832,14.17910626,.01564311,96.9313,314.1431,18.9835,341.7088,0,U,31717,999,98045,.65476709E-3,.1481E-4,0
FENGYUN 1C DEB,1999-025CDT,2026-08-17T14:15:47.310912,14.74655251,.00962054,99.0536,174.9425,73.6098,287.5658,0,U,31720,999,1870,.52375899E-3,.37E-4,0
FENGYUN 1C DEB,1999-025CDU,2026-08-16T11:11:26.345760,13.74103304,.03157397,99.8026,219.5090,266.4260,248.8631,0,U,31721,999,70774,.20459663E-3,.226E-5,0
FENGYUN 1C DEB,1999-025CDX,2026-08-14T10:42:01.744992,14.54955790,.0138153,97.8523,221.9160,200.9147,158.6367,0,U,31724,999,68044,.98527E-3,.4772E-4,0
FENGYUN 1C DEB,1999-025CDY,2026-08-17T06:33:20.350080,12.79817777,.06884496,99.1791,46.9074,138.3390,227.2308,0,U,31725,999,89647,.13113067E-2,.785E-5,0
FENGYUN 1C DEB,1999-025CDZ,2026-08-14T20:23:44.723616,14.13318090,.02331714,98.6894,247.6440,18.0564,157.4698,0,U,31726,999,67507,.40228005E-3,.933E-5,0
FENGYUN 1C DEB,1999-025CEA,2026-08-16T07:03:14.480640,14.40021294,.00280796,98.8757,353.5451,331.8613,58.9682,0,U,31727,999,75214,.91825293E-3,.286E-4,0
FENGYUN 1C DEB,1999-025CEE,2026-08-17T10:19:27.953760,14.42648440,.00132597,99.2940,304.4424,98.2484,262.0207,0,U,31731,999,99399,.87405406E-3,.2858E-4,0
FENGYUN 1C DEB,1999-025CEF,2026-08-14T08:22:07.058784,14.12523090,.0038907,98.5484,255.1746,266.8253,92.8468,0,U,31732,999,67783,.14693E-3,.232E-5,0
FENGYUN 1C DEB,1999-025CEH,2026-08-16T05:43:49.763424,14.29503417,.01030328,98.5114,219.5086,2.2542,357.9084,0,U,31734,999,99972,.19071038E-3,.473E-5,0
FENGYUN 1C DEB,1999-025CEJ,2026-08-16T00:34:24.764736,14.43829425,.00576891,98.5895,338.1862,263.5176,95.9444,0,U,31735,999,210,.29806152E-3,.989E-5,0
FENGYUN 1C DEB,1999-025CEK,2026-08-10T17:41:22.320096,14.14316976,.00107235,98.6839,222.8737,275.5899,84.4051,0,U,31736,999,67471,.72018125E-4,.95E-6,0
FENGYUN 1C DEB,1999-025CEL,2026-08-16T00:48:24.405984,14.70523703,.01429161,97.8925,258.8484,308.9981,79.9857,0,U,31737,999,1818,.19166496E-3,.1304E-4,0
FENGYUN 1C DEB,1999-025CEM,2026-07-25T22:26:24.933120,13.85973726,.03048671,99.3460,279.0119,217.8513,140.0855,0,U,31738,999,65376,.1534511E-2,.2495E-4,0
FENGYUN 1C DEB,1999-025CEN,2026-08-16T09:31:44.979168,14.19322128,.01283999,98.7140,285.1497,88.6253,272.9629,0,U,31739,999,98985,.49042574E-4,.69E-6,0
FENGYUN 1C DEB,1999-025CEP,2026-08-16T13:09:07.606944,14.43928973,.00253087,99.8162,82.3558,75.2292,315.1576,0,U,31740,999,68635,.45203783E-3,.1493E-4,0
FENGYUN 1C DEB,1999-025CEQ,2026-08-14T01:32:36.642336,14.32406362,.01749463,99.0727,167.5852,80.4590,281.6313,0,U,31741,999,5716,.40010284E-3,.1231E-4,0
FENGYUN 1C DEB,1999-025CER,2026-08-17T02:18:32.239008,14.40643334,.00748952,98.8913,103.9062,317.3921,42.1471,0,U,31742,999,205,.26461315E-3,.823E-5,0
FENGYUN 1C DEB,1999-025CES,2026-08-17T08:21:49.709664,14.33367996,.00354837,99.1505,175.8106,219.7291,292.1075,0,U,31743,999,99185,.97616035E-3,.2662E-4,0
FENGYUN 1C DEB,1999-025CET,2026-08-15T01:55:34.570272,14.20349066,.03050105,99.3208,355.6126,70.9068,292.4870,0,U,31744,999,98093,.89656412E-3,.3016E-4,0
FENGYUN 1C DEB,1999-025CEV,2026-08-17T08:58:14.388096,14.90687636,.00190467,98.6040,15.9639,133.4477,226.8327,0,U,31746,999,530,.19195165E-2,.18872E-3,0
FENGYUN 1C DEB,1999-025CFB,2026-08-10T00:47:03.196896,13.94515883,.03527554,98.9621,293.2563,34.4658,327.8842,0,U,31752,999,96938,.30178883E-3,.631E-5,0
FENGYUN 1C DEB,1999-025CFC,2026-08-17T01:19:31.715616,14.18917272,.01585938,98.6060,260.3621,180.4128,209.3453,0,U,31753,999,99526,.12090096E-3,.243E-5,0
FENGYUN 1C DEB,1999-025CFD,2026-08-15T05:14:53.215008,14.43782341,.00477619,99.0589,212.6921,210.0310,149.8138,0,U,31754,999,496,.31945609E-3,.1051E-4,0
FENGYUN 1C DEB,1999-025CFE,2026-08-10T17:55:19.810848,14.08605227,.01899849,98.7984,213.8015,62.0007,111.0605,0,U,31755,999,67064,.14300715E-3,.248E-5,0
FENGYUN 1C DEB,1999-025CFG,2026-08-13T07:16:51.003840,14.08131237,.02179655,98.7514,245.3910,116.2577,246.1171,0,U,31757,999,67309,.4609306E-5,-.31E-6,0
FENGYUN 1C DEB,1999-025CFH,2026-08-16T06:21:09.762048,14.48293680,.02975497,98.0579,230.4609,54.9057,307.9650,0,U,31758,999,97762,.15097594E-2,.988E-4,0
FENGYUN 1C DEB,1999-025CFK,2026-08-16T13:08:42.659808,14.30934554,.00519291,99.2650,346.9797,205.0380,154.8281,0,U,31760,999,99661,.30817443E-3,.772E-5,0
FENGYUN 1C DEB,1999-025CFL,2026-08-16T21:03:37.634688,14.06131987,.04614301,98.6077,86.5945,284.1562,70.8767,0,U,31761,999,61581,.53680109E-3,.2283E-4,0
FENGYUN 1C DEB,1999-025CFN,2026-08-16T16:32:10.789728,13.50918461,.05458717,98.5185,308.0098,149.2210,4.3141,0,U,31763,999,94339,.50420092E-3,.8E-5,0
FENGYUN 1C DEB,1999-025CFR,2026-08-16T05:46:13.001664,14.05399607,.00736207,98.8268,224.4525,320.6850,38.8987,0,U,31766,999,67548,-.24856517E-4,-.85E-6,0
FENGYUN 1C DEB,1999-025CFS,2026-08-17T13:02:09.695328,14.05080914,.00420451,98.7979,257.0642,95.0613,58.5579,0,U,31767,999,98305,.2319548E-3,.335E-5,0
FENGYUN 1C DEB,1999-025CFT,2026-08-16T19:13:44.202720,14.85488469,.00209833,99.0350,337.8820,279.1848,232.2473,0,U,31768,999,521,.13527451E-2,.11669E-3,0
FENGYUN 1C DEB,1999-025CFU,2026-08-10T20:13:20.981280,14.41171080,.00699449,98.4293,230.1582,92.6115,268.3083,0,U,31769,999,67601,.1271625E-2,.418E-4,0
FENGYUN 1C DEB,1999-025CFX,2026-08-17T04:35:24.352512,14.12696151,.01356202,98.4669,138.2711,124.5412,236.8650,0,U,31772,999,74376,.46869543E-3,.909E-5,0
FENGYUN 1C DEB,1999-025CFY,2026-08-08T07:44:55.134240,14.79241615,.00366113,98.9499,241.9244,150.5762,209.7518,0,U,31773,999,68695,.58663839E-3,.4345E-4,0
FENGYUN 1C DEB,1999-025CFZ,2026-07-29T20:30:34.563744,14.21652113,.00560646,98.7515,257.9960,270.5764,88.8990,0,U,31774,999,66259,.97664803E-3,.2134E-4,0
FENGYUN 1C DEB,1999-025CGB,2026-08-15T10:51:15.384096,14.19806961,.00522763,99.0596,297.8215,356.9909,19.4033,0,U,31776,999,98366,.48273375E-3,.99E-5,0
FENGYUN 1C DEB,1999-025CGE,2026-08-16T07:20:10.682880,14.42308129,.02113374,99.3113,175.5487,179.2651,180.8887,0,U,31779,999,509,.93050612E-4,.338E-5,0
FENGYUN 1C DEB,1999-025CGF,2026-08-16T11:40:39.031968,14.70732640,.01475758,99.3038,60.4841,15.8764,344.6993,0,U,31780,999,2111,.11188655E-3,.732E-5,0
FENGYUN 1C DEB,1999-025CGG,2026-08-14T06:52:04.516032,14.16170477,.019163,99.5016,58.0662,311.6612,46.8289,0,U,31781,999,71806,.95047E-3,.2197E-4,0
FENGYUN 1C DEB,1999-025CGH,2026-08-17T07:04:58.054368,14.36812429,.00785518,98.9282,44.2088,348.8913,134.6691,0,U,31782,999,224,.15036846E-3,.411E-5,0
FENGYUN 1C DEB,1999-025CGJ,2026-08-16T18:10:11.625600,14.09266369,.01042469,98.6051,231.3887,68.5750,106.3718,0,U,31783,999,92699,.32779335E-3,.559E-5,0
FENGYUN 1C DEB,1999-025CGP,2026-08-17T12:42:43.113024,13.46383379,.04609208,102.5572,80.1675,261.0307,124.3334,0,U,31788,999,93938,.15026501E-2,.1659E-4,0
FENGYUN 1C DEB,1999-025CGS,2026-08-05T05:17:03.141600,14.13575959,.01374957,98.2989,13.6057,185.1152,174.8626,0,U,31804,999,66987,.13269611E-2,.2699E-4,0
FENGYUN 1C DEB,1999-025CGT,2026-08-08T03:29:38.140512,14.06498821,.04319539,98.3810,191.9312,200.0353,158.3400,0,U,31805,999,65711,.44833846E-3,.1693E-4,0
FENGYUN 1C DEB,1999-025CGV,2026-08-17T05:34:30.788256,14.53489127,.01037853,99.1071,25.8582,138.7940,222.1147,0,U,31807,999,68899,.41103554E-3,.1783E-4,0
FENGYUN 1C DEB,1999-025CGW,2026-08-11T08:10:12.891072,14.67494696,.00339499,99.1977,82.9056,118.8122,241.6494,0,U,31808,999,61135,.12818203E-2,.7272E-4,0
FENGYUN 1C DEB,1999-025CGY,2026-08-15T18:33:10.833984,14.47120047,.02115454,98.2591,242.3277,110.1649,252.2435,0,U,31810,999,67971,.24761573E-3,.1144E-4,0
FENGYUN 1C DEB,1999-025CHB,2026-08-14T02:34:26.744736,14.50800393,.01338131,99.4265,339.5141,330.0969,29.2625,0,U,31813,999,792,.12881453E-3,.505E-5,0
FENGYUN 1C DEB,1999-025CHC,2026-08-10T21:07:42.162240,13.66705810,.0227888,99.5446,274.8491,316.4802,41.8555,0,U,31814,999,65093,.21257E-3,.166E-5,0
FENGYUN 1C DEB,1999-025CHD,2026-08-17T05:06:09.638784,14.10327447,.00595706,98.7902,214.7398,41.8415,318.7287,0,U,31815,999,99027,-.8593178E-5,-.58E-6,0
FENGYUN 1C DEB,1999-025CHE,2026-08-16T19:31:25.661280,13.94800153,.01207632,98.9979,341.6640,197.4085,315.1706,0,U,31816,999,97137,.44420611E-3,.59E-5,0
FENGYUN 1C DEB,1999-025CHF,2026-08-16T07:43:59.337984,14.68852448,.00588641,98.9162,251.4502,34.7967,325.7063,0,U,31817,999,75022,.5544566E-3,.3266E-4,0
FENGYUN 1C DEB,1999-025CHH,2026-08-11T16:18:47.167776,14.30604683,.00862933,98.4900,214.0551,326.9751,32.6060,0,U,31819,999,136,.14119007E-3,.34E-5,0
FENGYUN 1C DEB,1999-025CHJ,2026-08-16T00:46:02.480160,14.99290789,.01336764,98.9505,79.4995,295.8471,62.9013,0,U,31820,999,1899,.36906032E-3,.5344E-4,0
FENGYUN 1C DEB,1999-025CHK,2026-08-16T02:44:56.441760,14.50615900,.0195936,98.1474,109.0967,341.7956,17.6291,0,U,31821,999,97223,.2273615E-2,.11397E-3,0
FENGYUN 1C DEB,1999-025CHM,2026-08-17T03:42:57.507264,14.70860517,.00380401,99.5164,0.3642,181.0857,179.0269,0,U,31823,999,347,.11823836E-2,.7252E-4,0
FENGYUN 1C DEB,1999-025CHP,2026-08-17T05:35:40.007616,14.22249517,.01644246,98.5987,227.6732,340.3670,19.1225,0,U,31825,999,99139,.29226522E-3,.7E-5,0
FENGYUN 1C DEB,1999-025CHQ,2026-08-17T10:31:49.790208,14.19694494,.0123056,98.6430,219.4859,194.3406,320.5207,0,U,31826,999,99328,.15987112E-3,.322E-5,0
FENGYUN 1C DEB,1999-025CHT,2026-08-16T07:26:09.157344,13.88907624,.01681975,98.8631,30.8045,212.2181,267.9612,0,U,31829,999,97570,.22072189E-3,.257E-5,0
FENGYUN 1C DEB,1999-025CHU,2026-08-16T06:38:04.332192,13.84411495,.01825971,99.1680,332.9789,15.5143,10.0882,0,U,31830,999,96150,.47649795E-3,.564E-5,0
FENGYUN 1C DEB,1999-025CHY,2026-08-14T20:27:20.072160,14.03428765,.01622353,98.3449,72.3115,103.3016,258.6301,0,U,31834,999,67148,.33199555E-3,.546E-5,0
FENGYUN 1C DEB,1999-025CJA,2026-08-17T08:27:31.099392,14.11622917,.01117476,98.6221,189.5859,130.9406,230.1504,0,U,31836,999,64895,.96617936E-3,.1822E-4,0
FENGYUN 1C DEB,1999-025CJB,2026-08-16T12:13:35.124384,14.86901328,.00841111,98.0824,312.7603,294.1622,65.0816,0,U,31837,999,2014,.43296115E-3,.4063E-4,0
FENGYUN 1C DEB,1999-025CJC,2026-08-08T09:28:11.081280,14.21754379,.00393792,98.6960,272.7825,124.5496,300.2334,0,U,31838,999,67967,.30241385E-3,.627E-5,0
FENGYUN 1C DEB,1999-025CJF,2026-08-15T04:40:15.449664,14.05554106,.0301399,98.4430,23.9904,329.1379,208.4578,0,U,31841,999,62785,.41731617E-3,.976E-5,0
FENGYUN 1C DEB,1999-025CJH,2026-08-07T14:11:50.338176,13.36020788,.06304173,99.2924,145.4012,126.1474,239.9693,0,U,31843,999,67870,.96774596E-3,.1534E-4,0
FENGYUN 1C DEB,1999-025CJJ,2026-08-14T13:04:43.851072,14.20544282,.0102401,100.3008,260.2246,41.5333,319.3561,0,U,31844,999,98807,.29473E-3,.611E-5,0
FENGYUN 1C DEB,1999-025CJU,2026-08-16T05:40:59.182176,14.03356180,.00718,98.8514,229.7490,172.2923,187.9365,0,U,31854,999,72729,.19265621E-3,.265E-5,0
FENGYUN 1C DEB,1999-025CJX,2026-08-17T13:56:49.509312,13.62808742,.03076507,96.1876,174.2585,312.3564,45.1904,0,U,31857,999,65004,.75749988E-3,.79E-5,0
FENGYUN 1C DEB,1999-025CKB,2026-08-14T22:43:46.671744,13.31264017,.0495362,102.3348,113.6805,32.5313,330.5332,0,U,31861,999,70029,.15809E-2,.1434E-4,0
FENGYUN 1C DEB,1999-025CKC,2026-08-16T06:42:03.312864,15.07809913,.00928819,98.9995,343.9879,191.6258,168.2822,0,U,31877,999,2749,.59363807E-3,.9955E-4,0
FENGYUN 1C DEB,1999-025CKD,2026-08-17T04:54:47.512512,14.91470790,.00758294,99.4591,205.3194,178.0755,182.0765,0,U,31878,999,1745,.40993641E-3,.425E-4,0
FENGYUN 1C DEB,1999-025CKE,2026-08-15T17:20:53.406240,14.43550191,.02083266,99.6853,145.1767,42.6107,319.1032,0,U,31879,999,66758,.18065934E-3,.729E-5,0
FENGYUN 1C DEB,1999-025CKF,2026-08-16T05:32:34.922400,13.89808433,.01264605,100.0447,55.2019,224.4470,134.6484,0,U,31880,999,66403,.44580082E-3,.533E-5,0
FENGYUN 1C DEB,1999-025CKH,2026-08-11T01:33:38.973888,14.13497597,.00346142,98.9195,149.8226,262.7990,96.9246,0,U,31882,999,62045,.23691107E-3,.403E-5,0
FENGYUN 1C DEB,1999-025CKJ,2026-08-17T07:09:02.994048,14.69875345,.01204733,99.0386,176.8648,24.9297,335.7659,0,U,31883,999,1598,.55446377E-3,.3642E-4,0
FENGYUN 1C DEB,1999-025CKN,2026-08-17T12:30:26.630784,14.60791839,.00180078,99.5218,322.4704,345.6299,14.4383,0,U,31887,999,217,.99500181E-3,.4811E-4,0
FENGYUN 1C DEB,1999-025CKP,2026-08-16T07:18:47.685312,14.36370330,.00161905,99.1610,174.6852,215.6558,144.3546,0,U,31888,999,99174,.79949019E-3,.2295E-4,0
FENGYUN 1C DEB,1999-025CKR,2026-08-17T06:51:00.423648,14.10234744,.00712282,98.7139,238.2020,260.7689,98.5420,0,U,31890,999,67641,.37945119E-4,.26E-6,0
FENGYUN 1C DEB,1999-025CKS,2026-08-17T11:29:30.376320,13.66433478,.02226174,99.3926,242.4138,264.0256,93.5479,0,U,31891,999,95793,.28417662E-3,.234E-5,0
FENGYUN 1C DEB,1999-025CKT,2026-08-13T08:03:05.325120,14.42240620,.01955054,99.2975,61.7484,291.9329,66.1178,0,U,31892,999,68416,.14099181E-3,.52E-5,0
FENGYUN 1C DEB,1999-025CKU,2026-08-14T18:26:49.117056,14.64653158,.01720596,99.0972,215.3495,296.3425,240.3521,0,U,31893,999,1978,.9013643E-4,.521E-5,0
FENGYUN 1C DEB,1999-025CKW,2026-08-16T18:31:49.642176,13.76586337,.02206823,99.0803,251.5062,295.3052,62.5385,0,U,31895,999,65294,.87334725E-3,.98E-5,0
FENGYUN 1C DEB,1999-025CKZ,2026-08-13T21:37:37.889472,14.71208053,.01380648,98.6779,111.6577,175.7721,184.4686,0,U,31898,999,69299,.26406222E-3,.1823E-4,0
FENGYUN 1C DEB,1999-025CLA,2026-08-16T04:36:20.808000,13.84142716,.01796949,102.0827,5.5773,285.2287,72.9052,0,U,31899,999,70973,.98454186E-3,.1175E-4,0
FENGYUN 1C DEB,1999-025CLC,2026-08-16T01:59:13.368768,13.94267849,.01303473,98.6291,177.8720,227.7450,131.2598,0,U,31901,999,66840,.17456577E-3,.208E-5,0
FENGYUN 1C DEB,1999-025CLD,2026-08-17T10:33:13.995648,14.23642636,.01801188,98.5321,206.7059,147.0143,4.3704,0,U,31902,999,68315,.11334525E-3,.262E-5,0
FENGYUN 1C DEB,1999-025CLE,2026-08-17T12:26:40.293024,14.62066873,.01259863,99.2767,252.9268,5.6178,354.6399,0,U,31903,999,998,.30336087E-3,.1639E-4,0
FENGYUN 1C DEB,1999-025CLG,2026-08-14T06:20:40.061184,14.34037593,.0194816,99.1700,221.9978,102.8322,259.4704,0,U,31905,999,106,.22381E-3,.719E-5,0
FENGYUN 1C DEB,1999-025CLH,2026-08-17T08:39:58.756608,14.26741357,.00551485,98.7015,5.6081,117.0848,270.2274,0,U,31906,999,98658,.36741581E-3,.86E-5,0
FENGYUN 1C DEB,1999-025CLM,2026-08-07T18:01:13.910016,14.49545608,.0223156,97.6567,224.2211,135.4605,226.4770,0,U,31910,999,67815,.32479893E-3,.1668E-4,0
FENGYUN 1C DEB,1999-025CLQ,2026-08-16T14:08:08.455200,13.93498936,.01947312,99.2842,155.4456,2.3950,357.8098,0,U,31913,999,59322,.13537931E-2,.203E-4,0
FENGYUN 1C DEB,1999-025CLR,2026-08-17T15:35:01.244544,14.56082640,.01820822,98.9927,117.4811,38.6090,322.7964,0,U,31914,999,72080,.95140446E-4,.46E-5,0
FENGYUN 1C DEB,1999-025CLS,2026-08-16T00:10:43.841568,14.16934691,.00991006,98.6203,243.3287,282.7778,76.2337,0,U,31915,999,67594,.32298245E-3,.637E-5,0
FENGYUN 1C DEB,1999-025CLT,2026-08-17T00:54:10.461312,14.34394475,.01442627,99.3301,338.3766,101.5748,260.1669,0,U,31916,999,68070,.73288208E-3,.2266E-4,0
FENGYUN 1C DEB,1999-025CLU,2026-08-12T05:49:15.674592,14.38448059,.01866993,98.3743,215.9564,286.2259,82.2023,0,U,31917,999,99907,.13474456E-3,.451E-5,0
FENGYUN 1C DEB,1999-025CLW,2026-08-16T17:36:27.336672,14.46403437,.01012846,99.1337,34.6662,192.8535,180.2193,0,U,31919,999,652,.18181517E-3,.64E-5,0
FENGYUN 1C DEB,1999-025CLY,2026-08-17T03:55:44.258880,13.75835438,.02048904,99.3232,121.4724,335.5939,23.5614,0,U,31921,999,95708,.71768966E-3,.765E-5,0
FENGYUN 1C DEB,1999-025CLZ,2026-08-15T22:31:24.108672,13.87537676,.01610764,98.8213,210.4806,76.5719,341.0221,0,U,31922,999,96430,.84969945E-3,.1073E-4,0
FENGYUN 1C DEB,1999-025CMA,2026-08-16T03:26:50.876160,13.55413168,.02984807,98.4266,291.4566,21.9518,339.4106,0,U,31923,999,66972,.26492324E-4,-.1E-6,0
FENGYUN 1C DEB,1999-025CMB,2026-08-17T07:14:08.545920,13.64739416,.02730144,98.4179,358.7903,160.5881,200.5911,0,U,31924,999,94843,.11386212E-2,.1148E-4,0
FENGYUN 1C DEB,1999-025CMD,2026-08-16T17:50:48.088032,14.33260290,.00367673,98.9585,336.9452,253.0839,106.6312,0,U,31926,999,98763,.94003825E-3,.2559E-4,0
FENGYUN 1C DEB,1999-025CME,2026-08-15T15:11:04.823808,14.35596338,.0073695,98.8226,6.9799,51.2633,309.5109,0,U,31929,999,74173,.16398E-3,.441E-5,0
FENGYUN 1C DEB,1999-025CMG,2026-08-09T23:13:43.639680,13.42961243,.04239886,97.8180,124.3677,5.1075,355.4187,0,U,31931,999,68446,.36824538E-3,.328E-5,0
FENGYUN 1C DEB,1999-025CMN,2026-08-09T02:16:45.551424,14.81837795,.01531028,99.2647,352.1891,269.4777,88.8888,0,U,31937,999,69610,.29096632E-3,.2734E-4,0
FENGYUN 1C DEB,1999-025CMP,2026-08-16T15:21:41.025024,14.98397789,.01451353,98.8979,299.5560,346.0961,13.6280,0,U,31938,999,2823,.10940048E-3,.153E-4,0
FENGYUN 1C DEB,1999-025CMV,2026-08-14T06:02:07.077984,14.12408165,.015123,99.2316,25.6716,39.5714,83.2083,0,U,31944,999,66361,.18795E-3,.34E-5,0
FENGYUN 1C DEB,1999-025CMW,2026-08-16T17:57:55.470816,14.22288506,.00570479,98.9530,313.7014,299.5165,60.0330,0,U,31945,999,98705,.66663226E-3,.1459E-4,0
FENGYUN 1C DEB,1999-025CMX,2026-08-14T11:08:32.172000,14.17625732,.0083733,98.8873,291.6650,72.6272,288.4039,0,U,31946,999,67474,.51401E-3,.1038E-4,0
FENGYUN 1C DEB,1999-025CMZ,2026-08-16T04:16:50.075904,14.29845538,.00225238,99.3807,312.3107,41.5334,349.3447,0,U,31948,999,98548,.61889099E-3,.1546E-4,0
FENGYUN 1C DEB,1999-025CNA,2026-08-16T16:21:17.758656,14.17258102,.01248548,98.5678,210.0231,220.9220,138.2533,0,U,31949,999,99002,.13232425E-3,.246E-5,0
FENGYUN 1C DEB,1999-025CND,2026-08-15T02:47:52.172448,14.54528478,.01118089,98.9836,6.6373,270.6934,88.1451,0,U,31952,999,764,.16896032E-3,.723E-5,0
FENGYUN 1C DEB,1999-025CNG,2026-08-16T17:11:09.819168,14.67922240,.00420058,99.2631,142.2842,144.8032,246.0159,0,U,31955,999,177,.75507783E-3,.4317E-4,0
FENGYUN 1C DEB,1999-025CNL,2026-08-10T22:24:39.348000,14.50616380,.002654,98.5030,100.8524,139.4665,220.8512,0,U,31959,999,67846,.85976E-3,.3343E-4,0
FENGYUN 1C DEB,1999-025CNR,2026-08-11T19:59:13.283232,14.64030438,.0026416,98.7134,5.1293,8.7086,351.4568,0,U,31964,999,71046,.6364907E-3,.3301E-4,0
FENGYUN 1C DEB,1999-025CNT,2026-08-14T18:44:04.303968,14.70559363,.00812215,99.0372,50.0408,236.8320,122.5074,0,U,31966,999,69341,.38419418E-3,.239E-4,0
FENGYUN 1C DEB,1999-025CNZ,2026-08-14T08:53:36.255264,14.07638071,.0077497,99.1801,277.3319,71.2210,350.3346,0,U,31972,999,98402,.15478E-3,.223E-5,0
FENGYUN 1C DEB,1999-025CPB,2026-08-17T11:48:09.671904,14.31951225,.00673371,98.3752,236.6927,288.9564,70.4331,0,U,31974,999,72965,.9127438E-3,.2466E-4,0
FENGYUN 1C DEB,1999-025CPE,2026-08-11T14:28:31.809216,13.83631474,.02692117,98.2074,1.1455,279.9934,77.0945,0,U,31977,999,65556,.75542832E-3,.1065E-4,0
FENGYUN 1C DEB,1999-025CPF,2026-08-17T07:46:11.790048,13.63749223,.02652855,98.4016,355.6754,114.5999,248.3033,0,U,31978,999,94964,.40833453E-3,.378E-5,0
FENGYUN 1C DEB,1999-025CPG,2026-08-17T12:32:00.783456,13.70700428,.0259139,99.3761,321.0536,357.9369,2.0689,0,U,31979,999,61305,.83139045E-3,.893E-5,0
FENGYUN 1C DEB,1999-025CPH,2026-08-16T07:05:08.240928,13.32365001,.04266913,97.5870,255.2997,199.6603,158.7636,0,U,31980,999,92953,.38522986E-3,.283E-5,0
FENGYUN 1C DEB,1999-025CPM,2026-08-16T05:37:27.996384,14.23331804,.00619407,98.5613,230.8045,230.1747,129.3971,0,U,31984,999,97879,.14919695E-3,.302E-5,0
FENGYUN 1C DEB,1999-025CPN,2026-08-16T11:48:22.355424,14.23308975,.01497228,98.1947,118.2761,241.6426,116.9588,0,U,31985,999,99120,.10875591E-3,.235E-5,0
FENGYUN 1C DEB,1999-025CPP,2026-08-14T02:55:04.213056,14.14960903,.01229492,99.7446,192.6936,202.6778,156.8933,0,U,31986,999,70034,.11983782E-3,.197E-5,0
FENGYUN 1C DEB,1999-025CPQ,2026-08-17T11:04:13.557792,14.46557399,.0051156,99.0550,224.4864,140.0763,12.5977,0,U,31987,999,99949,.43129819E-3,.1528E-4,0
FENGYUN 1C DEB,1999-025CPR,2026-08-15T09:33:42.975648,14.22065271,.00578405,98.1177,282.2151,288.0854,71.4031,0,U,31988,999,67642,.61960762E-3,.1355E-4,0
FENGYUN 1C DEB,1999-025CPS,2026-08-17T03:39:11.649024,13.93929051,.01154087,99.1842,294.0366,347.1744,40.0077,0,U,31989,999,97164,.14572981E-3,.158E-5,0
FENGYUN 1C DEB,1999-025CPT,2026-08-14T06:31:58.594944,13.57317164,.0258586,99.1473,237.0873,278.4058,92.5485,0,U,31990,999,66089,.1532E-3,.94E-6,0
FENGYUN 1C DEB,1999-025CPU,2026-08-16T07:49:33.853728,13.61347400,.0244131,100.4732,80.3693,165.5011,195.3296,0,U,31991,999,65442,.70983247E-4,.16E-6,0
FENGYUN 1C DEB,1999-025CPV,2026-08-03T01:01:34.474368,13.23300743,.05392457,99.1856,153.0112,184.2641,175.3783,0,U,31992,999,56960,.51301082E-3,.435E-5,0
FENGYUN 1C DEB,1999-025CPW,2026-08-16T14:14:30.592032,13.28166007,.04192323,99.2265,180.0445,255.6173,99.8081,0,U,31993,999,92219,-.13282558E-3,-.138E-5,0
FENGYUN 1C DEB,1999-025CPX,2026-08-16T04:04:12.683136,13.95861077,.01614217,98.5579,209.8030,180.3437,179.7641,0,U,31994,999,60234,.26084543E-3,.358E-5,0
FENGYUN 1C DEB,1999-025CPZ,2026-08-07T13:55:41.072736,13.59750331,.02919758,99.2893,145.8690,233.8669,123.5128,0,U,31996,999,57919,.85621668E-3,.799E-5,0
FENGYUN 1C DEB,1999-025CQA,2026-08-14T13:28:01.753824,13.61583671,.0286521,102.5069,343.0286,81.1922,282.1536,0,U,31997,999,65014,.36669E-3,.304E-5,0
FENGYUN 1C DEB,1999-025CQC,2026-08-13T23:54:38.617920,13.69898787,.02963106,99.2650,276.9900,217.7492,140.2537,0,U,32086,999,65124,.14203464E-2,.1653E-4,0
FENGYUN 1C DEB,1999-025CQE,2026-08-08T00:06:18.748224,13.25808585,.04602899,102.4014,137.3531,206.1808,151.5357,0,U,32088,999,63001,.4943913E-3,.323E-5,0
FENGYUN 1C DEB,1999-025CQF,2026-08-16T17:47:41.573760,14.14617318,.01120279,98.6564,231.7681,137.0812,223.9171,0,U,32089,999,66707,.2632654E-3,.496E-5,0
FENGYUN 1C DEB,1999-025CQK,2026-08-06T14:18:41.999616,14.38153365,.00791478,98.8952,85.1030,15.1534,345.1996,0,U,32093,999,99921,.19239052E-3,.557E-5,0
FENGYUN 1C DEB,1999-025CQL,2026-08-16T21:59:39.884640,14.11030888,.00336349,98.7620,218.0438,288.8307,70.9218,0,U,32094,999,97850,.18653149E-3,.294E-5,0
FENGYUN 1C DEB,1999-025CQM,2026-08-10T07:25:00.596352,14.16298493,.00790983,98.6316,235.7048,121.3537,239.5409,0,U,32095,999,98222,.1335444E-3,.231E-5,0
FENGYUN 1C DEB,1999-025CQN,2026-08-17T00:17:45.395808,13.90819191,.01358164,99.0543,256.8956,189.1557,170.7122,0,U,32096,999,96298,.42258487E-3,.526E-5,0
FENGYUN 1C DEB,1999-025CQQ,2026-08-12T17:04:10.524288,14.20663224,.01948816,98.6272,216.2858,136.7685,224.8976,0,U,32098,999,67677,.96321896E-4,.207E-5,0
FENGYUN 1C DEB,1999-025CQT,2026-08-14T12:38:17.179008,14.02900424,.0118593,99.0232,128.4327,280.5564,78.2260,0,U,32101,999,96613,.72774E-3,.1155E-4,0
FENGYUN 1C DEB,1999-025CQX,2026-08-14T11:27:25.913664,13.41143191,.0393712,103.4642,303.2956,285.4978,70.2996,0,U,32105,999,62991,.17183E-2,.143E-4,0
FENGYUN 1C DEB,1999-025CQY,2026-08-13T08:45:33.698304,14.30733512,.01045084,101.4657,277.8399,117.4603,243.7242,0,U,32106,999,72872,.10713609E-2,.2909E-4,0
FENGYUN 1C DEB,1999-025CRB,2026-08-04T21:18:53.511840,14.34574590,.02042047,98.3317,93.6079,331.1897,27.8133,0,U,32109,999,68259,.21558926E-3,.72E-5,0
FENGYUN 1C DEB,1999-025CRC,2026-08-17T12:10:16.576320,14.30582065,.00336805,99.5492,67.4710,22.1844,7.5848,0,U,32110,999,67929,.60942559E-3,.1548E-4,0
FENGYUN 1C DEB,1999-025CRD,2026-08-14T11:50:33.659232,14.31840795,.0119158,98.4516,224.7721,200.3231,312.1033,0,U,32111,999,99533,.66763E-4,.149E-5,0
FENGYUN 1C DEB,1999-025CRF,2026-08-12T21:50:30.940512,13.95110798,.02350857,99.0035,259.2929,280.1981,77.2746,0,U,32113,999,66276,.22727831E-3,.341E-5,0
FENGYUN 1C DEB,1999-025CRG,2026-08-09T07:32:13.326432,14.83881779,.00398611,99.9432,40.0523,333.8717,26.0478,0,U,32114,999,69275,.92160591E-3,.7685E-4,0
FENGYUN 1C DEB,1999-025CRK,2026-08-17T13:25:55.917408,14.24943849,.0028954,98.5922,274.7418,90.7744,269.6753,0,U,32117,999,98325,.41679949E-3,.936E-5,0
FENGYUN 1C DEB,1999-025CRM,2026-08-16T09:41:56.525280,14.03359239,.00850678,99.8650,116.7833,106.0184,255.0369,0,U,32119,999,97187,.63282527E-3,.971E-5,0
FENGYUN 1C DEB,1999-025CRR,2026-08-17T00:26:03.678432,14.62155020,.01578362,98.9519,62.2404,255.5321,258.5068,0,U,32123,999,74987,.98454572E-4,.523E-5,0
FENGYUN 1C DEB,1999-025CRT,2026-08-17T06:50:33.304416,14.76867650,.01549423,99.0692,243.7801,272.8485,85.4998,0,U,32125,999,74169,.54162187E-3,.4565E-4,0
FENGYUN 1C DEB,1999-025CRU,2026-08-12T20:55:26.024736,13.57222787,.02815298,99.0890,88.0483,351.9680,7.7001,0,U,32126,999,65012,.47103375E-3,.394E-5,0
FENGYUN 1C DEB,1999-025CRV,2026-08-16T00:43:48.486720,13.60863121,.02824286,99.2621,175.2388,80.2677,283.0238,0,U,32127,999,63769,.11652619E-2,.111E-4,0
FENGYUN 1C DEB,1999-025CRW,2026-08-14T21:12:30.751200,13.94792050,.039405,99.0022,273.0666,269.9310,85.6708,0,U,32128,999,66402,.17611E-3,.398E-5,0
FENGYUN 1C DEB,1999-025CRX,2026-08-17T08:10:29.460000,14.31509062,.00656183,99.0721,2.9820,37.9342,351.2008,0,U,32129,999,97766,.10274464E-2,.2749E-4,0
FENGYUN 1C DEB,1999-025CRY,2026-08-09T18:28:52.952448,14.38172540,.00816875,98.9214,42.1967,342.6376,17.2020,0,U,32130,999,99684,.14362943E-3,.404E-5,0
FENGYUN 1C DEB,1999-025CSA,2026-08-10T21:40:46.562016,14.53597057,.0075255,98.3623,281.9321,244.2540,115.0875,0,U,32132,999,74299,.50266E-3,.2131E-4,0
FENGYUN 1C DEB,1999-025CSB,2026-08-10T10:14:53.086848,14.18252065,.00363231,98.4405,216.7825,123.1243,237.3428,0,U,32133,999,98386,.85416729E-4,.136E-5,0
FENGYUN 1C DEB,1999-025CSC,2026-08-13T11:47:36.767328,14.22440597,.02559836,98.5982,227.8704,275.8484,238.1383,0,U,32134,999,98611,.17075137E-3,.48E-5,0
FENGYUN 1C DEB,1999-025CSE,2026-08-10T17:13:35.356512,14.38736077,.00662906,98.2763,217.0974,168.4206,191.8526,0,U,32136,999,68554,.18369097E-3,.536E-5,0
FENGYUN 1C DEB,1999-025CSF,2026-08-09T15:54:55.743552,14.86298958,.0172168,98.4703,8.2692,341.9871,17.5288,0,U,32137,999,70289,.25520106E-3,.2865E-4,0
FENGYUN 1C DEB,1999-025CSK,2026-07-27T05:19:42.381984,14.03931776,.00722,98.7477,207.1060,294.2479,65.1156,0,U,32141,999,98121,.52465E-3,.805E-5,0
FENGYUN 1C DEB,1999-025CSM,2026-08-11T17:24:08.224416,14.18158571,.01041613,98.6232,198.5122,131.3506,229.6688,0,U,32143,999,99363,.71700226E-4,.114E-5,0
FENGYUN 1C DEB,1999-025CSU,2026-08-13T23:18:20.898144,14.61168386,.01704933,99.1646,280.2973,45.9859,315.5245,0,U,32150,999,1251,.74382895E-4,.381E-5,0
FENGYUN 1C DEB,1999-025CSW,2026-08-08T05:53:19.382208,14.59771998,.0052432,98.7785,39.4739,190.0128,170.0030,0,U,32152,999,66089,.5263E-3,.2507E-4,0
FENGYUN 1C DEB,1999-025CSX,2026-08-07T07:49:40.463328,14.49196933,.02054187,98.7478,76.4387,224.1074,134.3578,0,U,32153,999,660,.72084917E-4,.297E-5,0
FENGYUN 1C DEB,1999-025CSZ,2026-07-25T02:04:15.905280,14.33532710,.00687375,98.9662,148.5004,305.4011,54.0765,0,U,32155,999,73436,.38097325E-3,.1034E-4,0
FENGYUN 1C DEB,1999-025CTA,2026-08-07T19:22:51.911328,14.32361273,.00822871,99.3637,53.1245,91.2754,269.7856,0,U,32156,999,68228,.15023422E-3,.371E-5,0
FENGYUN 1C DEB,1999-025CTE,2026-08-16T10:02:02.992416,14.38297641,.00808715,98.9071,39.2409,351.1438,8.8316,0,U,32160,999,99432,.16748668E-3,.48E-5,0
FENGYUN 1C DEB,1999-025CTF,2026-08-10T02:02:35.467872,14.02074267,.01347837,98.8379,324.2984,330.8577,28.5115,0,U,32161,999,66797,.87682072E-4,.101E-5,0
FENGYUN 1C DEB,1999-025CTG,2026-08-17T12:31:38.758368,14.65035068,.00461909,99.4382,315.6227,141.6163,218.8337,0,U,32162,999,98543,.80246817E-3,.431E-4,0
FENGYUN 1C DEB,1999-025CTH,2026-08-10T08:28:58.670976,14.44367275,.00508183,99.5339,262.0707,53.0024,307.5799,0,U,32163,999,64448,.31836317E-3,.1059E-4,0
FENGYUN 1C DEB,1999-025CTK,2026-08-14T13:48:03.625344,14.05105012,.013569,98.6251,144.9758,168.9685,191.4511,0,U,32165,999,66570,.56265E-3,.945E-5,0
FENGYUN 1C DEB,1999-025CTM,2026-08-14T05:06:59.561568,14.31475171,.01636076,98.4885,220.1562,54.8010,306.8370,0,U,32167,999,66172,.16174011E-3,.452E-5,0
FENGYUN 1C DEB,1999-025CTN,2026-08-16T02:42:08.595072,13.87698143,.02431818,101.6580,2.3844,351.6070,8.1045,0,U,32168,999,66895,.89645217E-3,.1278E-4,0
FENGYUN 1C DEB,1999-025CTP,2026-08-17T12:33:00.967968,14.80291235,.0030462,98.5437,76.9588,60.4476,299.9765,0,U,32169,999,267,.21230804E-2,.16273E-3,0
FENGYUN 1C DEB,1999-025CTR,2026-08-03T16:33:54.817056,13.44174524,.04750901,102.8022,181.4052,218.9273,319.7001,0,U,32171,999,63757,.14738018E-2,.1621E-4,0
FENGYUN 1C DEB,1999-025CTU,2026-08-15T09:27:42.408576,14.18191389,.01490394,98.5724,286.5649,257.6101,100.8360,0,U,32174,999,67587,.11799195E-3,.227E-5,0
FENGYUN 1C DEB,1999-025CTV,2026-08-17T04:57:10.599552,13.96361366,.01499572,98.8352,212.6261,1.5737,358.5868,0,U,32175,999,63292,.1212633E-2,.1796E-4,0
FENGYUN 1C DEB,1999-025CTW,2026-08-17T10:51:38.369088,14.96399800,.00217965,99.3770,311.7757,335.6957,24.3229,0,U,32176,999,65170,.12636472E-2,.14332E-3,0
FENGYUN 1C DEB,1999-025CTX,2026-08-13T22:21:33.270912,14.58836534,.00482885,99.0310,261.0949,25.8117,334.5474,0,U,32177,999,74596,.48959407E-3,.2271E-4,0
FENGYUN 1C DEB,1999-025CTY,2026-08-09T23:06:06.238080,14.24034346,.00930146,100.2926,269.0571,22.8734,337.6542,0,U,32178,999,67421,.36720917E-3,.824E-5,0
FENGYUN 1C DEB,1999-025CTZ,2026-08-16T10:09:01.817280,14.03828735,.01446345,98.8773,276.9382,221.4811,152.1686,0,U,32179,999,69189,.31457773E-3,.5E-5,0
FENGYUN 1C DEB,1999-025CUA,2026-08-15T09:40:46.593120,13.82377925,.01355924,99.5536,276.2644,283.4333,87.4076,0,U,32180,999,97662,.52269686E-4,.13E-6,0
FENGYUN 1C DEB,1999-025CUB,2026-08-13T21:24:12.161088,14.58037070,.0071715,99.4890,8.1615,76.8539,73.4179,0,U,32181,999,271,.24454E-3,.1102E-4,0
FENGYUN 1C DEB,1999-025CUD,2026-08-17T14:24:31.491936,14.10623264,.00435128,98.6865,277.7484,77.8946,282.7096,0,U,32183,999,76258,.29222657E-3,.484E-5,0
FENGYUN 1C DEB,1999-025CUF,2026-08-17T04:11:21.863040,15.51328181,.00551734,98.8614,126.1037,253.1001,106.4193,0,U,32185,999,98784,.23735767E-2,.15092E-2,0
FENGYUN 1C DEB,1999-025CUG,2026-08-15T21:41:27.945024,13.77008965,.0270547,99.5893,285.8122,277.8213,263.6578,0,U,32186,999,65997,.58895E-3,.713E-5,0
FENGYUN 1C DEB,1999-025CUH,2026-08-16T04:02:52.356192,13.50635384,.0292291,99.4845,301.1556,248.3898,138.0234,0,U,32187,999,69585,.2812689E-3,.192E-5,0
FENGYUN 1C DEB,1999-025CUM,2026-08-16T09:20:28.689216,14.26528548,.00919886,98.6874,287.6173,187.9143,172.0591,0,U,32191,999,68016,.6219675E-3,.1524E-4,0
FENGYUN 1C DEB,1999-025CUN,2026-08-17T01:38:36.528576,13.82683998,.01806241,98.6245,84.6917,211.1539,147.8810,0,U,32192,999,96130,.17613752E-3,.177E-5,0
FENGYUN 1C DEB,1999-025CUR,2026-08-14T17:07:36.046560,14.08860481,.00683381,98.7786,227.6409,329.6358,30.0861,0,U,32195,999,67431,.26361273E-3,.422E-5,0
FENGYUN 1C DEB,1999-025CUT,2026-08-15T12:49:05.458944,14.33205626,.01598333,98.8954,148.4140,230.3100,306.1022,0,U,32197,999,97943,.1004702E-3,.266E-5,0
FENGYUN 1C DEB,1999-025CUU,2026-08-11T02:32:20.504832,14.10330101,.00910794,98.3567,357.6561,321.0690,38.3946,0,U,32198,999,60346,.69168903E-3,.1235E-4,0
FENGYUN 1C DEB,1999-025CUW,2026-08-17T13:53:41.485632,14.16563902,.00381798,98.7698,280.0286,303.0265,56.7243,0,U,32200,999,97871,.47732954E-3,.914E-5,0
FENGYUN 1C DEB,1999-025CUZ,2026-08-16T03:39:19.241856,15.64698923,.00830915,96.9758,118.3844,257.6707,101.5242,0,U,32203,999,78920,.41018452E-3,.47769E-3,0
FENGYUN 1C DEB,1999-025CVB,2026-08-14T17:56:55.038336,14.14056758,.00101723,98.6826,228.6227,315.3067,220.3129,0,U,32205,999,97960,.70527999E-4,.91E-6,0
FENGYUN 1C DEB,1999-025CVD,2026-08-11T18:42:27.942048,14.40118888,.00845113,99.8784,224.2675,163.2653,10.2853,0,U,32207,999,67790,.11683434E-3,.326E-5,0
FENGYUN 1C DEB,1999-025CVF,2026-08-17T06:50:04.674912,13.47816198,.03293593,99.4284,167.9388,126.3219,236.8803,0,U,32209,999,93310,.11505951E-2,.947E-5,0
FENGYUN 1C DEB,1999-025CVG,2026-07-28T08:41:07.740960,14.12165836,.00687078,98.8550,260.1811,245.1958,114.2056,0,U,32210,999,64598,.77179273E-3,.1405E-4,0
FENGYUN 1C DEB,1999-025CVJ,2026-08-16T07:36:46.307232,14.41136700,.01366184,99.5897,359.3715,83.0795,308.5215,0,U,32212,999,99612,.21632835E-3,.72E-5,0
FENGYUN 1C DEB,1999-025CVL,2026-08-16T20:40:45.628608,13.92770593,.01808627,99.0318,253.2179,87.2286,86.4444,0,U,32214,999,65859,.11765435E-2,.17E-4,0
FENGYUN 1C DEB,1999-025CVQ,2026-08-17T12:55:18.457248,14.57486713,.00612685,98.7954,82.3041,32.9891,358.0213,0,U,32218,999,99840,.41667455E-3,.1888E-4,0
FENGYUN 1C DEB,1999-025CVT,2026-08-17T09:53:16.448352,14.59418339,.01457534,98.5982,32.6952,102.6271,259.1269,0,U,32221,999,799,.14133523E-3,.719E-5,0
FENGYUN 1C DEB,1999-025CVV,2026-08-17T04:36:06.839712,14.22308550,.0044075,98.8291,313.4428,326.7935,62.9627,0,U,32223,999,67740,.61819132E-3,.1342E-4,0
FENGYUN 1C DEB,1999-025CVW,2026-08-14T15:36:14.920416,14.34425085,.00769248,99.0114,192.6686,70.5249,290.4225,0,U,32224,999,99234,.10883141E-3,.269E-5,0
FENGYUN 1C DEB,1999-025CVX,2026-08-03T09:02:26.728800,14.13223602,.00706416,99.0617,272.2662,268.6611,90.6467,0,U,32225,999,71416,.14082169E-3,.223E-5,0
FENGYUN 1C DEB,1999-025CWC,2026-08-17T10:56:20.562720,14.62008986,.00473808,98.8878,41.2237,51.4228,335.9217,0,U,32230,999,64283,.11367855E-2,.574E-4,0
FENGYUN 1C DEB,1999-025CWG,2026-08-11T00:21:25.169760,13.94915286,.01365215,98.5157,59.5296,26.1115,334.6851,0,U,32234,999,96572,.47857626E-3,.656E-5,0
FENGYUN 1C DEB,1999-025CWP,2026-08-14T09:26:18.909024,14.30454128,.0141533,99.0589,270.8560,234.1683,124.6281,0,U,32241,999,97319,.60222E-3,.1697E-4,0
FENGYUN 1C DEB,1999-025CWQ,2026-08-03T09:34:58.061568,13.86095936,.01622476,97.2673,77.9648,20.5290,340.2293,0,U,32242,999,66158,.84785687E-3,.1054E-4,0
FENGYUN 1C DEB,1999-025CWR,2026-08-16T05:48:53.268480,14.06387522,.02657884,98.2560,236.4749,139.8927,222.2202,0,U,32243,999,97051,.81419369E-3,.1813E-4,0
FENGYUN 1C DEB,1999-025CWT,2026-08-14T20:51:56.126304,14.81062809,.00887066,98.6362,86.4154,283.1826,75.9499,0,U,32245,999,69730,.37992303E-3,.3086E-4,0
FENGYUN 1C DEB,1999-025CWU,2026-08-17T14:06:14.877216,14.26520254,.0084753,97.8069,1.9687,295.6437,63.6008,0,U,32303,999,65766,.12481996E-2,.3088E-4,0
FENGYUN 1C DEB,1999-025CWV,2026-08-16T04:36:55.552032,14.52875720,.00475841,99.4124,217.1152,211.6105,148.2227,0,U,32304,999,59849,.47779115E-3,.1938E-4,0
FENGYUN 1C DEB,1999-025CWZ,2026-08-10T00:11:41.945568,14.06590129,.01092328,97.7620,245.9350,85.2098,276.1537,0,U,32308,999,68788,.79173992E-3,.1351E-4,0
FENGYUN 1C DEB,1999-025CXC,2026-08-15T12:35:54.757248,13.34193004,.0402782,101.7205,151.7608,264.6866,90.8185,0,U,32311,999,10614,-.26826E-4,-.8E-6,0
FENGYUN 1C DEB,1999-025CXF,2026-08-13T15:26:47.194656,14.84287527,.01380318,98.8824,1.9932,104.7810,256.8741,0,U,32314,999,1003,.44255648E-3,.4323E-4,0
FENGYUN 1C DEB,1999-025CXG,2026-08-03T05:58:36.274080,13.66238184,.02278493,100.8343,30.6312,261.7528,95.7716,0,U,32315,999,64277,.10181312E-3,.44E-6,0
FENGYUN 1C DEB,1999-025CXH,2026-08-16T15:51:49.176576,14.54202328,.00255088,99.5111,293.3129,314.5382,197.5413,0,U,32316,999,99363,.27161298E-3,.1096E-4,0
FENGYUN 1C DEB,1999-025CXM,2026-08-17T00:35:32.147232,14.37308104,.00560461,100.3521,141.0993,74.1269,286.6079,0,U,32320,999,65724,.46531359E-3,.1354E-4,0
FENGYUN 1C DEB,1999-025CXP,2026-08-08T20:16:36.093216,13.34514274,.04169977,98.3485,64.9923,213.9223,143.4591,0,U,32322,999,63568,.52142444E-3,.393E-5,0
FENGYUN 1C DEB,1999-025CXQ,2026-08-14T07:29:51.607968,13.98376230,.0150816,98.5812,358.4465,247.1395,111.3785,0,U,32323,999,63686,.12705E-2,.1959E-4,0
FENGYUN 1C DEB,1999-025CXR,2026-08-12T07:18:04.563072,14.09556833,.00509008,99.5478,345.2090,75.1318,285.5479,0,U,32324,999,67415,.1317911E-3,.184E-5,0
FENGYUN 1C DEB,1999-025CXT,2026-08-13T13:01:00.247872,13.69650887,.0384204,98.4880,131.8567,207.9934,150.0071,0,U,32326,999,66519,.13437797E-3,.16E-5,0
FENGYUN 1C DEB,1999-025CXY,2026-08-12T11:17:18.036960,14.91615856,.00169857,99.1702,232.4085,90.3318,269.9843,0,U,32331,999,64214,.17940767E-2,.18029E-3,0
FENGYUN 1C DEB,1999-025CXZ,2026-08-14T21:29:16.058400,13.98260591,.0282015,99.1150,284.6818,359.8960,0.2101,0,U,32332,999,96461,.33356E-3,.622E-5,0
FENGYUN 1C DEB,1999-025CYB,2026-08-16T22:25:20.070912,14.01940954,.00663636,99.2258,291.4446,321.6827,37.9633,0,U,32334,999,97403,.11425653E-3,.131E-5,0
FENGYUN 1C DEB,1999-025CYH,2026-08-16T20:36:51.322176,14.81546782,.00294355,98.9681,267.8540,233.1623,126.6886,0,U,32340,999,808,.96658757E-3,.7583E-4,0
FENGYUN 1C DEB,1999-025CYK,2026-08-16T23:15:28.100736,14.13487946,.00078309,98.6691,234.9747,7.2077,58.8927,0,U,32342,999,97210,.49472055E-4,.51E-6,0
FENGYUN 1C DEB,1999-025CYL,2026-08-16T16:27:15.110784,14.20229173,.01516032,98.6296,214.2497,133.8479,227.5343,0,U,32343,999,68218,.13737223E-3,.287E-5,0
FENGYUN 1C DEB,1999-025CYT,2026-08-17T13:53:19.972896,14.54772709,.02594978,98.1986,274.8722,252.3007,104.9710,0,U,32350,999,1109,.23769091E-3,.1538E-4,0
FENGYUN 1C DEB,1999-025CYV,2026-08-03T13:02:11.660064,14.41900282,.01209362,98.7831,147.1834,194.7574,165.0073,0,U,32352,999,68638,.14184129E-3,.455E-5,0
FENGYUN 1C DEB,1999-025CYW,2026-08-16T06:32:45.459168,14.05501387,.01219157,98.9349,45.8013,229.4814,129.5684,0,U,32353,999,66655,.13541599E-2,.2308E-4,0
FENGYUN 1C DEB,1999-025CYZ,2026-08-16T02:05:17.277792,14.04977902,.01203738,102.4934,186.7439,136.4617,224.6115,0,U,32356,999,71845,.10766002E-2,.1776E-4,0
FENGYUN 1C DEB,1999-025CZA,2026-08-16T08:28:32.457216,13.70679997,.04813383,98.8338,253.7300,253.7579,115.2867,0,U,32357,999,70164,.74999658E-3,.1475E-4,0
FENGYUN 1C DEB,1999-025CZD,2026-08-15T16:24:00.111168,14.00660091,.02217234,98.1288,22.4214,331.0312,27.8696,0,U,32360,999,68257,.92749699E-3,.1671E-4,0
FENGYUN 1C DEB,1999-025CZE,2026-08-16T03:58:07.382208,14.54536896,.00428007,98.8441,305.6679,19.6824,340.6012,0,U,32361,999,99923,.77420504E-3,.329E-4,0
FENGYUN 1C DEB,1999-025CZF,2026-08-16T09:55:20.558496,13.66420555,.02727676,99.8467,208.7267,18.3990,342.6790,0,U,32362,999,94497,.14826287E-2,.154E-4,0
FENGYUN 1C DEB,1999-025CZK,2026-08-12T10:46:46.404480,14.15089876,.01288714,96.7767,293.6505,257.8007,100.8714,0,U,32366,999,96635,.65627349E-3,.135E-4,0
FENGYUN 1C DEB,1999-025CZR,2026-07-23T17:42:53.512704,13.36026307,.04549835,97.2966,28.3874,179.6313,180.5245,0,U,32372,999,63117,.18032618E-2,.1645E-4,0
FENGYUN 1C DEB,1999-025CZV,2026-08-08T08:38:26.985984,14.83522890,.00360457,99.5629,74.7445,135.3410,39.2040,0,U,32409,999,62369,.58689393E-3,.4813E-4,0
FENGYUN 1C DEB,1999-025CZX,2026-08-12T12:06:35.716320,14.10145502,.01244744,98.4208,132.2699,42.6895,318.3867,0,U,32411,999,69235,.13305168E-3,.213E-5,0
FENGYUN 1C DEB,1999-025DAA,2026-08-15T10:36:48.895776,14.19620241,.00447075,98.8429,302.6961,16.4013,343.8598,0,U,32414,999,97217,.49097387E-3,.1002E-4,0
FENGYUN 1C DEB,1999-025DAC,2026-08-04T02:57:11.711808,13.65912071,.02397509,100.7843,335.5312,52.0425,310.2115,0,U,32416,999,64830,.42749085E-3,.375E-5,0
FENGYUN 1C DEB,1999-025DAE,2026-07-23T19:34:28.162272,14.03987670,.02220215,98.1903,58.9635,124.3631,237.8759,0,U,32418,999,66118,.29732388E-2,.582E-4,0
FENGYUN 1C DEB,1999-025DAF,2026-08-11T11:45:06.935904,14.10499025,.02827287,97.9497,136.2649,47.9733,314.5137,0,U,32419,999,66978,.25096211E-3,.611E-5,0
FENGYUN 1C DEB,1999-025DAJ,2026-08-14T12:57:52.377120,13.98363215,.0297408,97.8627,328.2875,314.9962,42.7448,0,U,32422,999,66554,.14192E-3,.257E-5,0
FENGYUN 1C DEB,1999-025DAM,2026-08-02T13:01:32.653920,14.17328470,.02302696,96.7257,311.3483,316.7609,41.5693,0,U,32425,999,72832,.1828015E-3,.448E-5,0
FENGYUN 1C DEB,1999-025DAS,2026-08-08T17:51:29.740608,13.71526334,.03691882,98.6813,228.2336,355.5451,4.2444,0,U,32430,999,94478,.11931602E-2,.1708E-4,0
FENGYUN 1C DEB,1999-025DAU,2026-08-11T22:05:10.019904,14.55868291,.0164877,98.1495,259.2703,276.7926,81.4536,0,U,32432,999,74215,.43628E-3,.2245E-4,0
FENGYUN 1C DEB,1999-025DBC,2026-08-13T18:53:38.162400,13.62677484,.03184746,99.1367,71.3344,180.2460,179.8576,0,U,32440,999,63608,.12706033E-2,.1352E-4,0
FENGYUN 1C DEB,1999-025DBD,2026-07-31T10:09:06.175296,14.10466418,.0246459,97.7768,271.4770,357.3306,2.6537,0,U,32441,999,97828,.57704E-3,.1326E-4,0
FENGYUN 1C DEB,1999-025DBK,2026-08-13T07:35:13.254432,13.96132919,.00804128,98.9207,238.9933,90.5534,270.4844,0,U,32447,999,71277,.19761091E-3,.237E-5,0
FENGYUN 1C DEB,1999-025DBP,2026-08-16T04:45:38.907936,13.88075984,.01814613,99.9853,229.7395,268.7022,89.3340,0,U,32451,999,65182,.11271777E-2,.148E-4,0
FENGYUN 1C DEB,1999-025DBR,2026-08-12T13:23:14.488512,14.02786811,.00960679,99.3672,146.1777,260.6191,98.4102,0,U,32453,999,96832,.28727067E-3,.415E-5,0
FENGYUN 1C DEB,1999-025DBT,2026-08-11T23:42:26.610336,13.94045543,.02331809,101.7248,125.5762,266.4894,90.9563,0,U,32455,999,67789,.70653223E-3,.1104E-4,0
FENGYUN 1C DEB,1999-025DBU,2026-08-09T19:55:00.094080,13.36109878,.03751844,103.6669,88.0162,94.8821,269.5225,0,U,32456,999,63822,.84049473E-3,.575E-5,0
FENGYUN 1C DEB,1999-025DBW,2026-08-15T09:39:48.058848,14.65664586,.003649,99.0252,275.9467,341.9199,18.0701,0,U,32458,999,71384,.53877718E-3,.29E-4,0
FENGYUN 1C DEB,1999-025DBX,2026-08-16T18:38:11.392800,14.43887611,.02110244,98.2937,241.9057,157.4842,203.5780,0,U,32459,999,98114,.18747038E-3,.787E-5,0
FENGYUN 1C DEB,1999-025DBY,2026-08-10T18:51:28.936512,13.90295564,.01876378,98.0414,340.2813,170.4290,190.0528,0,U,32460,999,68602,.56999094E-3,.78E-5,0
FENGYUN 1C DEB,1999-025DBZ,2026-08-16T11:40:00.489792,13.73446621,.02319238,98.3215,56.9698,171.6265,220.8606,0,U,32461,999,70681,.69271258E-3,.747E-5,0
FENGYUN 1C DEB,1999-025DCF,2026-08-17T08:46:29.127360,14.24543642,.00763224,99.0324,183.5958,161.4352,350.1037,0,U,33502,999,90478,.86711801E-3,.2027E-4,0
FENGYUN 1C DEB,1999-025DCG,2026-08-08T08:42:07.185024,15.35416485,.00842397,96.5765,265.0434,160.0053,200.4528,0,U,33599,999,69641,.70979346E-3,.27452E-3,0
FENGYUN 1C DEB,1999-025DCJ,2026-08-17T08:07:16.684320,14.08909806,.0156926,98.3389,11.7111,154.4731,206.4296,0,U,33601,999,94165,.78114583E-3,.1475E-4,0
FENGYUN 1C DEB,1999-025DCL,2026-08-16T14:59:46.144032,14.81099652,.02161172,98.8312,193.8732,10.4494,350.1102,0,U,33603,999,2510,.15794352E-3,.1753E-4,0
FENGYUN 1C DEB,1999-025DCN,2026-08-14T05:33:35.756640,14.08189884,.00574374,98.7083,221.5575,103.5869,268.4295,0,U,33605,999,63259,.17970663E-3,.269E-5,0
FENGYUN 1C DEB,1999-025DCV,2026-08-12T16:06:08.955072,14.05173305,.01092615,98.6103,186.4373,143.3114,217.5599,0,U,33612,999,60084,.6250749E-3,.1025E-4,0
FENGYUN 1C DEB,1999-025DCW,2026-08-16T10:48:04.303584,14.35615437,.00303061,98.6819,306.4683,81.6414,278.8205,0,U,33613,999,68047,.87883313E-3,.2503E-4,0
FENGYUN 1C DEB,1999-025DDB,2026-08-17T12:10:31.508832,14.64326535,.01599923,98.5269,330.2705,90.6604,271.2933,0,U,33618,999,403,.45058388E-3,.281E-4,0
FENGYUN 1C DEB,1999-025DDC,2026-08-17T03:49:06.647808,14.18716528,.00514367,98.8477,302.8885,60.9125,299.7187,0,U,33619,999,67131,.7400466E-3,.1512E-4,0
FENGYUN 1C DEB,1999-025DDE,2026-08-14T06:22:56.606016,14.20239275,.0282085,98.1251,62.6750,297.3402,59.9321,0,U,33621,999,67714,.16381E-3,.474E-5,0
FENGYUN 1C DEB,1999-025DDJ,2026-08-17T14:27:26.011296,14.64141293,.02165596,98.6409,356.6151,87.5784,275.0190,0,U,33625,999,65014,.45136598E-3,.3282E-4,0
FENGYUN 1C DEB,1999-025DDP,2026-08-11T00:05:17.871648,14.18106780,.01351816,98.6259,327.2357,93.3445,268.3205,0,U,33630,999,67830,.13409616E-3,.26E-5,0
FENGYUN 1C DEB,1999-025DDS,2026-08-14T05:53:56.821056,14.21215136,.0082614,99.0590,331.3577,171.5353,219.0678,0,U,33633,999,94182,.94071E-3,.2074E-4,0
FENGYUN 1C DEB,1999-025DDV,2026-08-17T06:51:55.280736,14.31403303,.00673125,98.4559,243.5058,85.2120,341.0852,0,U,33636,999,73608,.32738748E-3,.848E-5,0
FENGYUN 1C DEB,1999-025DDX,2026-08-13T08:41:30.901344,13.69876614,.0264359,98.4477,91.8169,342.5595,16.6605,0,U,33638,999,64250,.43815449E-3,.453E-5,0
FENGYUN 1C DEB,1999-025DDY,2026-07-22T11:53:12.399360,14.43286145,.00462611,98.7100,303.9556,348.7486,11.2665,0,U,33639,999,63778,.12004137E-2,.405E-4,0
FENGYUN 1C DEB,1999-025DDZ,2026-08-17T15:04:43.532832,14.46829623,.00899656,98.8656,188.4592,137.1644,223.6602,0,U,33640,999,95926,.20270239E-3,.721E-5,0
FENGYUN 1C DEB,1999-025DEF,2026-08-16T13:27:38.850048,14.04916570,.01089418,98.5944,135.7387,187.3348,172.6232,0,U,33646,999,75512,.51764417E-3,.837E-5,0
FENGYUN 1C DEB,1999-025DEG,2026-08-09T18:09:59.438016,13.89966363,.02449306,98.1817,54.0541,146.8023,214.8780,0,U,33647,999,66178,.10818537E-2,.1663E-4,0
FENGYUN 1C DEB,1999-025DEH,2026-08-17T06:24:28.127808,14.11885316,.0068434,98.7292,226.2464,190.7232,169.2485,0,U,33648,999,67869,.66703786E-4,.82E-6,0
FENGYUN 1C DEB,1999-025DEK,2026-08-17T03:58:24.534336,13.89938201,.01507708,99.0131,31.0868,125.5348,235.9977,0,U,33650,999,72245,.72746558E-3,.94E-5,0
FENGYUN 1C DEB,1999-025DEL,2026-08-12T09:03:43.957440,14.20519462,.01178072,98.6250,269.4463,72.8220,288.5815,0,U,33651,999,67716,.6391768E-4,.105E-5,0
FENGYUN 1C DEB,1999-025DEQ,2026-08-17T05:47:08.739168,15.11560414,.00336485,98.7997,333.8102,262.8904,96.8496,0,U,33655,999,273,.1131007E-2,.19402E-3,0
FENGYUN 1C DEB,1999-025DER,2026-08-07T18:22:29.038368,14.23141592,.00907299,98.5923,211.9628,59.5945,301.4162,0,U,33656,999,66094,.21051565E-3,.454E-5,0
FENGYUN 1C DEB,1999-025DET,2026-08-16T03:52:11.616384,13.63442859,.02777848,99.5763,22.3358,271.3762,85.5577,0,U,33658,999,61496,.16232487E-2,.1615E-4,0
FENGYUN 1C DEB,1999-025DEV,2026-08-16T11:35:53.075616,13.92004725,.01093228,98.6408,128.2525,286.9062,250.6679,0,U,33660,999,94496,.18703358E-3,.21E-5,0
FENGYUN 1C DEB,1999-025DEW,2026-08-16T02:46:46.220736,13.73325062,.02286598,98.3930,90.2951,211.1558,302.9137,0,U,33661,999,67838,.58898199E-3,.623E-5,0
FENGYUN 1C DEB,1999-025DEY,2026-08-15T08:08:01.225248,14.76949356,.00584596,98.8864,245.4173,332.2696,27.5397,0,U,33663,999,67811,.19673653E-2,.14207E-3,0
FENGYUN 1C DEB,1999-025DEZ,2026-08-13T15:54:21.769344,14.04286138,.01643797,98.7345,9.7082,75.2893,286.6430,0,U,33664,999,94162,-.6715172E-5,-.53E-6,0
FENGYUN 1C DEB,1999-025DFA,2026-08-16T03:46:57.986112,14.05092081,.04505837,99.0460,350.3221,124.1892,240.2844,0,U,33665,999,96050,.43067886E-3,.1694E-4,0
FENGYUN 1C DEB,1999-025DFJ,2026-08-16T22:45:55.572768,13.95874131,.01032823,99.3200,283.8464,271.9416,264.6893,0,U,33673,999,93350,.48134627E-3,.641E-5,0
FENGYUN 1C DEB,1999-025DFK,2026-08-17T13:01:25.477536,13.77736183,.02067684,98.5959,261.1713,293.5350,64.4203,0,U,33674,999,91776,.92827093E-3,.1047E-4,0
FENGYUN 1C DEB,1999-025DFM,2026-08-13T08:11:59.566560,14.35784265,.02046161,99.0701,267.8796,77.0287,285.3659,0,U,33676,999,68806,.57466654E-4,.156E-5,0
FENGYUN 1C DEB,1999-025DFP,2026-08-16T11:30:40.248000,14.48257099,.02022207,99.0230,315.8504,219.2528,139.3853,0,U,33678,999,98666,.17833988E-3,.798E-5,0
FENGYUN 1C DEB,1999-025DFQ,2026-08-15T19:05:10.955616,15.16734780,.01149702,99.3443,353.1240,215.8573,143.4899,0,U,33679,999,97837,.96297859E-3,.22349E-3,0
FENGYUN 1C DEB,1999-025DFT,2026-08-16T03:23:36.695616,14.28121276,.00294963,99.4058,298.4579,101.8502,258.5987,0,U,33682,999,95213,.60221075E-3,.1454E-4,0
FENGYUN 1C DEB,1999-025DFV,2026-08-16T16:47:20.604192,14.78570253,.02677858,99.0417,319.1248,288.1764,69.0460,0,U,33684,999,96632,.25467514E-3,.3327E-4,0
FENGYUN 1C DEB,1999-025DFY,2026-08-12T22:04:48.195264,15.35113260,.00827486,98.9696,285.0743,230.6187,128.7703,0,U,33687,999,75220,.42665955E-3,.16172E-3,0
FENGYUN 1C DEB,1999-025DFZ,2026-08-17T07:58:02.451648,14.50045388,.0048427,99.3584,1.9140,249.7819,109.8161,0,U,33688,999,95065,.12301743E-2,.4787E-4,0
FENGYUN 1C DEB,1999-025DGA,2026-08-04T08:28:00.154848,14.46694140,.00472592,99.5520,258.2904,183.8412,239.6473,0,U,33689,999,72921,.6153324E-3,.2199E-4,0
FENGYUN 1C DEB,1999-025DGB,2026-08-17T06:50:24.661824,14.55407758,.00287127,98.6162,339.5981,17.4108,342.8067,0,U,33690,999,96816,.85526294E-3,.3687E-4,0
FENGYUN 1C DEB,1999-025DGE,2026-08-17T10:41:16.452384,13.71977753,.02236245,99.2350,42.8119,70.8712,291.6501,0,U,33693,999,91627,.6659851E-3,.682E-5,0
FENGYUN 1C DEB,1999-025DGK,2026-08-16T06:39:40.524768,14.56436666,.01360161,99.6447,231.3590,205.8201,153.6162,0,U,33698,999,99224,.84081637E-4,.353E-5,0
FENGYUN 1C DEB,1999-025DGN,2026-08-17T08:01:04.924992,14.03412072,.01290325,98.6734,177.0773,213.6141,145.6793,0,U,33701,999,93977,.54704184E-3,.879E-5,0
FENGYUN 1C DEB,1999-025DGX,2026-08-14T12:26:38.298048,14.12432405,.0055625,98.9841,330.7152,175.4726,184.6960,0,U,33710,999,71111,.4044E-3,.712E-5,0
FENGYUN 1C DEB,1999-025DGY,2026-08-17T15:16:27.766272,14.01395059,.00986079,99.1598,289.1968,85.9603,66.6934,0,U,33711,999,95403,.48576474E-3,.72E-5,0
FENGYUN 1C DEB,1999-025DHD,2026-08-16T01:35:55.963680,14.32866564,.00933315,98.8855,164.7713,356.9967,3.0644,0,U,33716,999,68685,.78402705E-4,.177E-5,0
FENGYUN 1C DEB,1999-025DHF,2026-08-15T01:29:04.474176,14.09222734,.00959605,99.6608,335.9967,8.0002,352.2670,0,U,33718,999,72640,.53549864E-3,.921E-5,0
FENGYUN 1C DEB,1999-025DHG,2026-08-16T09:56:52.055232,14.24369883,.00303908,98.7528,292.5118,88.8131,333.1594,0,U,33719,999,95524,.47012198E-3,.1048E-4,0
FENGYUN 1C DEB,1999-025DHH,2026-07-28T06:25:15.697920,14.42165253,.00815948,98.2491,209.3492,98.7074,262.3369,0,U,33720,999,96634,.52120885E-3,.1742E-4,0
FENGYUN 1C DEB,1999-025DHK,2026-08-16T07:42:41.453568,14.22016010,.0155736,98.5666,240.7068,255.9968,102.3852,0,U,33722,999,95651,.24101843E-3,.558E-5,0
FENGYUN 1C DEB,1999-025DHL,2026-08-10T12:28:43.375872,14.15029762,.00967877,99.1485,313.8805,13.9520,359.1709,0,U,33723,999,67027,.64130463E-3,.1253E-4,0
FENGYUN 1C DEB,1999-025DHM,2026-08-13T21:00:06.281280,14.20074158,.00268575,98.5999,234.3386,195.1598,283.5612,0,U,33724,999,97426,.186409E-3,.356E-5,0
FENGYUN 1C DEB,1999-025DHP,2026-08-16T14:45:07.202880,14.14747260,.01920824,98.6658,350.3382,44.6166,329.4347,0,U,33726,999,95422,.11302181E-3,.217E-5,0
FENGYUN 1C DEB,1999-025DHR,2026-08-16T17:33:53.420256,14.95485709,.01419302,98.9578,324.4229,139.5437,221.6438,0,U,33728,999,1989,.35405722E-3,.4715E-4,0
FENGYUN 1C DEB,1999-025DHT,2026-08-04T23:28:05.048544,14.67288917,.00362982,99.0368,303.1967,10.3220,349.8719,0,U,33730,999,99125,.89731811E-3,.5054E-4,0
FENGYUN 1C DEB,1999-025DHU,2026-08-17T00:39:22.590720,13.96321565,.01295666,99.4311,262.2483,104.8229,256.7326,0,U,33731,999,93899,.12647378E-2,.1825E-4,0
FENGYUN 1C DEB,1999-025DHW,2026-08-17T05:52:30.567936,14.34717517,.00763504,99.0972,331.9541,168.9347,221.2964,0,U,33733,999,93993,.17044903E-2,.4943E-4,0
FENGYUN 1C DEB,1999-025DJA,2026-08-17T10:46:56.253216,14.03796895,.01257345,98.3442,48.0033,301.0271,87.1975,0,U,33737,999,92215,.51354009E-3,.828E-5,0
FENGYUN 1C DEB,1999-025DJB,2026-08-12T11:04:02.687808,13.99976879,.0193574,99.1237,289.1610,73.5678,301.8617,0,U,33738,999,92632,.21986783E-3,.337E-5,0
FENGYUN 1C DEB,1999-025DJD,2026-08-14T06:09:08.720352,14.12442759,.0001857,98.6808,236.6164,137.6995,222.4321,0,U,33740,999,93598,.70966E-4,.88E-6,0
FENGYUN 1C DEB,1999-025DJE,2026-08-15T00:25:53.910912,14.11503250,.01260398,98.5576,134.2287,108.8555,252.6334,0,U,33741,999,60321,.92184062E-3,.1761E-4,0
FENGYUN 1C DEB,1999-025DJJ,2026-08-15T02:02:27.703104,14.23655036,.00514755,99.0989,277.5420,285.8132,73.7374,0,U,33745,999,69491,.62198823E-3,.139E-4,0
FENGYUN 1C DEB,1999-025DJL,2026-08-03T06:24:33.907104,14.19225700,.00852404,99.0961,320.7616,274.4787,84.6653,0,U,33747,999,93443,.11155067E-2,.2377E-4,0
FENGYUN 1C DEB,1999-025DJM,2026-08-17T14:37:21.800640,14.33400815,.00341463,98.5635,283.1756,227.6662,132.1629,0,U,33748,999,94943,.52110804E-3,.1403E-4,0
FENGYUN 1C DEB,1999-025DJQ,2026-08-14T21:49:19.811712,14.17505943,.0255026,94.6231,289.8625,156.4808,204.8288,0,U,35088,999,62267,.22195E-2,.6194E-4,0
FENGYUN 1C DEB,1999-025DJR,2026-08-14T23:09:10.671840,14.20089164,.0028844,98.5560,233.6772,72.6094,287.8234,0,U,35089,999,64355,.36876E-3,.747E-5,0
FENGYUN 1C DEB,1999-025DJS,2026-08-15T00:20:40.303104,14.18845657,.00559927,99.1876,253.4299,42.6127,317.9371,0,U,35090,999,69727,.62107135E-3,.1265E-4,0
FENGYUN 1C DEB,1999-025DJT,2026-08-16T19:05:46.762368,14.67935022,.00425631,98.6038,349.2971,242.5216,117.1657,0,U,35091,999,93545,.1108072E-2,.6376E-4,0
FENGYUN 1C DEB,1999-025DKE,2026-08-16T18:20:07.741536,14.29442937,.00607965,98.4762,237.3418,84.4672,276.3441,0,U,35102,999,68441,.21256776E-3,.511E-5,0
FENGYUN 1C DEB,1999-025DKG,2026-08-16T23:22:20.029152,14.20716816,.003129,98.5963,233.8564,144.8222,245.5137,0,U,35104,999,93277,.19285148E-3,.375E-5,0
FENGYUN 1C DEB,1999-025DKH,2026-08-12T19:07:42.399264,14.45946948,.01120616,98.9615,224.2731,49.5173,311.5719,0,U,35105,999,98005,.13297137E-3,.458E-5,0
FENGYUN 1C DEB,1999-025DKM,2026-08-17T09:54:29.523744,14.21165813,.01530252,98.6339,217.9933,37.6143,323.5621,0,U,35109,999,67677,.14802943E-3,.319E-5,0
FENGYUN 1C DEB,1999-025DKP,2026-08-14T11:47:58.390656,14.11316996,.0020923,99.4565,323.0206,261.2462,98.6338,0,U,35111,999,67596,.21009E-3,.331E-5,0
FENGYUN 1C DEB,1999-025DKU,2026-08-17T02:03:30.993696,14.26090511,.00589231,98.6393,276.7358,49.4312,311.1976,0,U,35116,999,63484,.46677296E-3,.1093E-4,0
FENGYUN 1C DEB,1999-025DKZ,2026-08-16T08:51:47.989152,14.04899808,.01582801,98.2749,75.4872,114.9468,246.8241,0,U,35121,999,64554,.26570656E-3,.441E-5,0
FENGYUN 1C DEB,1999-025DLA,2026-08-17T11:57:34.696800,14.14381869,.00251066,98.6594,245.4893,168.7688,191.4051,0,U,35122,999,67369,.1462527E-3,.238E-5,0
FENGYUN 1C DEB,1999-025DLB,2026-08-10T11:45:20.854080,14.24723089,.00500463,99.1212,59.4283,106.1200,254.5495,0,U,35123,999,64501,.19230879E-3,.406E-5,0
FENGYUN 1C DEB,1999-025DLG,2026-08-04T11:25:38.015616,14.43059141,.00862072,98.3343,92.1431,359.6090,0.5019,0,U,35128,999,66351,.20363874E-2,.7101E-4,0
FENGYUN 1C DEB,1999-025DLP,2026-08-13T20:12:26.742816,14.23013389,.00801445,98.5625,232.9154,295.1045,64.1833,0,U,35135,999,91295,.19638009E-3,.414E-5,0
FENGYUN 1C DEB,1999-025DLT,2026-08-09T20:35:05.425152,14.21462672,.00677607,98.5853,225.4499,322.3294,37.3149,0,U,35139,999,67564,.1625777E-3,.321E-5,0
FENGYUN 1C DEB,1999-025DLU,2026-08-17T04:50:19.856544,14.21585745,.02898485,98.4720,205.7306,325.6583,32.6151,0,U,35140,999,90794,.93654817E-4,.262E-5,0
FENGYUN 1C DEB,1999-025DLW,2026-08-14T11:08:04.015104,13.90633936,.0107033,99.0612,217.3565,269.8773,242.6227,0,U,35142,999,89090,.66428E-4,.43E-6,0
FENGYUN 1C DEB,1999-025DLY,2026-08-17T07:32:51.226656,14.65208393,.00225266,98.7113,3.0107,321.2377,38.7208,0,U,35144,999,68832,.99617977E-3,.5331E-4,0
FENGYUN 1C DEB,1999-025DMB,2026-08-17T06:55:56.294400,14.81445814,.00300549,99.4838,351.0081,160.7428,199.4922,0,U,35147,999,77961,.15742628E-2,.12371E-3,0
FENGYUN 1C DEB,1999-025DMG,2026-08-15T08:15:30.511296,13.76807705,.01944579,99.8219,62.9976,99.5684,262.7496,0,U,35152,999,65572,.35277163E-3,.353E-5,0
FENGYUN 1C DEB,1999-025DMH,2026-08-12T00:39:11.653344,14.75236038,.01671421,98.8884,144.5805,45.0269,316.4348,0,U,35153,999,775,.21859082E-3,.1782E-4,0
FENGYUN 1C DEB,1999-025DMJ,2026-08-15T15:28:30.500544,14.19354962,.01789024,99.4523,10.0483,70.2796,291.7578,0,U,35154,999,68065,.12169242E-3,.25E-5,0
FENGYUN 1C DEB,1999-025DMK,2026-08-11T19:27:47.610144,14.19851059,.00266492,98.4964,230.7628,90.6094,269.8137,0,U,35155,999,76148,.25206347E-3,.495E-5,0
FENGYUN 1C DEB,1999-025DML,2026-08-17T10:05:23.532000,14.10898121,.00362613,98.7742,214.7821,164.8701,195.3563,0,U,35156,999,67536,.13363109E-3,.198E-5,0
FENGYUN 1C DEB,1999-025DMP,2026-08-16T04:53:21.683616,14.48387191,.00140965,98.8321,318.9897,147.7968,242.5060,0,U,35159,999,65045,.96566437E-3,.3573E-4,0
FENGYUN 1C DEB,1999-025DMQ,2026-08-12T15:33:19.558656,14.36524885,.01743036,99.1819,359.6197,250.1918,108.0402,0,U,35160,999,68418,.12605632E-3,.382E-5,0
FENGYUN 1C DEB,1999-025DMV,2026-07-29T17:53:07.064160,14.36060709,.00223419,98.8781,313.9931,107.1866,253.1767,0,U,35165,999,93005,.14987012E-2,.4328E-4,0
FENGYUN 1C DEB,1999-025DMX,2026-08-14T10:32:00.481344,14.32034794,.0226865,98.4626,218.5900,199.5146,159.7249,0,U,35167,999,73521,.13035E-3,.414E-5,0
FENGYUN 1C DEB,1999-025DMY,2026-08-06T21:25:54.087168,14.15771005,.01250066,98.2482,98.6505,160.2286,200.3799,0,U,35168,999,61279,.10629632E-3,.187E-5,0
FENGYUN 1C DEB,1999-025DMZ,2026-08-06T13:07:22.936800,14.60039833,.0147149,99.1169,130.4720,109.2857,252.4322,0,U,35169,999,69234,.28393E-3,.1524E-4,0
FENGYUN 1C DEB,1999-025DNB,2026-08-16T05:03:35.572032,13.96101349,.01348687,99.0242,19.3240,3.9683,356.2516,0,U,35171,999,91996,.78617615E-3,.1121E-4,0
FENGYUN 1C DEB,1999-025DND,2026-08-13T11:14:42.188640,13.38158586,.04849332,99.7738,293.5476,339.9559,18.3086,0,U,35173,999,69088,.13404782E-3,.95E-6,0
FENGYUN 1C DEB,1999-025DNE,2026-08-17T07:24:01.668960,15.17506706,.01093237,98.9606,249.8441,88.8012,272.5739,0,U,35174,999,93898,.15029579E-2,.35256E-3,0
FENGYUN 1C DEB,1999-025DNF,2026-08-08T06:52:35.842080,14.21651858,.0056726,98.5734,226.8238,309.1234,50.4908,0,U,35175,999,64624,.15898E-3,.311E-5,0
FENGYUN 1C DEB,1999-025DNG,2026-08-17T09:51:22.381344,14.17314795,.00547746,98.5767,212.2324,63.4483,297.2292,0,U,35176,999,94436,.18179417E-3,.331E-5,0
FENGYUN 1C DEB,1999-025DNL,2026-08-06T06:23:56.554656,13.78000222,.04832492,99.7520,30.1087,122.2403,242.6537,0,U,35180,999,3288,.19035129E-2,.4542E-4,0
FENGYUN 1C DEB,1999-025DNX,2026-08-14T05:28:25.485600,13.91320971,.0101466,99.0403,206.5072,263.9810,94.9779,0,U,35191,999,91301,.12816725E-3,.125E-5,0
FENGYUN 1C DEB,1999-025DPA,2026-08-06T13:12:26.542080,14.62446219,.01107453,98.9456,326.0106,71.4610,289.8583,0,U,35194,999,68849,.35552448E-3,.1905E-4,0
FENGYUN 1C DEB,1999-025DPB,2026-08-10T13:30:43.064352,14.57884103,.01003586,98.9929,340.6758,57.8311,303.2572,0,U,35195,999,94433,.26769134E-3,.1256E-4,0
FENGYUN 1C DEB,1999-025DPC,2026-08-16T23:38:24.324000,14.20687794,.02122314,98.5279,240.6435,341.5486,46.8729,0,U,35196,999,92644,.3782954E-3,.976E-5,0
FENGYUN 1C DEB,1999-025DPG,2026-08-16T08:05:53.278944,13.42103033,.03519541,98.8969,181.7507,159.0799,355.8586,0,U,35200,999,69211,.21847677E-3,.142E-5,0
FENGYUN 1C DEB,1999-025DPH,2026-08-16T06:09:33.255360,14.11140507,.00056178,98.7062,234.8067,273.3556,148.7775,0,U,35201,999,90496,.66219655E-4,.77E-6,0
FENGYUN 1C DEB,1999-025DPJ,2026-08-17T13:40:40.349280,13.35057265,.03813694,100.0704,276.5650,135.8439,227.3806,0,U,35202,999,60283,.4728153E-3,.319E-5,0
FENGYUN 1C DEB,1999-025DPK,2026-08-02T07:20:01.479552,13.27261883,.05171294,102.0832,225.2794,11.8894,349.3906,0,U,35203,999,62735,.1981396E-2,.1785E-4,0
FENGYUN 1C DEB,1999-025DPL,2026-08-17T01:29:10.961952,14.52289566,.00354681,98.9939,79.7911,303.3519,209.8139,0,U,35204,999,94516,.8883754E-3,.3589E-4,0
FENGYUN 1C DEB,1999-025DPP,2026-08-16T18:38:54.614400,14.59374933,.0051797,98.6976,343.0121,216.9281,142.8347,0,U,35207,999,68503,.96640425E-3,.4609E-4,0
FENGYUN 1C DEB,1999-025DPQ,2026-08-16T07:04:26.752512,14.00363757,.01038644,98.8881,245.7266,188.9282,171.0039,0,U,35208,999,94013,.30949252E-3,.437E-5,0
FENGYUN 1C DEB,1999-025DPS,2026-08-17T12:57:42.944832,14.36508687,.00462806,99.0947,251.6446,233.7841,279.1015,0,U,35210,999,93677,.99535995E-3,.291E-4,0
FENGYUN 1C DEB,1999-025DPZ,2026-08-12T03:51:25.298208,13.58447485,.02995858,101.8784,194.7677,93.6738,269.8700,0,U,35217,999,64510,.12812833E-2,.1192E-4,0
FENGYUN 1C DEB,1999-025DQC,2026-08-17T04:03:25.230528,14.24094609,.00417021,99.0148,310.3340,318.8064,40.9969,0,U,35220,999,66703,.6612763E-3,.1488E-4,0
FENGYUN 1C DEB,1999-025DQF,2026-08-16T00:13:37.771680,14.92182901,.0120332,98.9777,249.1171,256.9190,101.8571,0,U,35223,999,97551,.23511835E-3,.2669E-4,0
FENGYUN 1C DEB,1999-025DQM,2026-08-14T01:33:52.438464,14.72647344,.00388858,98.4478,317.6144,168.0680,192.1456,0,U,35229,999,68089,.2038041E-2,.13106E-3,0
FENGYUN 1C DEB,1999-025DQP,2026-08-15T09:32:43.845216,14.14545240,.00380485,98.6874,269.3243,103.2108,257.3314,0,U,35231,999,94975,.10687903E-4,-.22E-6,0
FENGYUN 1C DEB,1999-025DQR,2026-08-16T18:42:30.157344,14.44823029,.00391962,98.7747,340.2857,239.3695,273.8515,0,U,35233,999,94740,.97795341E-3,.3385E-4,0
FENGYUN 1C DEB,1999-025DQS,2026-08-15T00:36:26.849664,14.67691915,.00963861,98.0463,255.6477,205.5349,154.1078,0,U,35234,999,97951,.34998688E-3,.2083E-4,0
FENGYUN 1C DEB,1999-025DQU,2026-07-19T15:14:19.041504,14.46375617,.00827685,98.8198,141.4213,255.1236,104.0777,0,U,35236,999,724,.17553657E-3,.605E-5,0
FENGYUN 1C DEB,1999-025DQX,2026-08-16T21:44:14.269344,13.69846469,.02243002,99.2946,25.7949,86.5193,276.1579,0,U,35239,999,61514,.68579684E-3,.676E-5,0
FENGYUN 1C DEB,1999-025DQY,2026-08-16T22:07:11.259840,14.25104094,.00447444,99.3589,212.2462,167.0158,193.2182,0,U,35240,999,96683,.65836341E-3,.1511E-4,0
FENGYUN 1C DEB,1999-025DQZ,2026-08-13T05:09:37.271808,14.03052195,.01341508,98.6309,146.7335,245.7781,112.9318,0,U,35241,999,91019,.83350808E-3,.136E-4,0
FENGYUN 1C DEB,1999-025DRA,2026-07-24T09:43:21.784800,13.52824810,.03007595,99.9630,264.3108,354.3207,15.9564,0,U,35242,999,61151,.26241058E-3,.186E-5,0
FENGYUN 1C DEB,1999-025DRB,2026-08-13T18:51:43.500096,14.97288824,.00549755,98.8749,340.4952,189.5691,170.4485,0,U,35243,999,94641,.10346166E-2,.1231E-3,0
FENGYUN 1C DEB,1999-025DRC,2026-08-16T08:32:25.569600,14.07048655,.00711047,98.8154,267.6682,183.7717,176.2925,0,U,35244,999,69289,.18418561E-3,.272E-5,0
FENGYUN 1C DEB,1999-025DRD,2026-08-16T17:41:29.800608,14.14480277,.00558524,99.0796,323.0947,294.1319,218.5950,0,U,35245,999,91267,.72936249E-3,.1373E-4,0
FENGYUN 1C DEB,1999-025DRP,2026-07-21T13:44:08.110176,13.83255194,.02107577,98.4219,124.0556,100.1611,262.3389,0,U,36142,999,65216,.1497986E-2,.1915E-4,0
FENGYUN 1C DEB,1999-025DRU,2026-08-11T21:20:59.953056,13.47175636,.04381,98.5058,261.7861,0.8514,359.3278,0,U,36147,999,63257,.27509E-3,.266E-5,0
FENGYUN 1C DEB,1999-025DRV,2026-08-14T08:42:50.606208,13.86922062,.0278284,98.4177,58.0226,37.7973,324.2376,0,U,36148,999,93633,.83597E-3,.129E-4,0
FENGYUN 1C DEB,1999-025DRZ,2026-08-12T09:37:48.442368,14.18178816,.00533609,98.7393,265.5007,235.2533,124.3612,0,U,36152,999,67595,.44372906E-3,.881E-5,0
FENGYUN 1C DEB,1999-025DSA,2026-08-14T17:40:51.489120,14.53174237,.00296709,98.5913,327.3112,28.1575,332.1217,0,U,36153,999,68518,.76199161E-3,.3126E-4,0
FENGYUN 1C DEB,1999-025DSH,2026-08-06T18:10:13.430496,14.13444079,.01344018,98.1357,44.1152,185.6716,174.2943,0,U,36160,999,63400,.16174554E-3,.293E-5,0
FENGYUN 1C DEB,1999-025DSK,2026-08-07T13:38:08.084832,14.05309763,.02494556,97.6202,345.1842,154.4214,206.9549,0,U,36162,999,73859,.22564841E-2,.4801E-4,0
FENGYUN 1C DEB,1999-025DSL,2026-08-17T02:24:18.368640,14.66877439,.00360933,99.0759,103.0287,39.6279,320.7549,0,U,36163,999,92805,.16857277E-2,.9464E-4,0
FENGYUN 1C DEB,1999-025DSQ,2026-08-06T00:57:33.154848,14.50916367,.00663409,98.8085,141.0537,251.4674,107.9303,0,U,36167,999,70704,.37589271E-3,.1474E-4,0
FENGYUN 1C DEB,1999-025DSW,2026-08-17T13:53:36.308544,14.25564453,.0146192,98.2398,176.5796,174.7113,185.5654,0,U,36173,999,62621,.13418213E-3,.314E-5,0
FENGYUN 1C DEB,1999-025DTA,2026-08-05T08:46:13.406880,14.19726825,.00380454,98.6101,252.7759,247.0240,112.6921,0,U,36177,999,27371,.49181502E-3,.1005E-4,0
FENGYUN 1C DEB,1999-025DTD,2026-08-07T10:09:36.673632,14.21365503,.02106116,98.4285,277.7018,59.2308,302.9422,0,U,36180,999,73959,.24505043E-3,.627E-5,0
FENGYUN 1C DEB,1999-025DTF,2026-08-16T02:14:19.493952,14.36493699,.00224131,99.0969,173.9903,76.4611,283.9068,0,U,36182,999,91492,.54005164E-3,.1541E-4,0
FENGYUN 1C DEB,1999-025DTH,2026-08-08T17:43:30.499680,14.10329365,.01302586,98.5540,204.3909,19.3926,341.2136,0,U,36184,999,65881,.77769352E-3,.1453E-4,0
FENGYUN 1C DEB,1999-025DTM,2026-08-17T06:30:48.059712,14.66554054,.00423072,98.5906,345.0889,254.6023,105.0504,0,U,36188,999,91674,.11439048E-2,.638E-4,0
FENGYUN 1C DEB,1999-025DTV,2026-07-21T18:34:32.939040,14.50236845,.00240669,99.0733,44.0020,226.3424,133.5773,0,U,36196,999,67942,.20572789E-2,.7993E-4,0
FENGYUN 1C DEB,1999-025DTX,2026-08-14T12:07:15.979584,14.09024052,.0098317,98.6056,249.8861,140.1689,220.6752,0,U,36198,999,67033,.67567E-3,.1183E-4,0
FENGYUN 1C DEB,1999-025DTY,2026-08-16T18:27:07.178976,14.29973040,.00926627,98.2765,242.9475,55.5141,305.4752,0,U,36199,999,68510,.12603186E-3,.3E-5,0
FENGYUN 1C DEB,1999-025DTZ,2026-08-15T13:07:28.341984,14.68651761,.00269471,99.3833,340.4039,344.6812,15.3571,0,U,36200,999,76957,.15649711E-2,.91E-4,0
FENGYUN 1C DEB,1999-025DUC,2026-08-15T16:38:42.842688,14.83092400,.00780911,99.1168,209.7509,96.7992,264.2111,0,U,36203,999,67069,.59473525E-3,.5041E-4,0
FENGYUN 1C DEB,1999-025DUD,2026-08-16T14:14:40.422624,14.36026307,.00199249,99.3004,349.5138,163.7403,196.4424,0,U,36204,999,97969,.48511113E-3,.1363E-4,0
FENGYUN 1C DEB,1999-025DUF,2026-08-13T20:49:49.417248,14.22184523,.00306546,98.4634,244.3414,30.0810,330.2121,0,U,36206,999,67890,.28314341E-3,.589E-5,0
FENGYUN 1C DEB,1999-025DUL,2026-08-09T05:00:41.330016,14.26822367,.02636971,98.5186,213.0775,246.6995,110.6235,0,U,36211,999,97783,.13813635E-3,.43E-5,0
FENGYUN 1C DEB,1999-025DUR,2026-08-15T07:43:48.334080,14.19165235,.00451073,98.5935,245.2638,29.7888,330.5842,0,U,36216,999,67855,.14025284E-3,.254E-5,0
FENGYUN 1C DEB,1999-025DUT,2026-08-16T02:57:04.361760,14.73771692,.00681327,99.0542,102.5555,250.5818,108.8015,0,U,36218,999,62769,.35677662E-3,.2354E-4,0
FENGYUN 1C DEB,1999-025DUX,2026-08-12T00:14:51.122688,14.45095303,.00441504,98.4960,293.3252,67.6252,292.9609,0,U,36222,999,68627,.50829931E-3,.1753E-4,0
FENGYUN 1C DEB,1999-025DUZ,2026-08-11T21:24:14.785056,14.12870853,.0115036,98.7473,271.0726,23.5501,337.0880,0,U,36224,999,67851,.44519E-4,.45E-6,0
FENGYUN 1C DEB,1999-025DVA,2026-08-16T05:20:03.703776,15.33361780,.0025687,98.8286,35.8951,185.0667,175.0315,0,U,36225,999,70515,.18012978E-2,.58979E-3,0
FENGYUN 1C DEB,1999-025DVB,2026-07-23T08:12:08.826912,14.11309317,.0097385,98.5924,242.3978,106.5329,254.6567,0,U,36226,999,66901,.89585E-3,.1652E-4,0
FENGYUN 1C DEB,1999-025DVE,2026-08-17T00:08:34.252800,14.08470012,.00997041,100.9134,145.1087,194.7927,165.0313,0,U,36229,999,66735,.76330169E-3,.1309E-4,0
FENGYUN 1C DEB,1999-025DVF,2026-08-15T11:20:12.967584,13.76121567,.02129118,99.5166,307.4122,218.8174,139.7518,0,U,36230,999,65265,.12190718E-2,.1354E-4,0
FENGYUN 1C DEB,1999-025DVG,2026-08-16T04:38:02.294304,14.12118829,.00607916,98.7167,200.9754,352.8121,7.2173,0,U,36231,999,89021,.6195646E-4,.73E-6,0
FENGYUN 1C DEB,1999-025DVH,2026-08-07T16:27:46.605312,14.12755520,.01194509,98.7263,202.4379,70.6261,290.7779,0,U,36232,999,65095,.15890141E-3,.274E-5,0
FENGYUN 1C DEB,1999-025DVK,2026-08-10T20:38:45.138624,13.45796801,.03183619,98.9711,272.9272,139.1394,223.4084,0,U,36234,999,91190,.20896606E-3,.133E-5,0
FENGYUN 1C DEB,1999-025DVM,2026-07-31T19:30:33.817824,13.82113096,.01509071,98.8230,243.7891,95.0645,266.7754,0,U,36236,999,62939,.21883453E-3,.218E-5,0
FENGYUN 1C DEB,1999-025DVP,2026-08-16T08:40:45.696000,14.12456557,.00201808,98.6770,197.6907,300.3785,59.5392,0,U,36238,999,90499,.38939551E-4,.29E-6,0
FENGYUN 1C DEB,1999-025DVV,2026-08-17T06:35:12.847200,14.26630238,.00473625,98.9390,349.5661,290.6030,69.0072,0,U,36244,999,95506,.65375923E-3,.1551E-4,0
FENGYUN 1C DEB,1999-025DVY,2026-08-16T10:58:18.982560,14.34259205,.01854275,98.2633,235.8118,16.9571,343.7701,0,U,36247,999,73798,.23445281E-3,.751E-5,0
FENGYUN 1C DEB,1999-025DWG,2026-08-16T02:20:02.153760,14.37612821,.00629605,99.4466,177.5499,169.4668,248.3872,0,U,36255,999,67549,.28722902E-3,.83E-5,0
FENGYUN 1C DEB,1999-025DWK,2026-08-16T17:10:24.925728,14.76098218,.01704248,99.0574,293.1492,75.7560,286.2508,0,U,36258,999,94464,.19528798E-3,.1634E-4,0
FENGYUN 1C DEB,1999-025DWL,2026-08-17T08:52:51.725568,14.62076527,.00030449,98.7978,13.7448,210.1453,178.7783,0,U,36259,999,75756,.14222435E-2,.7096E-4,0
FENGYUN 1C DEB,1999-025DWM,2026-08-13T10:47:33.216000,14.15529144,.00147443,98.6672,225.7877,273.3919,86.5569,0,U,36260,999,91256,.72243039E-4,.98E-6,0
FENGYUN 1C DEB,1999-025DWN,2026-08-16T12:59:10.736736,13.45667440,.03541502,101.3545,158.4060,222.8531,134.4491,0,U,36261,999,87752,.18209134E-3,.101E-5,0
FENGYUN 1C DEB,1999-025DWP,2026-08-16T23:03:02.471328,14.28096589,.00593242,98.9316,120.4891,279.0587,80.3883,0,U,36262,999,93025,.11329594E-3,.24E-5,0
FENGYUN 1C DEB,1999-025DWQ,2026-08-17T04:03:23.801472,14.48453299,.00331718,98.9819,130.5589,245.4642,114.3091,0,U,36263,999,91564,.79426848E-3,.2948E-4,0
FENGYUN 1C DEB,1999-025DWU,2026-08-16T07:12:32.338656,14.10023263,.01244959,98.5713,168.9049,228.9942,286.9910,0,U,36267,999,90003,.46443364E-3,.839E-5,0
FENGYUN 1C DEB,1999-025DWW,2026-08-12T02:19:24.635424,14.27980717,.02312356,99.1314,181.8336,301.2458,56.6252,0,U,36269,999,91174,.21839249E-3,.663E-5,0
FENGYUN 1C DEB,1999-025DWZ,2026-08-08T10:30:20.995200,14.17651831,.01672321,99.1094,108.2129,311.7923,46.9064,0,U,36272,999,66998,.13714477E-3,.272E-5,0
FENGYUN 1C DEB,1999-025DXA,2026-08-15T10:02:48.180480,14.16824094,.00971317,99.5742,120.8880,23.7907,336.7711,0,U,36273,999,69712,.12915181E-3,.22E-5,0
FENGYUN 1C DEB,1999-025DXB,2026-08-12T12:20:44.695680,14.26192944,.00574295,99.1345,313.5167,252.7284,120.0221,0,U,36274,999,66443,.96018219E-3,.2292E-4,0
FENGYUN 1C DEB,1999-025DXF,2026-08-13T12:38:53.597472,14.17745760,.00608006,99.1271,155.4194,320.6856,38.9911,0,U,36278,999,96930,.14312302E-3,.25E-5,0
FENGYUN 1C DEB,1999-025DXG,2026-08-17T04:31:20.216352,14.14848623,.00632542,98.5885,202.5719,65.8128,294.9641,0,U,36279,999,92538,.74100427E-4,.104E-5,0
FENGYUN 1C DEB,1999-025DXH,2026-08-12T13:34:17.548032,14.10428494,.00642018,98.7473,252.1098,97.7334,53.8270,0,U,36280,999,89776,.32893812E-3,.554E-5,0
FENGYUN 1C DEB,1999-025DXJ,2026-08-16T05:18:29.296224,13.61582039,.02825966,99.2542,142.5796,197.9365,161.1644,0,U,36281,999,87870,.12592387E-2,.1216E-4,0
FENGYUN 1C DEB,1999-025DXL,2026-08-09T19:25:00.681024,15.20768854,.00471129,99.4251,248.6116,346.1346,13.8585,0,U,36283,999,70298,.82695485E-3,.18701E-3,0
FENGYUN 1C DEB,1999-025DXN,2026-08-07T13:27:49.378752,13.59735476,.02827571,98.4413,330.4592,275.0272,81.8655,0,U,36644,999,64799,.69065335E-3,.63E-5,0
FENGYUN 1C DEB,1999-025DXP,2026-08-15T18:56:52.139040,13.59461292,.02966265,98.5131,346.9399,118.0237,245.1248,0,U,36645,999,60889,.85832763E-3,.815E-5,0
FENGYUN 1C DEB,1999-025DXR,2026-08-15T10:27:09.086976,13.90678500,.02313915,96.1247,289.6046,302.6811,55.2226,0,U,36647,999,33825,.10294215E-2,.1571E-4,0
FENGYUN 1C DEB,1999-025DXW,2026-08-17T04:59:01.826592,14.24601443,.00490126,98.9352,320.3482,3.1724,356.9756,0,U,36652,999,67846,.82097146E-3,.1885E-4,0
FENGYUN 1C DEB,1999-025DYA,2026-08-05T23:49:47.595072,13.54989988,.03326434,97.4302,296.1415,249.5176,106.9971,0,U,36656,999,62044,.85149528E-3,.805E-5,0
FENGYUN 1C DEB,1999-025DYB,2026-08-10T23:56:05.904384,14.67216107,.01030664,99.4288,54.5384,54.2914,306.7823,0,U,36657,999,69792,.18044797E-3,.1031E-4,0
FENGYUN 1C DEB,1999-025DYD,2026-08-13T21:29:06.544032,13.87732628,.01359085,99.8486,247.6505,151.5434,209.3228,0,U,36659,999,63811,.26688255E-3,.292E-5,0
FENGYUN 1C DEB,1999-025DYE,2026-08-11T19:08:34.406016,14.14992414,.00456491,98.6265,221.1595,259.5751,100.0276,0,U,36660,999,66804,.2971489E-3,.538E-5,0
FENGYUN 1C DEB,1999-025DYJ,2026-08-15T19:19:37.040448,14.18058886,.01734561,98.5852,249.6948,110.2423,251.7495,0,U,36664,999,67238,.5089497E-4,.8E-6,0
FENGYUN 1C DEB,1999-025DYN,2026-08-17T06:27:00.146016,14.15955490,.00501181,98.6063,236.2334,235.1541,124.4915,0,U,36668,999,60920,.32715621E-3,.61E-5,0
FENGYUN 1C DEB,1999-025DYV,2026-07-21T06:44:36.803328,14.46890599,.00246741,99.2332,221.1321,190.4905,169.5773,0,U,36675,999,70413,.1237449E-2,.4458E-4,0
FENGYUN 1C DEB,1999-025DYW,2026-08-16T12:37:44.601888,14.43888353,.0095382,98.7534,140.2034,113.6010,60.6465,0,U,36676,999,68626,.18368425E-3,.613E-5,0
FENGYUN 1C DEB,1999-025DYY,2026-08-06T18:16:19.256736,14.38493168,.01505883,98.3154,198.4939,0.9974,359.1486,0,U,36678,999,68396,.19538395E-3,.633E-5,0
FENGYUN 1C DEB,1999-025DYZ,2026-08-05T05:43:45.813216,14.05024215,.00852434,98.8562,212.3846,153.4581,207.0990,0,U,36679,999,27855,.1037039E-3,.13E-5,0
FENGYUN 1C DEB,1999-025DZA,2026-08-17T05:30:34.850592,14.19172671,.01866757,98.5656,217.9867,253.9998,117.3431,0,U,36680,999,67807,.18455681E-3,.414E-5,0
FENGYUN 1C DEB,1999-025DZB,2026-08-10T05:11:44.342880,14.10754845,.00452136,98.7062,218.2118,28.1879,332.1726,0,U,36681,999,76148,.29271939E-3,.486E-5,0
FENGYUN 1C DEB,1999-025DZC,2026-08-16T14:49:35.992416,13.70740476,.02336086,98.4683,108.5729,337.6888,21.4228,0,U,36682,999,64774,.6411985E-3,.654E-5,0
FENGYUN 1C DEB,1999-025DZG,2026-08-13T08:47:17.526048,14.80362009,.00990967,98.9831,90.4564,8.7357,351.5547,0,U,36686,999,69453,.29625599E-3,.2386E-4,0
FENGYUN 1C DEB,1999-025DZH,2026-08-08T11:54:19.815552,14.04687538,.00900835,98.7026,302.2321,315.3570,44.0369,0,U,36687,999,66074,.82644705E-4,.95E-6,0
FENGYUN 1C DEB,1999-025DZN,2026-08-05T01:29:07.555200,13.93755081,.01148267,99.9919,146.9899,109.9468,251.4101,0,U,36692,999,63083,.15469004E-3,.165E-5,0
FENGYUN 1C DEB,1999-025DZR,2026-08-12T16:01:30.968256,14.44368315,.02557722,98.2458,203.6001,111.7077,251.1553,0,U,36695,999,93074,.79394619E-4,.356E-5,0
FENGYUN 1C DEB,1999-025DZS,2026-08-16T12:28:53.882112,14.41882823,.00211345,98.9830,254.9245,320.3745,39.5897,0,U,36696,999,67949,.81263822E-3,.2619E-4,0
FENGYUN 1C DEB,1999-025DZV,2026-08-09T05:14:47.800320,14.24580103,.009406,98.5718,214.8428,151.8366,208.7947,0,U,36699,999,76736,.11382064E-3,.234E-5,0
FENGYUN 1C DEB,1999-025DZX,2026-08-08T23:02:22.939008,13.72486327,.02580723,102.7535,258.3142,68.7343,294.1142,0,U,36701,999,64419,.81006408E-3,.872E-5,0
FENGYUN 1C DEB,1999-025DZZ,2026-07-29T04:17:24.795744,14.23633136,.00956733,97.8143,357.1517,350.7374,9.2039,0,U,36703,999,61519,.13710183E-2,.324E-4,0
FENGYUN 1C DEB,1999-025EAD,2026-08-13T09:58:47.712000,14.18005437,.00500246,98.7296,272.5988,141.8455,218.6279,0,U,36707,999,67532,.33830688E-3,.658E-5,0
FENGYUN 1C DEB,1999-025EAG,2026-08-11T09:54:27.727488,14.52081994,.00659587,98.3587,284.3022,161.5266,198.8347,0,U,36710,999,68458,.46198473E-3,.1876E-4,0
FENGYUN 1C DEB,1999-025EAH,2026-08-16T11:30:43.637472,14.46164159,.00940177,100.7915,318.7324,237.2638,121.9456,0,U,36711,999,67873,.12345788E-2,.4593E-4,0
FENGYUN 1C DEB,1999-025EAN,2026-08-15T00:56:19.325184,13.88558986,.01477859,99.2278,148.6224,288.9668,69.5524,0,U,36716,999,66335,.98285669E-4,.83E-6,0
FENGYUN 1C DEB,1999-025EAR,2026-08-02T04:27:49.809888,14.36150671,.00827288,98.5477,359.0340,138.9379,221.8074,0,U,36719,999,67686,.1006947E-2,.3008E-4,0
FENGYUN 1C DEB,1999-025EAW,2026-08-10T02:50:38.402592,14.27073838,.01000465,99.4562,278.0231,233.6830,155.9483,0,U,36724,999,60899,.67745151E-3,.1689E-4,0
FENGYUN 1C DEB,1999-025EBB,2026-08-17T04:50:19.023648,14.10536362,.00448843,98.7323,208.6441,275.0449,84.5600,0,U,36729,999,90740,.10480526E-3,.145E-5,0
FENGYUN 1C DEB,1999-025EBG,2026-08-14T15:00:50.672736,14.27497603,.00335666,99.0424,286.7298,232.7468,127.0648,0,U,36734,999,86226,.64728564E-3,.1552E-4,0
FENGYUN 1C DEB,1999-025EBJ,2026-08-14T11:10:25.991040,14.27055076,.0060801,98.7949,306.0608,148.5190,211.9652,0,U,36736,999,92104,.60039E-3,.1447E-4,0
FENGYUN 1C DEB,1999-025EBR,2026-08-12T21:09:02.237760,14.30494140,.00468774,98.6367,276.4277,21.3729,338.9397,0,U,36743,999,64212,.42822782E-3,.1085E-4,0
FENGYUN 1C DEB,1999-025EBS,2026-08-17T04:33:59.328000,14.16253023,.00831329,99.1345,306.3294,263.7049,95.4651,0,U,36986,999,85245,.95240034E-3,.1905E-4,0
FENGYUN 1C DEB,1999-025EBT,2026-08-17T13:13:10.605216,13.46184330,.0316949,100.7995,134.8053,179.1104,181.0653,0,U,36987,999,64211,.51906514E-3,.371E-5,0
FENGYUN 1C DEB,1999-025EBW,2026-08-02T09:24:01.304064,13.57183814,.02910658,96.5803,91.5781,106.0541,257.2863,0,U,36990,999,86043,.42157869E-3,.376E-5,0
FENGYUN 1C DEB,1999-025ECA,2026-08-17T13:45:21.798144,13.90869601,.01150284,98.6719,180.1531,332.1542,27.3492,0,U,36994,999,84352,.95420492E-4,.85E-6,0
FENGYUN 1C DEB,1999-025ECB,2026-08-16T21:28:14.775744,14.04922338,.00387678,98.3096,92.3861,329.5147,30.3768,0,U,36995,999,67027,.72817273E-4,.79E-6,0
FENGYUN 1C DEB,1999-025ECC,2026-08-16T04:18:42.288768,14.12840158,.02506601,98.2530,5.9093,357.9776,177.9220,0,U,36996,999,63170,.27852714E-3,.655E-5,0
FENGYUN 1C DEB,1999-025ECK,2026-08-15T19:27:05.174784,13.96628688,.00953535,98.8301,246.7204,202.4514,333.5497,0,U,37003,999,64091,.46746886E-3,.631E-5,0
FENGYUN 1C DEB,1999-025ECQ,2026-08-10T19:07:50.794752,14.08583217,.0057721,99.1553,349.8376,305.0338,54.5423,0,U,37008,999,63707,.35880823E-3,.58E-5,0
FENGYUN 1C DEB,1999-025ECZ,2026-08-12T03:21:42.162912,14.43329134,.02738411,98.8118,181.6456,2.1491,358.0807,0,U,37017,999,64655,.59107333E-3,.3084E-4,0
FENGYUN 1C DEB,1999-025EDA,2026-08-13T08:00:41.939136,14.47651645,.01864675,98.4987,84.3534,264.8220,93.1670,0,U,37018,999,67046,.11596787E-2,.5269E-4,0
FENGYUN 1C DEB,1999-025EDB,2026-08-12T11:04:26.370912,14.36299927,.01658746,98.5721,312.1676,326.4576,32.6192,0,U,37019,999,68243,.22699531E-3,.725E-5,0
FENGYUN 1C DEB,1999-025EDD,2026-08-09T21:17:22.256160,14.33350493,.0172947,98.3753,235.8671,258.0645,223.2389,0,U,37021,999,73493,.23452148E-3,.715E-5,0
FENGYUN 1C DEB,1999-025EDL,2026-08-11T12:43:46.134912,14.24538271,.00326776,99.2413,148.5300,126.9328,233.4850,0,U,37028,999,63916,.63302299E-3,.1428E-4,0
FENGYUN 1C DEB,1999-025EDU,2026-08-11T18:07:46.724160,14.03821659,.01241959,98.7301,211.7814,96.2853,265.2477,0,U,37036,999,67143,.36957479E-3,.583E-5,0
FENGYUN 1C DEB,1999-025EEA,2026-08-13T15:51:35.586720,14.84240391,.00438,98.6061,7.6010,335.5900,24.3238,0,U,37042,999,76406,.69909559E-3,.5892E-4,0
FENGYUN 1C DEB,1999-025EEC,2026-08-10T23:56:42.070560,13.73315443,.04970842,98.9645,319.5395,240.7084,114.3523,0,U,37044,999,87167,.15802495E-2,.3555E-4,0
FENGYUN 1C DEB,1999-025EEE,2026-08-08T06:38:31.115328,14.25588274,.0048635,98.5360,233.2223,332.5008,27.3600,0,U,37046,999,67579,.36076E-3,.822E-5,0
FENGYUN 1C DEB,1999-025EEF,2026-08-13T22:07:21.821376,13.84670050,.02288618,99.1197,277.0854,279.0659,78.4665,0,U,37047,999,65461,.88471632E-3,.1174E-4,0
FENGYUN 1C DEB,1999-025EEG,2026-08-09T08:50:01.419072,13.65307077,.0251749,98.8631,67.6035,242.0885,296.8040,0,U,37048,999,65439,.18250906E-3,.144E-5,0
FENGYUN 1C DEB,1999-025EEH,2026-08-06T06:39:40.970592,14.44160792,.00319849,99.2568,233.9276,213.1540,146.7644,0,U,37049,999,67149,.76311419E-3,.2582E-4,0
FENGYUN 1C DEB,1999-025EEM,2026-08-16T04:11:01.077792,14.56647744,.00413088,99.1579,2.4552,149.1415,336.3235,0,U,37053,999,68622,.74368491E-3,.3302E-4,0
FENGYUN 1C DEB,1999-025EEN,2026-08-16T05:25:13.067616,14.19753662,.01010274,98.5743,207.6730,112.3534,248.8387,0,U,37054,999,67926,.13205525E-3,.253E-5,0
FENGYUN 1C DEB,1999-025EEQ,2026-08-16T20:47:32.665056,14.51369158,.02663034,98.9573,272.7566,121.8223,240.9197,0,U,37056,999,68995,.20766031E-3,.1249E-4,0
FENGYUN 1C DEB,1999-025EER,2026-08-11T19:47:35.029536,13.96436847,.02833263,98.9145,236.4783,191.8074,167.6351,0,U,37057,999,66976,.37581775E-3,.685E-5,0
FENGYUN 1C DEB,1999-025EEU,2026-07-31T22:18:39.550752,14.00913363,.00810932,99.0618,273.8648,71.0342,289.9589,0,U,37060,999,65943,.11951734E-3,.14E-5,0
FENGYUN 1C DEB,1999-025EEV,2026-08-13T19:40:22.575936,13.15477466,.07994426,98.0563,239.5762,119.6054,248.7141,0,U,37061,999,11362,.36481081E-3,.712E-5,0
FENGYUN 1C DEB,1999-025EEY,2026-08-17T03:38:26.708064,14.19151745,.01034251,98.9070,26.9572,116.2341,244.9510,0,U,37064,999,85041,.18588432E-2,.4061E-4,0
FENGYUN 1C DEB,1999-025EEZ,2026-08-11T23:16:15.100608,13.60098277,.0294229,103.2840,129.1671,75.7064,287.6542,0,U,37065,999,25494,.19671E-2,.1887E-4,0
FENGYUN 1C DEB,1999-025EFB,2026-08-11T03:59:30.380640,14.03470494,.01296775,99.5111,180.6866,169.0252,191.3790,0,U,37067,999,60792,.1581238E-2,.262E-4,0
FENGYUN 1C DEB,1999-025EFD,2026-08-14T21:52:39.621216,13.39012923,.0423659,95.8470,99.1053,315.8140,40.9874,0,U,37069,999,90988,.64162E-3,.559E-5,0
FENGYUN 1C DEB,1999-025EFM,2026-08-16T05:20:31.419168,14.41763996,.00942795,99.0217,322.1750,320.0614,39.3664,0,U,37077,999,88506,.12982959E-3,.394E-5,0
FENGYUN 1C DEB,1999-025EFP,2026-08-11T05:34:01.356096,14.68066641,.0011838,98.8647,21.5157,119.0251,241.2139,0,U,37079,999,68150,.95067E-3,.5409E-4,0
FENGYUN 1C DEB,1999-025EFR,2026-08-11T16:38:57.092640,14.22070913,.02465118,98.6834,16.3627,13.8210,346.9557,0,U,37081,999,62004,.94032466E-3,.2789E-4,0
FENGYUN 1C DEB,1999-025EFS,2026-08-17T07:27:55.374048,13.63922266,.04003356,98.8395,49.8773,207.8625,150.0558,0,U,37400,999,83568,.31199417E-3,.388E-5,0
FENGYUN 1C DEB,1999-025EFW,2026-08-16T11:36:23.734656,14.32480644,.00443671,98.4570,230.1245,151.1747,0.6519,0,U,37404,999,86272,.24548253E-3,.63E-5,0
FENGYUN 1C DEB,1999-025EFY,2026-08-11T21:20:38.028192,14.04967752,.0148174,98.4239,84.0700,301.0050,70.8113,0,U,37406,999,66632,.39095078E-3,.653E-5,0
FENGYUN 1C DEB,1999-025EGH,2026-08-12T11:23:44.675232,13.52224763,.02829976,98.9852,314.7104,282.7266,74.2381,0,U,37415,999,65602,.24861158E-3,.17E-5,0
FENGYUN 1C DEB,1999-025EGK,2026-08-14T05:02:36.846816,14.07632590,.00780047,98.8122,217.8600,293.2302,66.0667,0,U,37417,999,71789,.12310101E-3,.17E-5,0
FENGYUN 1C DEB,1999-025EGL,2026-08-06T05:56:41.549568,11.95409671,.10723492,98.5936,36.4629,212.0203,141.1147,0,U,37418,999,52310,.25817045E-2,.1038E-4,0
FENGYUN 1C DEB,1999-025EGN,2026-08-08T18:44:13.377696,13.99974912,.00731631,98.8780,208.5083,330.4512,29.2528,0,U,37420,999,63109,.3694781E-4,.12E-6,0
FENGYUN 1C DEB,1999-025EGP,2026-08-17T05:52:13.593792,13.40741913,.04068012,98.9071,159.9153,183.6182,176.1984,0,U,37421,999,64262,.30290703E-3,.235E-5,0
FENGYUN 1C DEB,1999-025EGR,2026-08-12T23:05:45.502080,14.08105189,.00484241,98.7647,273.3567,192.4249,167.5731,0,U,37423,999,67032,.24599735E-3,.381E-5,0
FENGYUN 1C DEB,1999-025EGS,2026-08-11T00:34:40.174176,14.18953431,.02108852,97.2105,311.6226,280.4307,77.3171,0,U,37424,999,71994,.28889662E-3,.716E-5,0
FENGYUN 1C DEB,1999-025EGV,2026-08-15T06:48:39.522528,15.01704105,.01691614,98.6447,41.1753,209.6710,149.4835,0,U,37427,999,64004,.23803248E-3,.4124E-4,0
FENGYUN 1C DEB,1999-025EGW,2026-08-11T07:29:13.423488,14.37160085,.00560881,97.7039,65.7548,85.5855,275.1739,0,U,37428,999,66903,.74013267E-3,.2205E-4,0
FENGYUN 1C DEB,1999-025EGX,2026-08-07T04:33:45.736416,14.09979449,.01041228,98.6592,205.2959,45.3445,315.6155,0,U,37429,999,66432,.27521167E-3,.469E-5,0
FENGYUN 1C DEB,1999-025EGY,2026-08-10T11:47:18.691584,14.30826412,.00191847,98.7550,303.0214,87.9943,272.3437,0,U,37430,999,65142,.6774355E-3,.1735E-4,0
FENGYUN 1C DEB,1999-025EHA,2026-08-16T06:47:48.073056,14.55156744,.01772669,98.1763,241.2469,244.6788,113.5956,0,U,37432,999,11960,.19493118E-3,.984E-5,0
FENGYUN 1C DEB,1999-025EHD,2026-08-16T19:47:58.953696,14.23365750,.00403288,98.6278,265.3739,19.3184,340.9512,0,U,37435,999,92453,.47554767E-3,.1044E-4,0
FENGYUN 1C DEB,1999-025EHE,2026-08-17T09:39:38.303424,14.06730734,.00590372,98.9059,285.3600,173.7971,186.3941,0,U,37436,999,67480,.1541646E-3,.217E-5,0
FENGYUN 1C DEB,1999-025EHF,2026-08-14T05:49:18.274368,14.19344287,.0113026,98.6016,215.8394,62.8309,311.0964,0,U,37437,999,67459,.2193E-3,.449E-5,0
FENGYUN 1C DEB,1999-025EHG,2026-08-07T09:20:47.422464,14.16051633,.00273302,98.7173,258.4940,261.8500,97.9574,0,U,37438,999,63498,.29687937E-3,.545E-5,0
FENGYUN 1C DEB,1999-025EHK,2026-08-05T18:19:14.704896,13.14665379,.05071894,99.1425,38.2850,211.6119,145.3592,0,U,37441,999,85273,.96872383E-3,.655E-5,0
FENGYUN 1C DEB,1999-025EHN,2026-08-13T13:34:28.803360,14.49978628,.02384704,99.0778,329.6933,339.8238,19.3648,0,U,37444,999,68682,.15762156E-3,.81E-5,0
FENGYUN 1C DEB,1999-025EHS,2026-08-14T10:16:05.469312,13.88235351,.0305078,99.3032,295.6678,121.5384,241.5953,0,U,37448,999,65769,.78845E-3,.1324E-4,0
FENGYUN 1C DEB,1999-025EHX,2026-08-13T22:32:10.959936,13.68784969,.03596048,97.6340,117.1602,297.2800,59.2155,0,U,37453,999,92964,.77401193E-3,.1014E-4,0
FENGYUN 1C DEB,1999-025EJB,2026-07-26T00:37:29.383392,14.24314717,.00636777,99.0915,287.8246,148.7545,211.7442,0,U,37457,999,63276,.18613196E-2,.4346E-4,0
FENGYUN 1C DEB,1999-025EJE,2026-08-14T22:33:07.989120,14.51262788,.0051287,98.3922,46.5618,261.0054,98.5334,0,U,37460,999,86042,.70491E-3,.2804E-4,0
FENGYUN 1C DEB,1999-025EJF,2026-08-10T09:38:22.871040,12.79737145,.06568779,99.8635,87.0439,158.6621,204.3271,0,U,37461,999,55112,.19190322E-2,.105E-4,0
FENGYUN 1C DEB,1999-025EJJ,2026-08-17T05:24:39.416544,13.48595262,.04495877,102.7124,225.6344,294.9064,60.5971,0,U,37464,999,64256,.11117355E-2,.1223E-4,0
FENGYUN 1C DEB,1999-025EJU,2026-08-16T22:38:34.709856,14.79527754,.01240247,99.1390,112.4959,83.7499,277.7820,0,U,37474,999,66026,.71012517E-3,.5983E-4,0
FENGYUN 1C DEB,1999-025EJW,2026-08-17T14:54:17.345376,11.91516791,.10734265,98.9447,180.8476,103.6328,268.6386,0,U,37476,999,70395,.18939381E-2,.707E-5,0
FENGYUN 1C DEB,1999-025EJX,2026-08-14T05:34:18.789024,14.20341944,.0038807,98.6073,229.2447,117.7855,242.7265,0,U,37477,999,85384,.32303E-3,.654E-5,0
FENGYUN 1C DEB,1999-025EJY,2026-08-17T08:14:22.668288,13.03752085,.05451155,99.6551,191.5866,108.2373,257.8832,0,U,37478,999,59787,.32507984E-2,.2067E-4,0
FENGYUN 1C DEB,1999-025EKH,2026-08-09T11:14:50.499456,14.10366305,.01166335,99.0690,130.8759,313.3214,45.8278,0,U,37589,999,85961,.12779018E-2,.2372E-4,0
FENGYUN 1C DEB,1999-025EKK,2026-08-16T01:43:28.372224,14.62162893,.00623541,98.4043,182.0222,317.0145,108.4108,0,U,37591,999,70054,.22163242E-2,.1143E-3,0
FENGYUN 1C DEB,1999-025EKM,2026-08-16T12:24:25.337088,14.38213981,.01473433,99.0004,122.5730,110.7206,12.6310,0,U,37593,999,89666,.45446287E-3,.1514E-4,0
FENGYUN 1C DEB,1999-025EKN,2026-08-12T12:27:42.252192,14.11328717,.00845862,98.7119,251.9624,301.0138,58.2746,0,U,37594,999,81186,.10171275E-3,.147E-5,0
FENGYUN 1C DEB,1999-025EKP,2026-08-17T04:05:12.529824,14.85410223,.00192198,99.0409,113.9995,318.7726,196.0331,0,U,37595,999,66262,.22000848E-2,.18995E-3,0
FENGYUN 1C DEB,1999-025EKU,2026-08-14T04:21:16.292448,13.85538683,.03537572,98.9302,16.4886,108.8684,255.1176,0,U,37600,999,91869,.10185942E-2,.1858E-4,0
FENGYUN 1C DEB,1999-025EKX,2026-08-16T22:19:02.329248,13.72858228,.02287092,98.5787,214.7157,58.5352,303.7935,0,U,37682,999,65824,.91435074E-3,.98E-5,0
FENGYUN 1C DEB,1999-025EKY,2026-07-25T10:19:37.396416,13.32869478,.05802026,97.9890,82.9329,272.3923,270.9841,0,U,37683,999,32232,.69362636E-3,.843E-5,0
FENGYUN 1C DEB,1999-025ELB,2026-08-08T18:03:31.150368,13.35553916,.03951582,99.0173,216.8969,168.9295,5.4172,0,U,37686,999,63817,.33531142E-3,.23E-5,0
FENGYUN 1C DEB,1999-025ELC,2026-08-16T06:57:02.292768,13.87687062,.0332209,98.1892,238.4404,37.8035,334.6796,0,U,37687,999,86671,.16675544E-2,.3027E-4,0
FENGYUN 1C DEB,1999-025ELE,2026-08-12T14:43:01.782912,14.52500200,.00196527,98.9095,284.8272,220.4608,139.5125,0,U,37689,999,61334,.7826244E-3,.3153E-4,0
FENGYUN 1C DEB,1999-025ELF,2026-08-03T22:03:58.053024,14.17907549,.00388246,98.7377,258.5403,346.8820,137.8460,0,U,37690,999,67083,.59434862E-3,.118E-4,0
FENGYUN 1C DEB,1999-025ELG,2026-08-12T23:33:49.648032,14.66031006,.02538505,98.3583,137.1699,110.8694,251.9889,0,U,37691,999,89189,.69501448E-3,.6114E-4,0
FENGYUN 1C DEB,1999-025ELJ,2026-08-11T22:45:53.056800,14.08960380,.0072762,98.7022,220.2727,110.0961,281.3390,0,U,37693,999,65559,.22276E-3,.353E-5,0
FENGYUN 1C DEB,1999-025ELK,2026-08-12T09:39:00.079200,14.18373210,.01476116,98.1863,278.2584,106.2975,310.7579,0,U,37694,999,55142,.59835594E-3,.1337E-4,0
FENGYUN 1C DEB,1999-025ELL,2026-08-17T06:48:42.839424,13.65733761,.04593604,98.1861,240.2927,318.0068,50.4262,0,U,37695,999,92630,.42847412E-3,.687E-5,0
FENGYUN 1C DEB,1999-025ELV,2026-08-16T22:19:50.383200,13.71088648,.02404007,98.3372,34.4223,234.5417,282.1439,0,U,37704,999,65751,.83172892E-3,.876E-5,0
FENGYUN 1C DEB,1999-025ELY,2026-08-12T09:51:31.055904,14.57680765,.01407308,100.2011,287.9044,38.5874,26.5719,0,U,37707,999,89100,.14873937E-3,.701E-5,0
FENGYUN 1C DEB,1999-025EMD,2026-08-15T15:52:58.440000,14.37085351,.00781975,98.8506,18.0907,348.2470,23.7868,0,U,37712,999,67492,.13837157E-3,.377E-5,0
FENGYUN 1C DEB,1999-025EMF,2026-07-29T19:10:13.760832,14.34538111,.00494261,98.9023,333.8176,131.0255,229.5218,0,U,37714,999,60791,.17275109E-2,.4899E-4,0
FENGYUN 1C DEB,1999-025EMG,2026-08-15T07:20:58.754112,13.95748626,.01139839,98.9554,233.2113,156.8371,216.9109,0,U,37715,999,61229,.44336949E-3,.596E-5,0
FENGYUN 1C DEB,1999-025EMH,2026-07-31T22:49:44.212224,14.30387051,.0031398,98.6661,278.3759,249.2446,291.0423,0,U,37716,999,63874,.71578E-3,.1826E-4,0
FENGYUN 1C DEB,1999-025EMJ,2026-08-16T17:53:26.988000,15.11959063,.00399095,98.7466,221.2388,18.0153,156.6515,0,U,37717,999,93109,.16383054E-2,.28653E-3,0
FENGYUN 1C DEB,1999-025EML,2026-08-12T00:58:31.173312,14.58440191,.00418747,99.4805,288.6410,256.3303,223.2917,0,U,37719,999,3768,.29127744E-3,.1306E-4,0
FENGYUN 1C DEB,1999-025EMZ,2026-08-08T06:14:01.326048,14.04952176,.0207525,102.3062,25.2143,8.0801,352.3613,0,U,37900,999,63162,.62156E-3,.114E-4,0
FENGYUN 1C DEB,1999-025ENB,2026-08-07T18:52:19.246368,13.53482383,.03209832,98.6765,56.1576,52.3897,310.5925,0,U,37902,999,66196,.91177068E-3,.815E-5,0
FENGYUN 1C DEB,1999-025ENF,2026-08-03T08:42:37.253952,13.81065312,.0164133,99.5758,264.7093,134.1113,287.6536,0,U,37906,999,62680,.33212321E-3,.344E-5,0
FENGYUN 1C DEB,1999-025ENG,2026-08-17T03:51:57.769920,14.25851403,.00600074,99.0882,355.6602,191.9367,168.0393,0,U,37907,999,86796,.12186604E-2,.2908E-4,0
FENGYUN 1C DEB,1999-025ENH,2026-08-11T08:47:26.001888,14.37242270,.00739716,99.1272,275.0753,170.7310,189.5259,0,U,37908,999,67531,.20553247E-3,.582E-5,0
FENGYUN 1C DEB,1999-025ENL,2026-08-11T17:01:06.978720,13.98462445,.01400888,99.2885,310.9969,167.4185,193.0533,0,U,37911,999,80090,.7128661E-3,.1064E-4,0
FENGYUN 1C DEB,1999-025ENM,2026-08-16T21:20:38.570784,14.13267362,.00913042,99.2348,210.0160,87.2257,273.9360,0,U,37912,999,80777,.11098777E-2,.2118E-4,0
FENGYUN 1C DEB,1999-025ENP,2026-07-21T05:44:56.525568,14.16950948,.0069619,99.2061,207.8087,93.0674,267.8469,0,U,37914,999,65310,.60995374E-3,.1207E-4,0
FENGYUN 1C DEB,1999-025ENS,2026-07-31T12:25:34.505472,14.14797953,.00473496,98.9304,315.4863,113.9996,246.6144,0,U,37917,999,67086,.69572422E-3,.1312E-4,0
FENGYUN 1C DEB,1999-025ENT,2026-08-17T08:41:59.279424,14.35227627,.00540293,99.0527,195.3887,279.9709,79.5380,0,U,37918,999,7093,.27653777E-3,.755E-5,0
FENGYUN 1C DEB,1999-025ENU,2026-08-14T01:18:48.044736,14.27273278,.00495434,99.0784,177.9430,32.0594,328.3582,0,U,37919,999,68393,.18966936E-3,.422E-5,0
FENGYUN 1C DEB,1999-025ENW,2026-08-07T22:47:46.983840,13.95280977,.0083988,98.9926,260.4754,165.0742,195.2927,0,U,37921,999,66469,.48965E-4,.25E-6,0
FENGYUN 1C DEB,1999-025EPA,2026-08-11T11:16:26.762880,14.85627333,.00490931,99.0632,130.2673,301.4090,58.2324,0,U,37925,999,69266,.41905634E-3,.3637E-4,0
FENGYUN 1C DEB,1999-025EPB,2026-08-17T03:54:26.497152,14.25660459,.00518179,98.7064,295.5668,221.7884,165.2421,0,U,37926,999,77794,.69735544E-3,.1632E-4,0
FENGYUN 1C DEB,1999-025EPC,2026-08-17T05:32:47.224896,14.85176611,.00062823,98.8177,41.4665,196.0912,164.0101,0,U,37927,999,68775,.1794082E-2,.15339E-3,0
FENGYUN 1C DEB,1999-025EPD,2026-08-13T03:20:51.674208,14.37914470,.007273,98.8880,113.3340,35.9208,324.6836,0,U,37928,999,84689,.22820792E-3,.663E-5,0
FENGYUN 1C DEB,1999-025EPM,2026-08-17T08:06:57.354912,14.17464519,.00720829,98.6915,267.8143,155.9183,266.6405,0,U,38116,999,67992,.17908239E-3,.33E-5,0
FENGYUN 1C DEB,1999-025EPQ,2026-08-12T10:13:34.305600,14.19188980,.02195801,98.5897,294.7598,249.9420,107.8001,0,U,38119,999,57447,.15925081E-2,.4197E-4,0
FENGYUN 1C DEB,1999-025EPS,2026-08-11T04:27:59.031360,14.22793269,.0204175,99.1412,28.3516,157.4176,203.6146,0,U,38121,999,87352,.44144E-3,.1176E-4,0
FENGYUN 1C DEB,1999-025EPT,2026-08-08T06:11:03.755040,14.43703120,.0225075,98.3232,222.3742,154.2488,207.0115,0,U,38122,999,71179,.16364E-3,.704E-5,0
FENGYUN 1C DEB,1999-025EPV,2026-07-22T11:02:06.005472,13.41032684,.03573679,97.8206,111.3083,91.7792,272.4302,0,U,38124,999,57553,.24227169E-3,.169E-5,0
FENGYUN 1C DEB,1999-025EQB,2026-08-17T13:19:52.328928,13.78119135,.02035414,98.5924,263.0270,277.7968,80.0122,0,U,38130,999,72695,.98137183E-3,.1111E-4,0
FENGYUN 1C DEB,1999-025EQG,2026-08-03T21:46:36.902784,14.25883981,.02213794,98.6329,274.5930,108.3945,254.1444,0,U,38135,999,64377,.37112423E-3,.1097E-4,0
FENGYUN 1C DEB,1999-025EQJ,2026-08-15T09:07:03.680544,14.06371734,.00470357,98.8358,269.5897,99.7927,260.8557,0,U,38137,999,67161,.55219247E-4,.49E-6,0
FENGYUN 1C DEB,1999-025EQQ,2026-08-13T23:38:17.317824,14.05331926,.00540418,99.0017,285.3278,261.9540,97.5493,0,U,38143,999,63713,.15315024E-3,.206E-5,0
FENGYUN 1C DEB,1999-025EQR,2026-08-14T06:13:13.209888,13.59593164,.0287497,98.9852,35.5864,279.1279,77.7444,0,U,38144,999,64359,.70157E-3,.641E-5,0
FENGYUN 1C DEB,1999-025EQT,2026-08-17T14:30:45.838080,14.61865844,.01950764,99.4865,350.8522,77.8592,296.7799,0,U,38146,999,35498,.45000521E-3,.2882E-4,0
FENGYUN 1C DEB,1999-025EQU,2026-08-05T07:03:48.914496,14.24042667,.00496487,98.5493,230.1259,335.0425,24.8354,0,U,38147,999,63739,.32953833E-3,.724E-5,0
FENGYUN 1C DEB,1999-025EQV,2026-08-17T13:33:41.005152,13.97329926,.01573,99.0610,345.8694,162.9435,197.7100,0,U,38148,999,63096,.11280129E-2,.1714E-4,0
FENGYUN 1C DEB,1999-025EQW,2026-08-14T05:17:22.437312,14.26184183,.0077671,98.3743,212.5322,162.6555,197.7306,0,U,38149,999,73972,.8228515E-4,.162E-5,0
FENGYUN 1C DEB,1999-025ERC,2026-08-16T12:48:33.525504,14.27668137,.00945831,98.4378,129.1931,121.4109,239.6365,0,U,38155,999,67294,.13889187E-2,.3551E-4,0
FENGYUN 1C DEB,1999-025ERE,2026-08-14T13:19:44.723136,14.22950071,.0270092,99.6564,162.1130,145.9163,215.9690,0,U,38157,999,79728,.19892E-3,.592E-5,0
FENGYUN 1C DEB,1999-025ERF,2026-08-07T21:11:14.839296,13.72238835,.0213723,99.2678,244.0967,184.3213,175.6095,0,U,38158,999,60148,.55631E-3,.554E-5,0
FENGYUN 1C DEB,1999-025ERG,2026-08-10T23:31:17.951232,14.03787100,.00575436,99.2939,125.2427,36.7797,323.7296,0,U,38159,999,86496,.76733956E-4,.76E-6,0
FENGYUN 1C DEB,1999-025ERL,2026-08-01T09:03:24.008544,14.06456091,.00742725,99.1065,256.4721,319.1175,40.4436,0,U,38163,999,27797,.43404869E-3,.69E-5,0
FENGYUN 1C DEB,1999-025ERP,2026-08-16T13:43:20.055360,14.34426580,.0051085,99.0820,348.3664,48.7888,311.7682,0,U,38166,999,67307,.11898934E-2,.3353E-4,0
FENGYUN 1C DEB,1999-025ERR,2026-08-08T01:58:33.424320,14.36757440,.00415333,98.7871,322.1907,130.1066,230.3772,0,U,38168,999,67885,.72171209E-3,.2105E-4,0
FENGYUN 1C DEB,1999-025ERS,2026-08-14T06:21:09.478656,14.79041789,.0027583,98.9865,232.4736,28.5915,331.6799,0,U,38169,999,64875,.85784E-3,.6324E-4,0
FENGYUN 1C DEB,1999-025ERV,2026-08-01T02:18:52.337376,13.54966344,.028119,100.4212,322.2673,122.8828,239.9701,0,U,38172,999,64805,.43274E-3,.336E-5,0
FENGYUN 1C DEB,1999-025ERW,2026-08-13T13:18:51.653664,14.38970168,.01598951,98.9880,142.3507,114.7669,247.0249,0,U,38173,999,64148,.39367578E-3,.1357E-4,0
FENGYUN 1C DEB,1999-025ESB,2026-08-08T11:00:04.839840,13.95980564,.0225943,98.6052,281.5948,206.4398,152.5094,0,U,38492,999,59332,.21093E-2,.354E-4,0
FENGYUN 1C DEB,1999-025ESC,2026-08-03T13:32:26.988864,13.62561946,.04269199,99.1055,165.0942,358.6682,1.3294,0,U,38493,999,59682,.3653627E-3,.484E-5,0
FENGYUN 1C DEB,1999-025ESD,2026-08-09T18:20:28.456800,14.03745971,.03760333,98.4435,160.0178,50.3742,312.9985,0,U,38494,999,10518,.20729245E-2,.6096E-4,0
FENGYUN 1C DEB,1999-025ESE,2026-08-14T06:04:40.755072,13.70336128,.0246792,99.1584,236.0738,218.5031,139.8285,0,U,38495,999,64460,.11418E-2,.1208E-4,0
FENGYUN 1C DEB,1999-025ESF,2026-07-29T18:26:40.715520,14.10629332,.00789875,98.7597,219.6950,77.9710,283.0300,0,U,38496,999,84249,.69870298E-3,.1241E-4,0
FENGYUN 1C DEB,1999-025ESH,2026-08-16T18:03:24.814656,12.97009580,.05525163,99.6944,227.2143,230.3048,124.8092,0,U,38498,999,56945,.14487209E-2,.805E-5,0
FENGYUN 1C DEB,1999-025ESJ,2026-08-14T02:35:44.000160,13.76282224,.02230763,98.4053,98.7248,202.6604,156.4581,0,U,38499,999,78920,.62636998E-3,.696E-5,0
FENGYUN 1C DEB,1999-025ESK,2026-08-03T10:21:58.162752,13.83987255,.0195954,98.6424,289.4724,316.2987,42.2797,0,U,38500,999,26446,.10516064E-2,.1315E-4,0
FENGYUN 1C DEB,1999-025ESX,2026-08-16T13:29:30.005376,13.74583494,.0224888,98.3626,85.2440,159.2111,201.8369,0,U,38512,999,62960,.5873968E-3,.634E-5,0
FENGYUN 1C DEB,1999-025ESY,2026-08-06T12:42:56.844576,14.82750599,.02273063,97.6067,113.0584,190.6665,168.9686,0,U,38513,999,67158,.28219114E-3,.3531E-4,0
FENGYUN 1C DEB,1999-025ESZ,2026-08-11T06:34:58.458144,14.20649912,.0255809,98.0434,235.9671,27.0596,334.3656,0,U,38514,999,91421,.15222E-2,.4521E-4,0
FENGYUN 1C DEB,1999-025ETB,2026-08-17T05:08:25.018080,14.34232971,.01114905,98.4649,212.7561,110.1975,251.1241,0,U,38516,999,88420,.60482944E-4,.138E-5,0
FENGYUN 1C DEB,1999-025ETE,2026-07-26T04:10:38.993952,13.88419013,.01681182,99.5476,192.9881,160.9355,199.8196,0,U,38519,999,87865,.14477295E-2,.1898E-4,0
FENGYUN 1C DEB,1999-025ETJ,2026-08-02T21:57:38.255040,14.21282094,.00562349,99.1475,243.3193,52.3782,68.3384,0,U,38717,999,61737,.91053399E-3,.197E-4,0
FENGYUN 1C DEB,1999-025ETP,2026-08-10T15:17:21.097536,14.65681784,.01317556,99.3606,357.6574,86.5604,275.0656,0,U,38722,999,73984,.83989036E-3,.5131E-4,0
FENGYUN 1C DEB,1999-025ETR,2026-08-17T11:23:51.855072,14.18135426,.01234809,98.7329,238.9451,81.5996,279.9156,0,U,38724,999,60132,.20273556E-2,.4448E-4,0
FENGYUN 1C DEB,1999-025ETS,2026-08-17T08:25:27.076512,14.46511355,.00319211,98.8877,10.6548,235.2640,124.5544,0,U,38725,999,76928,.12933353E-2,.4639E-4,0
FENGYUN 1C DEB,1999-025ETU,2026-08-10T22:22:59.229408,14.05301741,.0100626,98.6114,213.0247,262.4160,125.8674,0,U,38727,999,75219,.60662E-3,.985E-5,0
FENGYUN 1C DEB,1999-025ETX,2026-08-07T22:59:21.973344,14.64634986,.0209437,98.3328,301.7751,101.2769,261.2047,0,U,38783,999,83422,.51892E-3,.375E-4,0
FENGYUN 1C DEB,1999-025EUD,2026-08-06T12:56:49.053696,14.47188460,.02043346,98.8336,120.1967,35.1865,87.3590,0,U,38789,999,65269,.41353643E-3,.1904E-4,0
FENGYUN 1C DEB,1999-025EUK,2026-08-13T18:31:43.069728,13.30833873,.04991798,98.6990,216.7428,9.1637,351.8198,0,U,38795,999,81757,.70466186E-3,.632E-5,0
FENGYUN 1C DEB,1999-025EUM,2026-08-14T10:28:37.762752,13.61859333,.0245286,99.4599,117.3360,316.4555,41.7451,0,U,38797,999,62613,.13821E-3,.85E-6,0
FENGYUN 1C DEB,1999-025EUP,2026-08-13T12:02:49.921152,14.50895733,.01582447,98.3885,305.1501,326.2247,32.8943,0,U,38799,999,67571,.25303096E-3,.1119E-4,0
FENGYUN 1C DEB,1999-025EUR,2026-08-15T09:24:25.273152,14.25960861,.03426883,98.3439,272.0360,348.8914,22.1374,0,U,38801,999,67860,.19427572E-3,.806E-5,0
FENGYUN 1C DEB,1999-025EUT,2026-07-31T00:14:58.490016,14.25618402,.00647748,99.1330,230.1117,96.5693,264.2864,0,U,38803,999,63491,.14574332E-2,.3483E-4,0
FENGYUN 1C DEB,1999-025EUZ,2026-08-17T06:19:04.865664,14.18793131,.02209883,98.5861,236.7828,333.6974,25.3114,0,U,38809,999,72715,.26077276E-3,.644E-5,0
FENGYUN 1C DEB,1999-025EVC,2026-08-12T06:32:26.705184,13.68206120,.02589602,98.4197,40.9225,101.7907,261.2411,0,U,38812,999,49501,.70510754E-3,.726E-5,0
FENGYUN 1C DEB,1999-025EVD,2026-08-12T07:46:27.729120,14.20645670,.0006719,99.3466,240.2054,142.7553,217.4089,0,U,38813,999,51694,.20050136E-3,.383E-5,0
FENGYUN 1C DEB,1999-025EVH,2026-08-17T08:09:38.321568,13.58410440,.02895393,98.5799,74.1649,118.1726,244.8987,0,U,38817,999,69195,.77488552E-3,.707E-5,0
FENGYUN 1C DEB,1999-025EVJ,2026-08-16T09:20:46.255200,14.40085221,.00880036,98.2692,281.5784,76.8774,345.6091,0,U,38818,999,70797,.18535327E-3,.569E-5,0
FENGYUN 1C DEB,1999-025EVK,2026-08-16T18:05:54.239136,14.19810448,.00789337,98.6331,220.2582,201.2293,335.1109,0,U,38819,999,66982,.18639425E-3,.364E-5,0
FENGYUN 1C DEB,1999-025EVQ,2026-08-16T08:35:23.718624,14.16531213,.00940452,99.2984,17.4270,229.1790,130.1199,0,U,38824,999,72626,.1517931E-2,.3109E-4,0
FENGYUN 1C DEB,1999-025EVT,2026-08-14T19:38:59.911008,14.34142341,.0212458,98.3701,247.1591,303.4822,54.6217,0,U,38827,999,64571,.26960812E-3,.921E-5,0
FENGYUN 1C DEB,1999-025EVV,2026-08-13T11:31:12.612576,14.09669687,.00420222,98.7391,239.3995,61.1438,299.3940,0,U,38829,999,67566,.27890017E-3,.451E-5,0
FENGYUN 1C DEB,1999-025EVY,2026-08-16T09:11:51.055584,14.05281242,.00872571,99.2481,282.6892,80.9924,280.1106,0,U,38832,999,67221,.47646707E-3,.752E-5,0
FENGYUN 1C DEB,1999-025EWE,2026-08-13T08:30:43.114752,13.85271904,.01726703,99.1694,10.4156,48.7471,312.8416,0,U,39537,999,62628,.47918006E-3,.569E-5,0
FENGYUN 1C DEB,1999-025EWH,2026-08-04T05:21:50.081184,13.37807072,.0397611,106.1924,225.8604,256.0479,166.7128,0,U,39540,999,72233,.15611E-2,.1205E-4,0
FENGYUN 1C DEB,1999-025EWJ,2026-08-13T09:12:36.727488,14.20959870,.0072263,98.6543,267.7363,89.1567,271.7889,0,U,39541,999,62462,.2462841E-3,.505E-5,0
FENGYUN 1C DEB,1999-025EWL,2026-08-15T18:35:33.642816,13.70690500,.03363965,99.0216,248.1702,214.2512,143.6527,0,U,39543,999,52555,.40105055E-3,.49E-5,0
FENGYUN 1C DEB,1999-025EWM,2026-07-26T10:34:12.487584,14.05827482,.00553252,98.7145,83.3416,93.7973,266.9524,0,U,39544,999,60026,.4934005E-3,.776E-5,0
FENGYUN 1C DEB,1999-025EWU,2026-08-13T14:17:26.374560,13.84057400,.01430911,98.9999,9.5167,95.0640,266.6866,0,U,40688,999,33290,.12506459E-3,.11E-5,0
FENGYUN 1C DEB,1999-025EWV,2026-08-16T11:48:40.445856,13.65453395,.03069125,99.1190,137.1953,179.8921,180.2343,0,U,40689,999,58250,.64359373E-3,.684E-5,0
FENGYUN 1C DEB,1999-025EWX,2026-08-11T08:12:33.850080,13.90055078,.01289756,99.0313,253.9137,15.4750,345.0296,0,U,40691,999,58792,.62408337E-4,.39E-6,0
FENGYUN 1C DEB,1999-025EXB,2026-08-10T22:58:42.286368,14.51866468,.02777995,99.4565,16.0035,336.7900,22.0941,0,U,40695,999,35365,.385772E-4,.175E-5,0
FENGYUN 1C DEB,1999-025EXC,2026-07-23T04:46:32.879424,13.96852578,.00807399,98.9753,190.4418,104.4955,256.5182,0,U,40696,999,58785,.61968628E-4,.46E-6,0
FENGYUN 1C DEB,1999-025EXD,2026-08-13T10:42:22.242528,14.04935444,.00564174,99.1057,296.7354,301.1150,58.4489,0,U,40999,999,84982,.11092012E-3,.135E-5,0
FENGYUN 1C DEB,1999-025EXH,2026-08-17T02:53:38.614848,14.87091620,.005098,98.9651,182.0108,229.7476,129.9272,0,U,41003,999,56080,.16533969E-2,.15154E-3,0
FENGYUN 1C DEB,1999-025EXK,2026-08-14T19:28:09.024384,13.51571925,.05689194,98.9396,247.0784,185.4572,174.0188,0,U,41005,999,55690,.39711246E-3,.683E-5,0
FENGYUN 1C DEB,1999-025EXL,2026-08-10T00:43:14.989440,13.86789128,.01790563,102.3639,174.0400,158.0282,202.8662,0,U,41006,999,60818,.11589007E-2,.1465E-4,0
FENGYUN 1C DEB,1999-025EXM,2026-08-02T22:08:39.327360,13.86577518,.01726031,99.9539,261.5142,152.9104,208.1187,0,U,41007,999,60629,.12923202E-2,.164E-4,0
FENGYUN 1C DEB,1999-025EXN,2026-08-08T04:50:10.583232,13.61448339,.05000987,99.3473,7.7564,262.1944,92.2167,0,U,41008,999,59689,.20960628E-3,.322E-5,0
FENGYUN 1C DEB,1999-025EXP,2026-08-06T06:35:22.085952,14.54837222,.00138263,99.2013,221.1403,93.2919,266.9857,0,U,41009,999,62422,.10576744E-2,.4493E-4,0
FENGYUN 1C DEB,1999-025EXR,2026-08-16T22:54:35.506368,14.44512067,.03043396,99.1379,297.9021,346.2269,13.0750,0,U,41011,999,60724,.17944819E-3,.1023E-4,0
FENGYUN 1C DEB,1999-025EXW,2026-08-10T10:33:12.276288,14.13471169,.01439938,98.2547,285.3601,202.7088,156.7675,0,U,41016,999,63408,.84771292E-3,.1721E-4,0
FENGYUN 1C DEB,1999-025EXY,2026-08-16T13:46:59.872512,13.53040614,.03036612,99.9398,178.9450,228.7055,128.7573,0,U,41018,999,91512,.58749479E-3,.478E-5,0
FENGYUN 1C DEB,1999-025EXZ,2026-08-17T03:41:59.769600,14.26296350,.00534465,98.7162,299.0953,220.1246,139.5982,0,U,41822,999,50898,.72779297E-3,.1729E-4,0
FENGYUN 1C DEB,1999-025EYA,2026-08-17T03:57:59.768640,14.24876432,.0052911,98.7025,295.3229,229.5681,130.0877,0,U,41823,999,50880,.64751243E-3,.149E-4,0
FENGYUN 1C DEB,1999-025EYB,2026-08-17T03:21:11.716416,14.25627276,.00552137,98.7149,296.5997,228.0132,131.6337,0,U,41824,999,50883,.7031032E-3,.1648E-4,0
FENGYUN 1C DEB,1999-025EYC,2026-08-17T10:03:44.153856,14.26623627,.005375,98.7276,302.6147,219.4600,140.2660,0,U,41825,999,50878,.76005937E-3,.1819E-4,0
FENGYUN 1C DEB,1999-025EYD,2026-08-15T03:34:18.194016,14.25090168,.00536788,98.7176,296.2646,230.6567,128.9849,0,U,41826,999,50854,.57915923E-3,.1334E-4,0
FENGYUN 1C DEB,1999-025EYE,2026-08-16T15:20:01.722048,14.26824384,.00566423,98.7284,302.1066,215.9397,143.7969,0,U,41827,999,50850,.74670534E-3,.1797E-4,0
FENGYUN 1C DEB,1999-025EYF,2026-08-16T22:03:42.966720,14.59834757,.00353589,98.9221,19.0297,143.9685,216.3906,0,U,41828,999,51061,.20541273E-2,.9866E-4,0
FENGYUN 1C DEB,1999-025EYG,2026-08-16T17:04:34.867488,14.26631909,.00544692,98.7307,302.1671,219.0863,140.6377,0,U,41829,999,50827,.67911614E-3,.1622E-4,0
FENGYUN 1C DEB,1999-025EYH,2026-08-17T03:08:24.328896,14.28132785,.00525343,98.7404,306.1789,214.6840,145.0911,0,U,41830,999,50803,.75585147E-3,.1863E-4,0
FENGYUN 1C DEB,1999-025EYJ,2026-08-17T03:51:58.648608,14.26079033,.0054216,98.7192,299.7195,221.2956,138.4119,0,U,41831,999,50784,.76713024E-3,.1818E-4,0
FENGYUN 1C DEB,1999-025EYK,2026-08-17T03:19:04.096704,14.25707030,.00535416,98.7127,296.5723,225.6683,134.0102,0,U,41832,999,50874,.7788585E-3,.1832E-4,0
FENGYUN 1C DEB,1999-025EYL,2026-08-17T10:27:35.891712,14.27482013,.00522265,98.7341,303.6511,221.1141,138.6099,0,U,41833,999,50896,.77121614E-3,.1877E-4,0
FENGYUN 1C DEB,1999-025EYM,2026-08-16T03:33:01.234080,14.25260144,.00528117,98.7188,295.9512,231.3513,128.2934,0,U,43213,999,43881,.63382936E-3,.1468E-4,0
FENGYUN 1C DEB,1999-025EYN,2026-08-16T16:08:37.653792,14.25575188,.00530861,98.7203,296.9475,228.9720,130.6864,0,U,43214,999,43920,.68011801E-3,.1589E-4,0
FENGYUN 1C DEB,1999-025EYP,2026-08-17T05:29:10.899168,13.40952116,.03596557,98.6935,319.9078,296.7801,59.6962,0,U,43358,999,57047,.1039934E-2,.802E-5,0
FENGYUN 1C DEB,1999-025EYQ,2026-08-17T04:51:53.165952,14.25399964,.00720518,99.0477,321.5572,25.6215,334.8505,0,U,43359,999,51272,.85141381E-3,.2017E-4,0
FENGYUN 1C DEB,1999-025EYR,2026-08-17T04:01:27.091488,14.27701278,.00519347,98.7505,306.4879,221.1606,138.5653,0,U,45526,999,46905,.83636382E-3,.2048E-4,0
FENGYUN 1C DEB,1999-025EYS,2026-08-17T03:52:07.272192,14.25994578,.00530561,98.7232,299.5775,225.9972,133.6829,0,U,45527,999,43104,.71702108E-3,.1692E-4,0
FENGYUN 1C DEB,1999-025EYU,2026-08-14T17:06:51.722496,14.22608724,.0121745,98.5460,211.1123,55.2218,306.0348,0,U,46439,999,63846,.12627037E-3,.263E-5,0
FENGYUN 1C DEB,1999-025EYV,2026-08-10T06:29:08.055168,14.20662473,.01762156,98.5765,247.3376,158.5689,268.2858,0,U,46440,999,65784,.95187468E-4,.197E-5,0
FENGYUN 1C DEB,1999-025EYY,2026-08-17T04:23:55.513824,14.12345978,.00960656,99.2027,307.4922,24.2560,4.6701,0,U,46443,999,63087,.68447283E-3,.1271E-4,0
FENGYUN 1C DEB,1999-025EYZ,2026-08-16T18:41:04.479648,14.27757979,.00837601,98.5190,229.4937,146.1014,28.5194,0,U,46444,999,66106,.23309069E-3,.555E-5,0
FENGYUN 1C DEB,1999-025EZE,2026-08-04T07:25:16.316832,14.19616940,.02012266,98.6187,249.8562,313.8335,44.6358,0,U,46449,999,60964,.24682109E-3,.591E-5,0
FENGYUN 1C DEB,1999-025EZF,2026-08-14T19:20:00.318336,14.05281050,.01812327,98.0663,61.6183,80.3133,281.8456,0,U,46450,999,64559,.70776766E-3,.1292E-4,0
FENGYUN 1C DEB,1999-025EZG,2026-08-15T18:29:14.969760,14.23347012,.01640792,98.1453,233.4673,182.1541,353.8751,0,U,46451,999,60503,.95856417E-3,.2457E-4,0
FENGYUN 1C DEB,1999-025EZK,2026-08-17T05:27:30.113568,14.26559268,.00430732,98.8803,325.1974,231.9858,157.2456,0,U,46468,999,77343,.1061749E-2,.2541E-4,0
FENGYUN 1C DEB,1999-025EZL,2026-08-15T19:25:22.594656,14.47928981,.01041269,98.2189,249.9188,179.7939,180.3316,0,U,46986,999,66960,.17224442E-3,.637E-5,0
FENGYUN 1C DEB,1999-025EZM,2026-08-09T15:54:25.007616,14.48421431,.0029138,98.9169,9.4154,348.1496,11.9006,0,U,46987,999,60810,.9764843E-3,.3629E-4,0
FENGYUN 1C DEB,1999-025EZP,2026-08-14T16:58:27.685632,13.81875983,.02334128,99.5248,35.2822,54.3871,319.4491,0,U,46989,999,74423,.13136509E-2,.1689E-4,0
FENGYUN 1C DEB,1999-025EZQ,2026-08-12T19:02:29.180256,14.31682048,.03324012,98.2184,60.5427,59.2727,4.1719,0,U,46990,999,11999,.1056351E-2,.5152E-4,0
FENGYUN 1C DEB,1999-025EZS,2026-08-14T16:06:28.641312,14.01009421,.0070629,98.9490,212.8098,201.3585,158.4629,0,U,46992,999,64386,.31135403E-3,.433E-5,0
FENGYUN 1C DEB,1999-025EZT,2026-08-10T01:41:39.078816,13.69372239,.02628148,98.7392,323.3318,23.2791,98.0136,0,U,46993,999,63546,.76947661E-4,.47E-6,0
FENGYUN 1C DEB,1999-025EZV,2026-08-16T15:14:44.986560,13.87667173,.0186953,98.5902,295.8666,160.8180,200.0142,0,U,46995,999,63891,.13080899E-2,.1741E-4,0
FENGYUN 1C DEB,1999-025EZX,2026-08-14T21:20:22.553088,14.29137814,.00240482,98.5390,267.2725,338.9493,197.0002,0,U,46997,999,65951,.42181514E-3,.103E-4,0
FENGYUN 1C DEB,1999-025FAB,2026-07-27T10:37:49.477728,14.40494628,.00520925,99.2901,290.5090,107.3449,253.3444,0,U,47001,999,77176,.1410062E-2,.451E-4,0
FENGYUN 1C DEB,1999-025FAD,2026-08-08T13:00:59.931648,13.42945139,.0332203,98.8568,128.7806,177.6287,182.6516,0,U,47003,999,68511,.26767E-3,.176E-5,0
FENGYUN 1C DEB,1999-025FAF,2026-08-16T02:11:28.872960,14.12988063,.00589605,99.6009,339.2845,278.9660,257.1513,0,U,47005,999,86244,.1002803E-2,.185E-4,0
FENGYUN 1C DEB,1999-025FAG,2026-07-21T09:32:22.068096,13.98457742,.00827042,99.1727,265.8556,190.6655,169.2757,0,U,47006,999,85851,.49428665E-3,.683E-5,0
FENGYUN 1C DEB,1999-025FAH,2026-08-17T07:56:53.004192,13.99126507,.02335391,98.1934,70.4924,75.2873,287.4051,0,U,47007,999,82309,.11119389E-2,.2E-4,0
FENGYUN 1C DEB,1999-025FAK,2026-08-15T03:32:49.119072,13.37433422,.03534499,98.9659,187.0263,7.9511,352.7023,0,U,47009,999,62089,.11524448E-3,.49E-6,0
FENGYUN 1C DEB,1999-025FAN,2026-08-07T21:45:16.334784,13.78131648,.0162852,98.7261,84.7270,143.8072,217.4232,0,U,47012,999,57853,.21288E-3,.198E-5,0
FENGYUN 1C DEB,1999-025FAR,2026-08-16T12:08:50.448480,14.91276406,.01644616,98.6845,314.5887,37.5215,323.7346,0,U,47015,999,68055,.31628749E-3,.4003E-4,0
FENGYUN 1C DEB,1999-025FBB,2026-08-16T02:51:06.443712,14.49412844,.00384842,99.0224,96.3763,344.7633,167.1647,0,U,47025,999,66307,.83660717E-3,.3179E-4,0
FENGYUN 1C DEB,1999-025FBF,2026-08-16T20:59:42.045216,15.14503697,.00946902,98.9288,275.3123,253.6605,105.4194,0,U,47029,999,6798,.91628499E-3,.18818E-3,0
FENGYUN 1C DEB,1999-025FBN,2026-07-28T09:16:38.229312,14.15301923,.00681648,98.6922,252.3778,165.8434,207.7982,0,U,47036,999,63147,.13191352E-3,.22E-5,0
FENGYUN 1C DEB,1999-025FBS,2026-08-17T13:52:30.010368,14.06868774,.00624859,100.2993,175.2431,290.3665,69.0793,0,U,47040,999,92593,.26184968E-3,.388E-5,0
FENGYUN 1C DEB,1999-025FBT,2026-08-16T09:39:23.200704,15.29080345,.00100594,98.2282,281.5295,86.7901,285.7764,0,U,47041,999,74930,.1544739E-2,.438E-3,0
FENGYUN 1C DEB,1999-025FBU,2026-08-05T12:18:28.619136,14.23085846,.00556187,98.9833,124.9916,77.1958,97.2616,0,U,47042,999,65874,.13654346E-3,.267E-5,0
FENGYUN 1C DEB,1999-025FBY,2026-08-17T13:08:41.980704,14.55199835,.00831017,99.0168,73.0691,328.3930,31.2288,0,U,47100,999,30368,.66865884E-3,.2972E-4,0
FENGYUN 1C DEB,1999-025FBZ,2026-08-12T09:43:19.642080,14.22205259,.01077391,98.8183,289.4070,84.0144,277.3300,0,U,47101,999,38106,.10668333E-2,.2468E-4,0
FENGYUN 1C DEB,1999-025FCA,2026-08-07T01:15:28.079712,14.18144296,.01181242,98.4449,151.0343,85.5106,336.1105,0,U,47102,999,65303,.56038389E-3,.1193E-4,0
FENGYUN 1C DEB,1999-025FCG,2026-08-14T08:49:23.746080,14.11207177,.0129144,99.2608,200.0382,135.1849,225.9838,0,U,48518,999,63618,.82342E-3,.156E-4,0
FENGYUN 1C DEB,1999-025FCJ,2026-08-09T17:27:29.107008,14.01265935,.01332648,98.7234,46.2205,241.2288,117.5439,0,U,49389,999,26208,.11935688E-2,.1898E-4,0
